Id,LotFrontage,LotArea,LotArea - delete,LotConfig,BldgType,HouseStyle,OverallQual,OverallCond,YearBuilt,YearRemodAdd,Exterior1st,Exterior2nd,MasVnrType,MasVnrArea,ExterQual,ExterCond,Foundation,BsmtQual,BsmtCond,BsmtExposure,BsmtFinType1,BsmtFinSF1,BsmtFinSF2,BsmtUnfSF,TotalBsmtSF,CentralAir,Electrical,1stFlrSF,2ndFlrSF,LowQualFinSF,GrLivArea,BsmtFullBath,BsmtHalfBath,FullBath,HalfBath,BedroomAbvGr,KitchenAbvGr,KitchenQual,TotRmsAbvGrd,Functional,Fireplaces,FireplaceQu,GarageYrBlt,GarageFinish,GarageCars,GarageArea,GarageQual,WoodDeckSF,OpenPorchSF,EnclosedPorch,3SsnPorch,ScreenPorch,PoolArea,MiscFeature,MiscVal,MoSold,YrSold,SalePrice
1,65,8450.912428,8450,Inside,1Fam,2Story,7,5,2003,2003,VinylSd,VinylSd,BrkFace,196,Gd,TA,PConc,Gd,TA,No,GLQ,706,0,150,856,Y,SBrkr,856,854,0,1710,1,0,2,1,3,1,Gd,8,Typ,0,NA,2003,RFn,2,548,TA,0,61,0,0,0,0,NA,0,2,2008,208500
2,80,9600.786104,9600,FR2,1Fam,1Story,6,8,1976,1976,MetalSd,MetalSd,None,0,TA,TA,CBlock,Gd,TA,Gd,ALQ,978,0,284,1262,Y,SBrkr,1262,0,0,1262,0,1,2,0,3,1,TA,6,Typ,1,TA,1976,RFn,2,460,TA,298,0,0,0,0,0,NA,0,5,2007,181500
3,68,11250.47976,11250,Inside,1Fam,2Story,7,5,2001,2002,VinylSd,VinylSd,BrkFace,162,Gd,TA,PConc,Gd,TA,Mn,GLQ,486,0,434,920,Y,SBrkr,920,866,0,1786,1,0,2,1,3,1,Gd,6,Typ,1,TA,2001,RFn,2,608,TA,0,42,0,0,0,0,NA,0,9,2008,223500
4,60,9550.56827,9550,Corner,1Fam,2Story,7,5,1915,1970,Wd Sdng,Wd Shng,None,0,TA,TA,BrkTil,TA,Gd,No,ALQ,216,0,540,756,Y,SBrkr,961,756,0,1717,1,0,1,0,3,1,Gd,7,Typ,1,Gd,1998,Unf,3,642,TA,0,35,272,0,0,0,NA,0,2,2006,140000
5,84,14260.39506,14260,FR2,1Fam,2Story,8,5,2000,2000,VinylSd,VinylSd,BrkFace,350,Gd,TA,PConc,Gd,TA,Av,GLQ,655,0,490,1145,Y,SBrkr,1145,1053,0,2198,1,0,2,1,4,1,Gd,9,Typ,1,TA,2000,RFn,3,836,TA,192,84,0,0,0,0,NA,0,12,2008,250000
6,85,14115.94021,14115,Inside,1Fam,1.5Fin,5,5,1993,1995,VinylSd,VinylSd,None,0,TA,TA,Wood,Gd,TA,No,GLQ,732,0,64,796,Y,SBrkr,796,566,0,1362,1,0,1,1,1,1,TA,5,Typ,0,NA,1993,Unf,2,480,TA,40,30,0,320,0,0,Shed,700,10,2009,143000
7,75,10084.4549,10084,Inside,1Fam,1Story,8,5,2004,2005,VinylSd,VinylSd,Stone,186,Gd,TA,PConc,Ex,TA,Av,GLQ,1369,0,317,1686,Y,SBrkr,1694,0,0,1694,1,0,2,0,3,1,Gd,7,Typ,1,Gd,2004,RFn,2,636,TA,255,57,0,0,0,0,NA,0,8,2007,307000
8,,10382.05628,10382,Corner,1Fam,2Story,7,6,1973,1973,HdBoard,HdBoard,Stone,240,TA,TA,CBlock,Gd,TA,Mn,ALQ,859,32,216,1107,Y,SBrkr,1107,983,0,2090,1,0,2,1,3,1,TA,7,Typ,2,TA,1973,RFn,2,484,TA,235,204,228,0,0,0,Shed,350,11,2009,200000
9,51,6120.996806,6120,Inside,1Fam,1.5Fin,7,5,1931,1950,BrkFace,Wd Shng,None,0,TA,TA,BrkTil,TA,TA,No,Unf,0,0,952,952,Y,FuseF,1022,752,0,1774,0,0,2,0,2,2,TA,8,Min1,2,TA,1931,Unf,2,468,Fa,90,0,205,0,0,0,,0,4,2008,129900
10,50,7420.575485,7420,Corner,2fmCon,1.5Unf,5,6,1939,1950,MetalSd,MetalSd,None,0,TA,TA,BrkTil,TA,TA,No,GLQ,851,0,140,991,Y,SBrkr,1077,0,0,1077,1,0,1,0,2,2,TA,5,Typ,2,TA,1939,RFn,1,205,Gd,0,4,0,0,0,0,NA,0,1,2008,118000
11,70,11200.60042,11200,Inside,1Fam,1Story,5,5,1965,1965,HdBoard,HdBoard,None,0,TA,TA,CBlock,TA,TA,No,Rec,906,0,134,1040,Y,SBrkr,1040,0,0,1040,1,0,1,0,3,1,TA,5,Typ,0,NA,1965,Unf,1,384,TA,0,0,0,0,0,0,NA,0,2,2008,129500
12,85,11924.2483,11924,Inside,1Fam,2Story,9,5,2005,2006,WdShing,Wd Shng,Stone,286,Ex,TA,PConc,Ex,TA,No,GLQ,998,0,177,1175,Y,SBrkr,1182,1142,0,2324,1,0,3,0,4,1,Ex,11,Typ,2,Gd,2005,Fin,3,736,TA,147,21,0,0,0,0,NA,0,7,2006,345000
13,,12968.17934,12968,Inside,1Fam,1Story,5,6,1962,1962,HdBoard,Plywood,None,0,TA,TA,CBlock,TA,TA,No,ALQ,737,0,175,912,Y,SBrkr,912,0,0,912,1,0,1,0,2,1,TA,4,Typ,0,NA,1962,Unf,1,352,TA,140,0,0,0,176,0,NA,0,9,2008,144000
14,91,10652.74229,10652,Inside,1Fam,1Story,7,5,2006,2007,VinylSd,VinylSd,Stone,306,Gd,TA,PConc,Gd,TA,Av,Unf,0,0,1494,1494,Y,SBrkr,1494,0,0,1494,0,0,2,0,3,1,Gd,7,Typ,1,Gd,2006,RFn,3,840,TA,160,33,0,0,0,0,NA,0,8,2007,279500
15,,10920.81579,10920,Corner,1Fam,1Story,6,5,1960,1960,MetalSd,MetalSd,BrkFace,212,TA,TA,CBlock,TA,TA,No,BLQ,733,0,520,1253,Y,SBrkr,1253,0,0,1253,1,0,1,1,2,1,TA,5,Typ,1,Fa,1960,RFn,1,352,TA,0,213,176,0,0,0,NA,0,5,2008,157000
16,51,6120.064069,6120,Corner,1Fam,1.5Unf,7,8,1929,2001,Wd Sdng,Wd Sdng,None,0,TA,TA,BrkTil,TA,TA,No,Unf,0,0,832,832,Y,FuseA,854,0,0,854,0,0,1,0,2,1,TA,5,Typ,0,NA,1991,Unf,2,576,TA,48,112,0,0,0,0,NA,0,7,2007,132000
17,,11241.86856,11241,CulDSac,1Fam,1Story,6,7,1970,1970,Wd Sdng,Wd Sdng,BrkFace,180,TA,TA,CBlock,TA,TA,No,ALQ,578,0,426,1004,Y,SBrkr,1004,0,0,1004,1,0,1,0,2,1,TA,5,Typ,1,TA,1970,Fin,2,480,TA,0,0,0,0,0,0,Shed,700,3,2010,149000
18,72,10791.16942,10791,Inside,Duplex,1Story,4,5,1967,1967,MetalSd,MetalSd,None,0,TA,TA,Slab,NA,NA,NA,NA,0,0,0,0,Y,SBrkr,1296,0,0,1296,0,0,2,0,2,2,TA,6,Typ,0,NA,1967,Unf,2,516,TA,0,0,0,0,0,0,Shed,500,10,2006,90000
19,66,13695.89452,13695,Inside,1Fam,1Story,5,5,2004,2004,VinylSd,VinylSd,None,0,TA,TA,PConc,TA,TA,No,GLQ,646,0,468,1114,Y,SBrkr,1114,0,0,1114,1,0,1,1,3,1,Gd,6,Typ,0,NA,2004,Unf,2,576,TA,0,102,0,0,0,0,NA,0,6,2008,159000
20,70,7560.860149,7560,Inside,1Fam,1Story,5,6,1958,1965,BrkFace,Plywood,None,0,TA,TA,CBlock,TA,TA,No,LwQ,504,0,525,1029,Y,SBrkr,1339,0,0,1339,0,0,1,0,3,1,TA,6,Min1,0,NA,1958,Unf,1,294,TA,0,0,0,0,0,0,NA,0,5,2009,139000
21,101,14215.85515,14215,Corner,1Fam,2Story,8,5,2005,2006,VinylSd,VinylSd,BrkFace,380,Gd,TA,PConc,Ex,TA,Av,Unf,0,0,1158,1158,Y,SBrkr,1158,1218,0,2376,0,0,3,1,4,1,Gd,9,Typ,1,Gd,2005,RFn,3,853,TA,240,154,0,0,0,0,NA,0,11,2006,325300
22,57,7449.882278,7449,Inside,1Fam,1.5Unf,7,7,1930,1950,Wd Sdng,Wd Sdng,None,0,TA,TA,PConc,TA,TA,No,Unf,0,0,637,637,Y,FuseF,1108,0,0,1108,0,0,1,0,3,1,Gd,6,Typ,1,Gd,1930,Unf,1,280,TA,0,0,205,0,0,0,NA,0,6,2007,139400
23,75,9742.226308,9742,Inside,1Fam,1Story,8,5,2002,2002,VinylSd,VinylSd,BrkFace,281,Gd,TA,PConc,Gd,TA,No,Unf,0,0,1777,1777,Y,SBrkr,1795,0,0,1795,0,0,2,0,3,1,Gd,7,Typ,1,Gd,2002,RFn,2,534,TA,171,159,0,0,0,0,NA,0,9,2008,230000
24,44,4224.628977,4224,Inside,TwnhsE,1Story,5,7,1976,1976,CemntBd,CmentBd,None,0,TA,TA,PConc,Gd,TA,No,GLQ,840,0,200,1040,Y,SBrkr,1060,0,0,1060,1,0,1,0,3,1,TA,6,Typ,1,TA,1976,Unf,2,572,TA,100,110,0,0,0,0,NA,0,6,2007,129900
25,,8246.739409,8246,Inside,1Fam,1Story,5,8,1968,2001,Plywood,Plywood,None,0,TA,Gd,CBlock,TA,TA,Mn,Rec,188,668,204,1060,Y,SBrkr,1060,0,0,1060,1,0,1,0,3,1,Gd,6,Typ,1,TA,1968,Unf,1,270,TA,406,90,0,0,0,0,NA,0,5,2010,154000
26,110,14230.95621,14230,Corner,1Fam,1Story,8,5,2007,2007,VinylSd,VinylSd,Stone,640,Gd,TA,PConc,Gd,TA,No,Unf,0,0,1566,1566,Y,SBrkr,1600,0,0,1600,0,0,2,0,3,1,Gd,7,Typ,1,Gd,2007,RFn,3,890,TA,0,56,0,0,0,0,NA,0,7,2009,256300
27,60,7200.004258,7200,Corner,1Fam,1Story,5,7,1951,2000,Wd Sdng,Wd Sdng,None,0,TA,TA,CBlock,TA,TA,Mn,BLQ,234,486,180,900,Y,SBrkr,900,0,0,900,0,1,1,0,3,1,Gd,5,Typ,0,NA,2005,Unf,2,576,TA,222,32,0,0,0,0,NA,0,5,2010,134800
28,98,11478.10966,11478,Inside,1Fam,1Story,8,5,2007,2008,VinylSd,VinylSd,Stone,200,Gd,TA,PConc,Ex,TA,No,GLQ,1218,0,486,1704,Y,SBrkr,1704,0,0,1704,1,0,2,0,3,1,Gd,7,Typ,1,Gd,2008,RFn,3,772,TA,0,50,0,0,0,0,NA,0,5,2010,306000
29,47,16321.60292,16321,CulDSac,1Fam,1Story,5,6,1957,1997,MetalSd,MetalSd,None,0,TA,TA,CBlock,TA,TA,Gd,BLQ,1277,0,207,1484,Y,SBrkr,1600,0,0,1600,1,0,1,0,2,1,TA,6,Typ,2,Gd,1957,RFn,1,319,TA,288,258,0,0,0,0,NA,0,12,2006,207500
30,60,6324.486641,6324,Inside,1Fam,1Story,4,6,1927,1950,MetalSd,MetalSd,None,0,TA,TA,BrkTil,TA,TA,No,Unf,0,0,520,520,N,SBrkr,520,0,0,520,0,0,1,0,1,1,Fa,4,Typ,0,NA,1920,Unf,1,240,Fa,49,0,87,0,0,0,NA,0,5,2008,68500
31,50,8500.005113,8500,Inside,1Fam,2Story,4,4,1920,1950,BrkFace,BrkFace,None,0,TA,Fa,BrkTil,TA,TA,No,Unf,0,0,649,649,N,SBrkr,649,668,0,1317,0,0,1,0,3,1,TA,6,Typ,0,NA,1920,Unf,1,250,TA,0,54,172,0,0,0,NA,0,7,2008,40000
32,,8544.093564,8544,CulDSac,1Fam,1Story,5,6,1966,2006,HdBoard,HdBoard,None,0,TA,TA,CBlock,TA,TA,No,Unf,0,0,1228,1228,Y,SBrkr,1228,0,0,1228,0,0,1,1,3,1,Gd,6,Typ,0,NA,1966,Unf,1,271,TA,0,65,0,0,0,0,NA,0,6,2008,149350
33,85,11049.89945,11049,Corner,1Fam,1Story,8,5,2007,2007,VinylSd,VinylSd,None,0,Gd,TA,PConc,Ex,TA,Av,Unf,0,0,1234,1234,Y,SBrkr,1234,0,0,1234,0,0,2,0,3,1,Gd,7,Typ,0,NA,2007,RFn,2,484,TA,0,30,0,0,0,0,NA,0,1,2008,179900
34,70,10552.86223,10552,Inside,1Fam,1Story,5,5,1959,1959,BrkFace,BrkFace,None,0,TA,TA,CBlock,TA,TA,No,Rec,1018,0,380,1398,Y,SBrkr,1700,0,0,1700,0,1,1,1,4,1,Gd,6,Typ,1,Gd,1959,RFn,2,447,TA,0,38,0,0,0,0,NA,0,4,2010,165500
35,60,7313.023288,7313,Inside,TwnhsE,1Story,9,5,2005,2005,MetalSd,MetalSd,BrkFace,246,Ex,TA,PConc,Ex,TA,No,GLQ,1153,0,408,1561,Y,SBrkr,1561,0,0,1561,1,0,2,0,2,1,Ex,6,Typ,1,Gd,2005,Fin,2,556,TA,203,47,0,0,0,0,NA,0,8,2007,277500
36,108,13418.04091,13418,Inside,1Fam,2Story,8,5,2004,2005,VinylSd,VinylSd,Stone,132,Gd,TA,PConc,Ex,TA,Av,Unf,0,0,1117,1117,Y,SBrkr,1132,1320,0,2452,0,0,3,1,4,1,Gd,9,Typ,1,Gd,2004,Fin,3,691,TA,113,32,0,0,0,0,NA,0,9,2006,309000
37,112,10859.02335,10859,Corner,1Fam,1Story,5,5,1994,1995,VinylSd,VinylSd,None,0,TA,TA,PConc,Gd,TA,No,Unf,0,0,1097,1097,Y,SBrkr,1097,0,0,1097,0,0,1,1,3,1,TA,6,Typ,0,NA,1995,Unf,2,672,TA,392,64,0,0,0,0,NA,0,6,2009,145000
38,74,8532.338594,8532,Inside,1Fam,1Story,5,6,1954,1990,Wd Sdng,Wd Sdng,BrkFace,650,TA,TA,CBlock,TA,TA,No,Rec,1213,0,84,1297,Y,SBrkr,1297,0,0,1297,0,1,1,0,3,1,TA,5,Typ,1,TA,1954,Fin,2,498,TA,0,0,0,0,0,0,NA,0,10,2009,153000
39,68,7922.208334,7922,Inside,1Fam,1Story,5,7,1953,2007,VinylSd,VinylSd,None,0,TA,Gd,CBlock,TA,TA,No,GLQ,731,0,326,1057,Y,SBrkr,1057,0,0,1057,1,0,1,0,3,1,Gd,5,Typ,0,NA,1953,Unf,1,246,TA,0,52,0,0,0,0,NA,0,1,2010,109000
40,65,6040.36363,6040,Inside,Duplex,1Story,4,5,1955,1955,AsbShng,Plywood,None,0,TA,TA,PConc,NA,NA,NA,NA,0,0,0,0,N,FuseP,1152,0,0,1152,0,0,2,0,2,2,Fa,6,Typ,0,NA,NA,NA,0,0,NA,0,0,0,0,0,0,NA,0,6,2008,82000
41,84,8658.63547,8658,Inside,1Fam,1Story,6,5,1965,1965,Wd Sdng,Wd Sdng,BrkFace,101,TA,TA,CBlock,TA,TA,No,Rec,643,0,445,1088,Y,SBrkr,1324,0,0,1324,0,0,2,0,3,1,TA,6,Typ,1,TA,1965,RFn,2,440,TA,0,138,0,0,0,0,NA,0,12,2006,160000
42,115,16905.72733,16905,Inside,1Fam,1Story,5,6,1959,1959,VinylSd,VinylSd,None,0,TA,Gd,CBlock,TA,TA,Gd,BLQ,967,0,383,1350,Y,SBrkr,1328,0,0,1328,0,1,1,1,2,1,TA,5,Typ,2,Gd,1959,RFn,1,308,TA,0,104,0,0,0,0,NA,0,7,2007,170000
43,,9180.880705,9180,CulDSac,1Fam,SFoyer,5,7,1983,1983,HdBoard,HdBoard,None,0,TA,TA,CBlock,Gd,TA,Av,ALQ,747,93,0,840,Y,SBrkr,884,0,0,884,1,0,1,0,2,1,Gd,5,Typ,0,NA,1983,RFn,2,504,TA,240,0,0,0,0,0,NA,0,12,2007,144000
44,,9200.375464,9200,CulDSac,1Fam,1Story,5,6,1975,1980,VinylSd,VinylSd,None,0,TA,TA,CBlock,Gd,TA,Av,LwQ,280,491,167,938,Y,SBrkr,938,0,0,938,1,0,1,0,3,1,TA,5,Typ,0,NA,1977,Unf,1,308,TA,145,0,0,0,0,0,NA,0,7,2008,130250
45,70,7945.105411,7945,Inside,1Fam,1Story,5,6,1959,1959,BrkFace,Wd Sdng,None,0,TA,TA,CBlock,TA,TA,No,ALQ,179,506,465,1150,Y,FuseA,1150,0,0,1150,1,0,1,0,3,1,TA,6,Typ,0,NA,1959,RFn,1,300,TA,0,0,0,0,0,0,NA,0,5,2006,141000
46,61,7658.739,7658,Inside,TwnhsE,1Story,9,5,2005,2005,MetalSd,MetalSd,BrkFace,412,Ex,TA,PConc,Ex,TA,No,GLQ,456,0,1296,1752,Y,SBrkr,1752,0,0,1752,1,0,2,0,2,1,Ex,6,Typ,1,Gd,2005,RFn,2,576,TA,196,82,0,0,0,0,NA,0,2,2010,319900
47,48,12822.88212,12822,CulDSac,1Fam,1.5Fin,7,5,2003,2003,VinylSd,VinylSd,None,0,Gd,TA,PConc,Ex,TA,No,GLQ,1351,0,83,1434,Y,SBrkr,1518,631,0,2149,1,0,1,1,1,1,Gd,6,Typ,1,Ex,2003,RFn,2,670,TA,168,43,0,0,198,0,NA,0,8,2009,239686
48,84,11096.96192,11096,Inside,1Fam,1Story,8,5,2006,2006,VinylSd,VinylSd,None,0,Gd,TA,PConc,Gd,TA,Av,GLQ,24,0,1632,1656,Y,SBrkr,1656,0,0,1656,0,0,2,0,3,1,Gd,7,Typ,0,NA,2006,RFn,3,826,TA,0,146,0,0,0,0,NA,0,7,2007,249700
49,33,4456.362965,4456,Inside,2fmCon,2Story,4,5,1920,2008,MetalSd,MetalSd,None,0,TA,TA,BrkTil,TA,TA,No,Unf,0,0,736,736,Y,SBrkr,736,716,0,1452,0,0,2,0,2,3,TA,8,Typ,0,NA,NA,NA,0,0,NA,0,0,102,0,0,0,NA,0,6,2009,113000
50,66,7742.148252,7742,Inside,1Fam,1Story,5,7,1966,1966,HdBoard,HdBoard,None,0,TA,TA,CBlock,TA,TA,No,BLQ,763,0,192,955,Y,SBrkr,955,0,0,955,1,0,1,0,3,1,TA,6,Typ,0,NA,1966,Unf,1,386,TA,0,0,0,0,0,0,NA,0,1,2007,127000
51,,13869.15455,13869,Corner,1Fam,2Story,6,6,1997,1997,VinylSd,VinylSd,None,0,TA,TA,PConc,Gd,TA,Av,GLQ,182,0,612,794,Y,SBrkr,794,676,0,1470,0,1,2,0,3,1,TA,6,Typ,0,NA,1997,Fin,2,388,TA,0,75,0,0,0,0,NA,0,7,2007,177000
52,52,6240.480725,6240,Inside,1Fam,1.5Fin,6,6,1934,1950,Wd Sdng,Wd Sdng,None,0,TA,TA,PConc,TA,TA,No,Unf,0,0,816,816,Y,SBrkr,816,0,360,1176,0,0,1,0,3,1,TA,6,Typ,1,Gd,1985,Unf,2,528,TA,112,0,0,0,0,0,Shed,400,9,2006,114500
53,110,8472.042886,8472,Corner,Duplex,1Story,5,5,1963,1963,Wd Sdng,Wd Sdng,None,0,Fa,TA,CBlock,Gd,TA,Gd,LwQ,104,712,0,816,N,SBrkr,816,0,0,816,1,0,1,0,2,1,TA,5,Typ,0,NA,1963,Unf,2,516,TA,106,0,0,0,0,0,NA,0,5,2010,110000
54,68,50271.48572,50271,Inside,1Fam,1Story,9,5,1981,1987,WdShing,Wd Shng,None,0,Gd,TA,CBlock,Ex,TA,Gd,GLQ,1810,0,32,1842,Y,SBrkr,1842,0,0,1842,2,0,0,1,0,1,Gd,5,Typ,1,Gd,1981,Fin,3,894,TA,857,72,0,0,0,0,NA,0,11,2006,385000
55,60,7134.035712,7134,Inside,1Fam,SLvl,5,5,1955,1955,MetalSd,MetalSd,None,0,TA,TA,CBlock,TA,TA,No,ALQ,384,0,0,384,Y,SBrkr,1360,0,0,1360,0,0,1,0,3,1,TA,6,Min1,1,TA,1962,Unf,2,572,TA,0,50,0,0,0,0,NA,0,2,2007,130000
56,100,10175.26769,10175,Inside,1Fam,1Story,6,5,1964,1964,HdBoard,Plywood,BrkFace,272,TA,TA,CBlock,TA,TA,No,BLQ,490,0,935,1425,Y,SBrkr,1425,0,0,1425,0,0,2,0,3,1,TA,7,Typ,1,Gd,1964,RFn,2,576,TA,0,0,0,407,0,0,NA,0,7,2008,180500
57,24,2645.053899,2645,Inside,Twnhs,2Story,8,5,1999,2000,MetalSd,MetalSd,BrkFace,456,Gd,TA,PConc,Gd,TA,No,GLQ,649,0,321,970,Y,SBrkr,983,756,0,1739,1,0,2,1,3,1,Gd,7,Typ,0,NA,1999,Fin,2,480,TA,115,0,0,0,0,0,NA,0,8,2009,172500
58,89,11645.40349,11645,Corner,1Fam,2Story,7,5,2004,2004,VinylSd,VinylSd,None,0,Gd,TA,PConc,Gd,TA,No,Unf,0,0,860,860,Y,SBrkr,860,860,0,1720,0,0,2,1,3,1,Gd,7,Typ,0,NA,2004,RFn,2,565,TA,0,70,0,0,0,0,NA,0,8,2006,196500
59,66,13682.70932,13682,CulDSac,1Fam,2Story,10,5,2006,2006,VinylSd,VinylSd,BrkFace,1031,Ex,TA,PConc,Ex,TA,Gd,Unf,0,0,1410,1410,Y,SBrkr,1426,1519,0,2945,0,0,3,1,3,1,Gd,10,Typ,1,Gd,2006,Fin,3,641,TA,192,0,37,0,0,0,NA,0,10,2006,438780
60,60,7200.393383,7200,Inside,1Fam,1Story,5,7,1972,1972,HdBoard,HdBoard,None,0,TA,TA,CBlock,TA,TA,Av,ALQ,632,0,148,780,Y,SBrkr,780,0,0,780,0,0,1,0,2,1,TA,4,Typ,0,NA,1973,Unf,1,352,TA,196,0,0,0,0,0,NA,0,1,2008,124900
61,63,13072.60632,13072,Inside,1Fam,1Story,6,5,2004,2004,VinylSd,VinylSd,None,0,TA,TA,PConc,Gd,TA,No,ALQ,941,0,217,1158,Y,SBrkr,1158,0,0,1158,1,0,1,1,3,1,Gd,5,Typ,0,NA,2006,Unf,2,576,TA,0,50,0,0,0,0,NA,0,5,2006,158000
62,60,7200.209706,7200,Inside,1Fam,2.5Unf,5,7,1920,1996,MetalSd,MetalSd,None,0,TA,TA,BrkTil,TA,Fa,No,Unf,0,0,530,530,N,SBrkr,581,530,0,1111,0,0,1,0,3,1,Fa,6,Typ,0,NA,1935,Unf,1,288,TA,0,0,144,0,0,0,NA,0,3,2007,101000
63,44,6442.354562,6442,Inside,TwnhsE,1Story,8,5,2006,2006,VinylSd,VinylSd,Stone,178,Gd,TA,PConc,Gd,Gd,Mn,GLQ,24,0,1346,1370,Y,SBrkr,1370,0,0,1370,0,0,2,0,2,1,Gd,6,Typ,1,Gd,2006,RFn,2,484,TA,120,49,0,0,0,0,NA,0,10,2007,202500
64,50,10300.99287,10300,Inside,1Fam,2Story,7,6,1921,1950,Stucco,Stucco,None,0,TA,TA,BrkTil,TA,TA,No,Unf,0,0,576,576,Y,SBrkr,902,808,0,1710,0,0,2,0,3,1,TA,9,Typ,0,NA,1990,Unf,2,480,TA,12,11,64,0,0,0,NA,0,4,2010,140000
65,,9375.29218,9375,Inside,1Fam,2Story,7,5,1997,1998,VinylSd,VinylSd,BrkFace,573,TA,TA,PConc,Gd,TA,No,GLQ,739,0,318,1057,Y,SBrkr,1057,977,0,2034,1,0,2,1,3,1,Gd,8,Typ,0,NA,1998,RFn,2,645,TA,576,36,0,0,0,0,NA,0,2,2009,219500
66,76,9591.322707,9591,Inside,1Fam,2Story,8,5,2004,2005,VinylSd,VinylSd,BrkFace,344,Gd,TA,PConc,Ex,TA,Av,Unf,0,0,1143,1143,Y,SBrkr,1143,1330,0,2473,0,0,2,1,4,1,Gd,9,Typ,1,Gd,2004,RFn,3,852,TA,192,151,0,0,0,0,NA,0,10,2007,317000
67,,19900.80212,19900,Inside,1Fam,1Story,7,5,1970,1989,Plywood,Plywood,BrkFace,287,TA,TA,CBlock,Gd,TA,Gd,GLQ,912,0,1035,1947,Y,SBrkr,2207,0,0,2207,1,0,2,0,3,1,TA,7,Min1,1,Gd,1970,RFn,2,576,TA,301,0,0,0,0,0,NA,0,7,2010,180000
68,72,10665.57357,10665,Inside,1Fam,1Story,7,5,2003,2003,VinylSd,VinylSd,BrkFace,167,Gd,TA,PConc,Gd,TA,Av,GLQ,1013,0,440,1453,Y,SBrkr,1479,0,0,1479,1,0,2,0,3,1,Gd,7,Typ,0,NA,2003,RFn,2,558,TA,144,29,0,0,0,0,NA,0,6,2007,226000
69,47,4608.027548,4608,Corner,1Fam,1Story,4,6,1945,1950,MetalSd,MetalSd,None,0,TA,Gd,CBlock,TA,TA,No,Unf,0,0,747,747,Y,SBrkr,747,0,0,747,0,0,1,0,2,1,TA,4,Typ,0,NA,1945,Unf,1,220,TA,0,0,0,0,0,0,NA,0,6,2010,80000
70,81,15593.55615,15593,Corner,1Fam,1.5Fin,7,4,1953,1953,BrkFace,AsbShng,None,0,Gd,TA,CBlock,TA,TA,No,BLQ,603,0,701,1304,Y,SBrkr,1304,983,0,2287,0,0,2,0,3,1,TA,7,Typ,1,TA,1953,Fin,2,667,TA,0,21,114,0,0,0,NA,0,7,2006,225000
71,95,13651.92305,13651,Inside,1Fam,1Story,7,6,1973,1973,Plywood,Plywood,BrkFace,1115,TA,Gd,CBlock,Gd,TA,Gd,ALQ,1880,0,343,2223,Y,SBrkr,2223,0,0,2223,1,0,2,0,3,1,TA,8,Typ,2,Gd,1973,Fin,2,516,TA,300,0,0,0,0,0,NA,0,2,2007,244000
72,69,7599.195744,7599,Corner,1Fam,1Story,4,6,1982,2006,HdBoard,Plywood,None,0,TA,TA,CBlock,TA,TA,No,ALQ,565,0,280,845,Y,SBrkr,845,0,0,845,1,0,1,0,2,1,TA,4,Typ,0,NA,1987,Unf,2,360,TA,0,0,0,0,0,0,NA,0,6,2007,129500
73,74,10141.53892,10141,Corner,1Fam,2Story,7,5,1998,1998,VinylSd,VinylSd,BrkFace,40,TA,TA,PConc,Gd,TA,No,Unf,0,0,832,832,Y,SBrkr,885,833,0,1718,0,0,2,1,3,1,TA,7,Typ,1,TA,1998,Fin,2,427,TA,0,94,0,0,291,0,NA,0,12,2009,185000
74,85,10200.21417,10200,Inside,1Fam,1Story,5,7,1954,2003,Wd Sdng,Wd Sdng,BrkFace,104,TA,TA,CBlock,TA,TA,No,ALQ,320,362,404,1086,Y,SBrkr,1086,0,0,1086,1,0,1,0,3,1,TA,6,Typ,0,NA,1989,Unf,2,490,TA,0,0,0,0,0,0,NA,0,5,2010,144900
75,60,5790.551784,5790,Corner,1Fam,2Story,3,6,1915,1950,VinylSd,VinylSd,None,0,Gd,Gd,CBlock,Fa,TA,No,Unf,0,0,840,840,N,SBrkr,840,765,0,1605,0,0,2,0,3,2,TA,8,Typ,0,NA,1915,Unf,1,379,TA,0,0,202,0,0,0,NA,0,5,2010,107400
76,21,1596.315606,1596,Inside,Twnhs,SLvl,4,5,1973,1973,CemntBd,CmentBd,None,0,TA,TA,CBlock,Gd,TA,Gd,GLQ,462,0,0,462,Y,SBrkr,526,462,0,988,1,0,1,0,2,1,TA,5,Typ,0,NA,1973,Unf,1,297,TA,120,101,0,0,0,0,NA,0,11,2009,91000
77,,8475.603702,8475,Inside,1Fam,1Story,4,7,1956,1956,VinylSd,VinylSd,None,0,TA,TA,CBlock,TA,TA,No,ALQ,228,0,724,952,Y,FuseA,952,0,0,952,0,0,1,0,2,1,TA,4,Typ,0,NA,1956,Unf,1,283,TA,0,0,0,0,0,0,NA,0,4,2008,135750
78,50,8635.948933,8635,Inside,1Fam,1.5Fin,5,5,1948,2001,Wd Sdng,Wd Sdng,None,0,TA,TA,CBlock,TA,TA,No,BLQ,336,41,295,672,Y,SBrkr,1072,213,0,1285,1,0,1,0,2,1,TA,6,Min1,0,NA,1948,Unf,1,240,TA,0,0,0,0,0,0,NA,0,1,2008,127000
79,72,10778.47628,10778,Inside,Duplex,1Story,4,5,1968,1968,HdBoard,HdBoard,None,0,TA,TA,CBlock,TA,TA,No,Unf,0,0,1768,1768,N,SBrkr,1768,0,0,1768,0,0,2,0,4,2,TA,8,Typ,0,NA,NA,NA,0,0,NA,0,0,0,0,0,0,NA,0,4,2010,136500
80,60,10440.38266,10440,Corner,1Fam,2Story,5,6,1910,1981,Wd Sdng,Wd Sdng,None,0,TA,TA,PConc,TA,TA,No,Unf,0,0,440,440,Y,SBrkr,682,548,0,1230,0,0,1,1,2,1,TA,5,Typ,0,NA,1966,Unf,2,440,TA,74,0,128,0,0,0,NA,0,5,2009,110000
81,100,13000.43952,13000,Corner,1Fam,2Story,6,6,1968,1968,VinylSd,VinylSd,BrkFace,576,TA,Gd,CBlock,Gd,TA,No,Rec,448,0,448,896,Y,SBrkr,1182,960,0,2142,0,0,2,1,4,1,Gd,8,Typ,1,Gd,1968,Fin,1,509,TA,0,72,0,0,252,0,NA,0,6,2009,193500
82,32,4500.213267,4500,FR2,TwnhsE,1Story,6,5,1998,1998,VinylSd,VinylSd,BrkFace,443,TA,Gd,PConc,Ex,Gd,No,GLQ,1201,0,36,1237,Y,SBrkr,1337,0,0,1337,1,0,2,0,2,1,TA,5,Typ,0,NA,1998,Fin,2,405,TA,0,199,0,0,0,0,NA,0,3,2006,153500
83,78,10206.91577,10206,Inside,1Fam,1Story,8,5,2007,2007,VinylSd,VinylSd,Stone,468,TA,TA,PConc,Gd,TA,No,GLQ,33,0,1530,1563,Y,SBrkr,1563,0,0,1563,0,0,2,0,3,1,Gd,6,Typ,1,Gd,2007,RFn,3,758,TA,144,99,0,0,0,0,NA,0,10,2008,245000
84,80,8892.99106,8892,Inside,1Fam,1Story,5,5,1960,1960,MetalSd,MetalSd,BrkCmn,66,TA,TA,CBlock,TA,TA,No,Unf,0,0,1065,1065,Y,SBrkr,1065,0,0,1065,0,0,1,1,3,1,TA,6,Typ,0,NA,1974,Unf,2,461,TA,74,0,0,0,0,0,NA,0,7,2007,126500
85,,8530.477851,8530,Inside,1Fam,SLvl,7,5,1995,1996,HdBoard,HdBoard,BrkFace,22,TA,TA,PConc,Gd,TA,No,Unf,0,0,384,384,Y,SBrkr,804,670,0,1474,0,0,2,1,3,1,TA,7,Typ,1,TA,1995,Fin,2,400,TA,120,72,0,0,0,0,Shed,700,5,2009,168500
86,121,16059.92664,16059,Corner,1Fam,2Story,8,5,1991,1992,HdBoard,HdBoard,BrkFace,284,Gd,TA,CBlock,Gd,TA,No,Unf,0,0,1288,1288,Y,SBrkr,1301,1116,0,2417,0,0,2,1,4,1,Gd,9,Typ,1,TA,1991,Unf,2,462,TA,127,82,0,0,0,0,NA,0,4,2006,260000
87,122,11911.95061,11911,Inside,1Fam,2Story,6,5,2005,2005,VinylSd,VinylSd,None,0,Gd,TA,PConc,Gd,TA,Av,Unf,0,0,684,684,Y,SBrkr,684,876,0,1560,0,0,2,1,3,1,Gd,6,Typ,1,Gd,2005,Fin,2,400,TA,100,38,0,0,0,0,NA,0,3,2009,174000
88,40,3951.498891,3951,Corner,TwnhsE,2Story,6,5,2009,2009,VinylSd,VinylSd,Stone,76,Gd,TA,PConc,Gd,TA,Av,Unf,0,0,612,612,Y,SBrkr,612,612,0,1224,0,0,2,1,2,1,Gd,4,Typ,0,NA,2009,RFn,2,528,TA,0,234,0,0,0,0,NA,0,6,2009,164500
89,105,8470.254563,8470,Corner,1Fam,1.5Fin,3,2,1915,1982,Plywood,Plywood,None,0,Fa,Fa,CBlock,TA,Fa,No,Unf,0,0,1013,1013,N,SBrkr,1013,0,513,1526,0,0,1,0,2,1,Fa,6,Typ,0,NA,NA,NA,0,0,NA,0,0,156,0,0,0,NA,0,10,2009,85000
90,60,8070.665638,8070,Inside,1Fam,1Story,4,5,1994,1995,VinylSd,VinylSd,None,0,TA,TA,PConc,Gd,TA,No,GLQ,588,0,402,990,Y,SBrkr,990,0,0,990,1,0,1,0,3,1,TA,5,Typ,0,NA,NA,NA,0,0,NA,0,0,0,0,0,0,NA,0,8,2007,123600
91,60,7200.569096,7200,Inside,1Fam,1Story,4,5,1950,1950,BrkFace,Wd Sdng,None,0,TA,TA,Slab,NA,NA,NA,NA,0,0,0,0,Y,FuseA,1040,0,0,1040,0,0,1,0,2,1,TA,4,Typ,0,NA,1950,Unf,2,420,TA,0,29,0,0,0,0,NA,0,7,2006,109900
92,85,8500.549941,8500,Inside,1Fam,1Story,5,3,1961,1961,HdBoard,HdBoard,BrkCmn,203,TA,TA,CBlock,TA,TA,No,Rec,600,0,635,1235,Y,SBrkr,1235,0,0,1235,0,0,1,0,2,1,TA,6,Typ,0,NA,1961,Unf,2,480,TA,0,0,0,0,0,0,NA,0,12,2006,98600
93,80,13360.30321,13360,Inside,1Fam,1Story,5,7,1921,2006,Wd Sdng,Wd Sdng,None,0,TA,Gd,BrkTil,Gd,TA,No,ALQ,713,0,163,876,Y,SBrkr,964,0,0,964,1,0,1,0,2,1,TA,5,Typ,0,NA,1921,Unf,2,432,TA,0,0,44,0,0,0,NA,0,8,2009,163500
94,60,7200.28849,7200,Corner,2fmCon,2.5Unf,6,6,1910,1998,MetalSd,MetalSd,None,0,TA,TA,BrkTil,TA,Fa,Mn,Rec,1046,0,168,1214,N,SBrkr,1260,1031,0,2291,0,1,2,0,4,2,TA,9,Typ,1,Gd,1900,Unf,2,506,TA,0,0,0,0,99,0,NA,0,11,2007,133900
95,69,9337.352185,9337,Inside,1Fam,2Story,6,5,1997,1997,VinylSd,VinylSd,None,0,TA,Gd,PConc,Gd,TA,No,GLQ,648,0,176,824,Y,SBrkr,905,881,0,1786,1,0,2,1,3,1,Gd,7,Typ,0,NA,1997,RFn,2,684,TA,0,162,0,0,0,0,NA,0,5,2007,204750
96,,9765.859117,9765,Corner,1Fam,2Story,6,8,1993,1993,VinylSd,VinylSd,BrkFace,68,Ex,Gd,PConc,Gd,Gd,No,ALQ,310,0,370,680,Y,SBrkr,680,790,0,1470,0,0,2,1,3,1,TA,6,Typ,1,TA,1993,Fin,2,420,TA,232,63,0,0,0,0,Shed,480,4,2009,185000
97,78,10264.74662,10264,Inside,1Fam,1Story,7,5,1999,1999,VinylSd,VinylSd,BrkFace,183,Gd,TA,PConc,Gd,TA,Av,ALQ,1162,0,426,1588,Y,SBrkr,1588,0,0,1588,0,0,2,0,3,1,Gd,6,Typ,0,NA,1999,RFn,2,472,TA,158,29,0,0,0,0,NA,0,8,2006,214000
98,73,10921.40797,10921,Inside,1Fam,1Story,4,5,1965,1965,HdBoard,HdBoard,BrkFace,48,TA,TA,CBlock,TA,TA,No,Rec,520,0,440,960,Y,FuseF,960,0,0,960,1,0,1,0,3,1,TA,6,Typ,0,NA,1965,Fin,1,432,TA,120,0,0,0,0,0,NA,0,5,2007,94750
99,85,10625.33007,10625,Corner,1Fam,1Story,5,5,1920,1950,Wd Sdng,Wd Sdng,None,0,TA,TA,BrkTil,TA,TA,No,ALQ,108,0,350,458,N,SBrkr,835,0,0,835,0,0,1,0,2,1,TA,5,Typ,0,NA,1920,Unf,1,366,Fa,0,0,77,0,0,0,Shed,400,5,2010,83000
100,77,9320.955785,9320,Inside,1Fam,1Story,4,5,1959,1959,Plywood,Plywood,None,0,TA,TA,CBlock,TA,TA,No,ALQ,569,0,381,950,Y,SBrkr,1225,0,0,1225,1,0,1,1,3,1,TA,6,Typ,0,NA,NA,NA,0,0,NA,352,0,0,0,0,0,Shed,400,1,2010,128950
101,,10603.748,10603,Inside,1Fam,1Story,6,7,1977,2001,Plywood,Plywood,BrkFace,28,TA,TA,PConc,TA,TA,Mn,ALQ,1200,0,410,1610,Y,SBrkr,1610,0,0,1610,1,0,2,0,3,1,Gd,6,Typ,2,TA,1977,RFn,2,480,TA,168,68,0,0,0,0,NA,0,2,2010,205000
102,77,9206.538439,9206,Inside,1Fam,2Story,6,5,1985,1985,HdBoard,HdBoard,BrkFace,336,Gd,TA,CBlock,Gd,TA,No,Unf,0,0,741,741,Y,SBrkr,977,755,0,1732,0,0,2,1,3,1,Gd,7,Typ,1,TA,1985,Fin,2,476,TA,192,46,0,0,0,0,NA,0,6,2010,178000
103,64,7018.213402,7018,Inside,Duplex,1Story,5,5,1979,1979,HdBoard,HdBoard,None,0,TA,Fa,Slab,NA,NA,NA,NA,0,0,0,0,Y,SBrkr,1535,0,0,1535,0,0,2,0,4,2,TA,8,Typ,0,NA,1979,Unf,2,410,TA,0,0,0,0,0,0,NA,0,6,2009,118964
104,94,10402.31854,10402,Corner,1Fam,1Story,7,5,2009,2009,VinylSd,VinylSd,None,0,TA,TA,PConc,Gd,TA,No,Unf,0,0,1226,1226,Y,SBrkr,1226,0,0,1226,0,0,2,0,3,1,Gd,6,Typ,0,NA,2009,RFn,3,740,TA,0,36,0,0,0,0,NA,0,5,2010,198900
105,,7758.104926,7758,Corner,1Fam,1.5Fin,7,4,1931,1950,Stucco,Stucco,BrkFace,600,TA,Fa,PConc,TA,TA,No,LwQ,224,0,816,1040,Y,FuseF,1226,592,0,1818,0,0,1,1,4,1,TA,7,Typ,2,TA,1951,Unf,1,240,TA,0,0,0,0,184,0,NA,0,6,2007,169500
106,75,9375.059891,9375,Inside,1Fam,2Story,8,5,2003,2004,VinylSd,VinylSd,BrkFace,768,Gd,TA,PConc,Ex,TA,No,Unf,0,0,1053,1053,Y,SBrkr,1053,939,0,1992,0,0,2,1,3,1,Gd,9,Typ,1,Gd,2003,RFn,2,648,TA,140,45,0,0,0,0,NA,0,8,2008,250000
107,60,10800.02714,10800,Inside,1Fam,1Story,4,7,1885,1995,VinylSd,VinylSd,None,0,TA,TA,BrkTil,Fa,TA,No,Unf,0,0,641,641,Y,SBrkr,1047,0,0,1047,0,0,1,0,2,1,TA,6,Typ,0,NA,1954,Unf,1,273,Fa,0,0,0,0,0,0,Shed,450,8,2007,100000
108,50,6000.480418,6000,Inside,1Fam,1Story,5,5,1948,1950,VinylSd,VinylSd,None,0,TA,TA,CBlock,TA,TA,No,ALQ,104,169,516,789,Y,SBrkr,789,0,0,789,0,0,1,0,2,1,TA,5,Typ,0,NA,1948,Unf,1,250,TA,0,0,0,0,0,0,NA,0,4,2008,115000
109,85,8500.047959,8500,Corner,1Fam,1.5Fin,5,7,1919,2005,CemntBd,CmentBd,None,0,TA,TA,CBlock,TA,TA,No,Unf,0,0,793,793,N,FuseF,997,520,0,1517,0,0,2,0,3,1,Fa,7,Typ,0,NA,NA,NA,0,0,NA,0,0,144,0,0,0,NA,0,8,2007,115000
110,105,11751.36565,11751,Inside,1Fam,1Story,6,6,1977,1977,Plywood,Plywood,BrkFace,480,TA,TA,CBlock,Gd,TA,No,BLQ,705,0,1139,1844,Y,SBrkr,1844,0,0,1844,0,0,2,0,3,1,TA,7,Typ,1,TA,1977,RFn,2,546,TA,0,122,0,0,0,0,NA,0,1,2010,190000
111,75,9525.156421,9525,Inside,1Fam,1.5Fin,6,4,1954,1972,Wd Sdng,Wd Sdng,None,0,TA,TA,CBlock,TA,Fa,No,Rec,444,0,550,994,Y,SBrkr,1216,639,0,1855,0,0,2,0,4,1,TA,7,Typ,0,NA,1954,Unf,1,325,TA,182,0,0,0,0,0,NA,0,10,2006,136900
112,,7750.235275,7750,Inside,1Fam,SLvl,7,5,2000,2000,VinylSd,VinylSd,None,0,TA,TA,PConc,Gd,TA,No,GLQ,250,0,134,384,Y,SBrkr,774,656,0,1430,0,0,2,1,3,1,TA,7,Typ,1,TA,2000,Fin,2,400,TA,180,0,0,0,0,0,NA,0,4,2010,180000
113,77,9965.740001,9965,Inside,1Fam,2Story,7,5,2007,2007,VinylSd,VinylSd,Stone,220,Gd,TA,PConc,Ex,TA,Av,GLQ,984,0,280,1264,Y,SBrkr,1282,1414,0,2696,1,0,2,1,4,1,Ex,10,Typ,1,Gd,2007,Fin,3,792,TA,120,184,0,0,168,0,NA,0,10,2007,383970
114,,21000.69019,21000,Corner,1Fam,1Story,6,5,1953,1953,Wd Sdng,Wd Sdng,BrkFace,184,TA,Gd,CBlock,Gd,TA,Mn,ALQ,35,869,905,1809,Y,SBrkr,2259,0,0,2259,1,0,2,0,3,1,Gd,7,Typ,2,Gd,1953,Unf,2,450,TA,166,120,192,0,0,0,NA,0,10,2007,217000
115,61,7259.951597,7259,Inside,1Fam,2Story,6,8,1945,2002,Wd Sdng,Wd Sdng,None,0,TA,TA,CBlock,TA,TA,No,ALQ,774,150,104,1028,Y,SBrkr,1436,884,0,2320,1,0,2,1,3,1,Gd,9,Typ,1,TA,1945,Unf,1,180,TA,224,0,0,0,0,0,NA,0,7,2007,259500
116,34,3230.034188,3230,Corner,TwnhsE,2Story,6,5,1999,1999,MetalSd,MetalSd,BrkFace,1129,TA,TA,PConc,Gd,TA,No,GLQ,419,0,310,729,Y,SBrkr,729,729,0,1458,0,0,2,1,2,1,TA,5,Typ,1,Fa,1999,Unf,2,440,TA,0,32,0,0,0,0,NA,0,6,2007,176000
117,,11616.0636,11616,Inside,1Fam,1Story,5,5,1962,1962,Wd Sdng,Wd Sdng,BrkFace,116,TA,TA,CBlock,TA,TA,No,LwQ,170,670,252,1092,Y,SBrkr,1092,0,0,1092,0,1,1,0,3,1,TA,6,Typ,1,Po,1962,Unf,1,288,TA,0,20,144,0,0,0,NA,0,9,2009,139000
118,74,8536.149738,8536,Corner,1Fam,1Story,5,5,2006,2007,VinylSd,VinylSd,None,0,TA,TA,PConc,Gd,TA,No,Unf,0,0,1125,1125,Y,SBrkr,1125,0,0,1125,0,0,1,1,2,1,TA,5,Typ,0,NA,2007,Unf,2,430,TA,80,64,0,0,0,0,NA,0,4,2007,155000
119,90,12376.33355,12376,Corner,1Fam,2Story,7,5,1990,1990,Plywood,Plywood,None,0,TA,TA,PConc,Gd,TA,Mn,GLQ,1470,0,203,1673,Y,SBrkr,1699,1523,0,3222,1,0,3,0,5,1,Gd,11,Typ,2,TA,1990,Unf,3,594,TA,367,0,0,0,0,0,NA,0,5,2010,320000
120,65,8461.024834,8461,Inside,1Fam,2Story,6,5,2005,2006,VinylSd,VinylSd,None,0,Gd,TA,PConc,Gd,TA,No,Unf,0,0,728,728,Y,SBrkr,728,728,0,1456,0,0,2,1,3,1,Gd,8,Typ,1,Gd,2005,Fin,2,390,TA,0,24,0,0,0,0,NA,0,7,2006,163990
121,,21453.03024,21453,CulDSac,1Fam,SLvl,6,5,1969,1969,Plywood,Plywood,None,0,TA,TA,CBlock,TA,TA,Gd,ALQ,938,0,0,938,Y,SBrkr,988,0,0,988,1,0,1,0,1,1,TA,4,Typ,2,TA,1969,Unf,2,540,TA,0,130,0,130,0,0,NA,0,10,2006,180000
122,50,6060.47062,6060,Inside,1Fam,1.5Fin,4,5,1939,1950,AsbShng,AsbShng,None,0,TA,TA,PConc,TA,TA,No,Unf,0,0,732,732,Y,SBrkr,772,351,0,1123,0,0,1,0,3,1,TA,4,Typ,0,NA,1979,Unf,1,264,TA,0,0,140,0,0,0,NA,0,6,2007,100000
123,75,9464.290479,9464,Corner,1Fam,1Story,6,7,1958,1958,MetalSd,MetalSd,BrkFace,135,TA,Gd,CBlock,TA,TA,No,BLQ,570,0,510,1080,Y,SBrkr,1080,0,0,1080,0,0,1,0,3,1,TA,5,Typ,0,NA,1958,Unf,1,288,TA,0,0,0,0,130,0,NA,0,6,2008,136000
124,55,7892.957433,7892,Inside,TwnhsE,1Story,6,5,1993,1993,Plywood,Plywood,None,0,Gd,TA,PConc,Gd,TA,No,GLQ,300,0,899,1199,Y,SBrkr,1199,0,0,1199,0,0,2,0,2,1,Gd,5,Typ,0,NA,1993,RFn,2,530,TA,0,63,0,0,0,0,NA,0,3,2008,153900
125,48,17043.54913,17043,CulDSac,1Fam,1Story,6,5,1979,1998,HdBoard,HdBoard,None,0,TA,Gd,CBlock,Gd,Fa,No,Unf,0,0,1362,1362,Y,SBrkr,1586,0,0,1586,0,0,2,0,3,1,TA,7,Typ,1,TA,1979,Unf,2,435,TA,192,0,0,0,0,0,NA,0,1,2009,181000
126,60,6780.729014,6780,Inside,2fmCon,1.5Fin,6,8,1935,1982,Wd Sdng,Wd Sdng,None,0,TA,Fa,CBlock,TA,TA,Av,GLQ,490,0,30,520,N,SBrkr,520,0,234,754,1,0,1,0,2,1,TA,5,Typ,0,NA,NA,NA,0,0,NA,53,0,0,0,0,0,NA,0,6,2006,84500
127,,4928.763911,4928,Inside,TwnhsE,1Story,6,5,1976,1976,Plywood,Plywood,None,0,TA,TA,CBlock,Gd,TA,No,ALQ,120,0,958,1078,Y,SBrkr,958,0,0,958,0,0,2,0,2,1,TA,5,Typ,1,TA,1977,RFn,2,440,TA,0,205,0,0,0,0,NA,0,2,2007,128000
128,55,4388.357535,4388,Inside,1Fam,1.5Unf,5,7,1930,1950,WdShing,Wd Sdng,None,0,TA,Gd,BrkTil,TA,TA,No,LwQ,116,0,556,672,Y,SBrkr,840,0,0,840,0,0,1,0,3,1,TA,5,Typ,1,TA,NA,NA,0,0,NA,0,0,0,0,0,0,NA,0,6,2007,87000
129,69,7590.352492,7590,Inside,1Fam,2Story,6,5,1966,1966,VinylSd,VinylSd,BrkFace,266,TA,TA,CBlock,TA,TA,No,BLQ,512,0,148,660,Y,SBrkr,660,688,0,1348,0,0,1,1,3,1,TA,6,Typ,1,Fa,1966,RFn,2,453,TA,188,108,0,0,0,0,NA,0,7,2006,155000
130,69,8973.180633,8973,Inside,1Fam,1Story,5,7,1958,1991,Plywood,Plywood,BrkFace,85,TA,TA,CBlock,TA,TA,No,Rec,567,28,413,1008,Y,FuseA,1053,0,0,1053,0,1,1,1,3,1,Ex,6,Typ,0,NA,1998,RFn,2,750,TA,0,80,0,180,0,0,NA,0,7,2006,150000
131,88,14200.18435,14200,Corner,1Fam,2Story,7,6,1966,1966,MetalSd,MetalSd,BrkFace,309,TA,TA,CBlock,TA,TA,No,Rec,445,0,479,924,Y,SBrkr,1216,941,0,2157,0,0,2,1,4,1,Gd,8,Typ,2,Gd,1966,Fin,2,487,TA,105,66,0,0,0,0,NA,0,5,2006,226000
132,,12224.94898,12224,Corner,1Fam,2Story,6,5,2000,2000,VinylSd,VinylSd,BrkFace,40,Gd,TA,PConc,Gd,TA,No,GLQ,695,0,297,992,Y,SBrkr,1022,1032,0,2054,1,0,2,1,3,1,Gd,7,Typ,1,TA,2000,RFn,2,390,TA,24,48,0,0,0,0,NA,0,7,2009,244000
133,75,7388.590196,7388,Corner,1Fam,1Story,5,6,1959,2002,MetalSd,MetalSd,None,0,TA,TA,CBlock,TA,TA,No,Rec,405,0,658,1063,Y,SBrkr,1327,0,0,1327,1,0,1,0,3,1,Gd,7,Typ,0,NA,1974,Unf,2,624,TA,0,0,0,0,0,0,NA,0,7,2007,150750
134,,6853.919983,6853,Inside,1Fam,1Story,8,5,2001,2002,VinylSd,VinylSd,BrkFace,136,Gd,TA,PConc,Ex,TA,No,GLQ,1005,0,262,1267,Y,SBrkr,1296,0,0,1296,1,0,2,0,2,1,Gd,6,Typ,0,NA,2001,Fin,2,471,TA,192,25,0,0,0,0,NA,0,6,2009,220000
135,78,10335.83591,10335,Inside,1Fam,1Story,5,6,1968,1993,Plywood,Plywood,None,0,TA,TA,CBlock,TA,TA,No,Rec,570,0,891,1461,Y,SBrkr,1721,0,0,1721,0,0,2,1,3,1,TA,7,Min1,1,TA,1968,RFn,2,440,TA,0,96,180,0,0,0,NA,0,7,2006,180000
136,80,10400.29954,10400,Inside,1Fam,1Story,7,6,1970,1970,Plywood,Plywood,BrkFace,288,TA,TA,PConc,TA,TA,No,Unf,0,0,1304,1304,Y,SBrkr,1682,0,0,1682,0,0,2,0,3,1,TA,7,Typ,1,Gd,1970,Unf,2,530,TA,98,0,0,0,0,0,NA,0,5,2008,174000
137,,10355.97868,10355,Corner,1Fam,1Story,5,5,1967,1967,MetalSd,MetalSd,BrkFace,196,TA,TA,CBlock,TA,TA,No,BLQ,695,0,519,1214,Y,SBrkr,1214,0,0,1214,0,0,2,0,3,1,TA,5,Typ,1,Fa,1967,RFn,1,318,TA,0,111,0,0,0,0,NA,0,7,2007,143000
138,82,11070.67624,11070,Inside,Duplex,1Story,7,5,1988,1989,VinylSd,VinylSd,BrkFace,70,TA,TA,CBlock,TA,TA,No,Unf,0,0,1907,1907,Y,SBrkr,1959,0,0,1959,0,0,3,0,5,2,TA,9,Typ,0,NA,1989,Unf,3,766,TA,0,0,0,0,0,0,NA,0,7,2006,171000
139,73,9066.304423,9066,Inside,1Fam,2Story,8,5,1999,2000,VinylSd,VinylSd,BrkFace,320,Gd,TA,PConc,Gd,TA,Mn,GLQ,668,0,336,1004,Y,SBrkr,1004,848,0,1852,0,0,2,1,3,1,Gd,7,Typ,2,TA,1999,Fin,3,660,TA,224,106,0,0,0,0,NA,0,12,2008,230000
140,65,15426.05742,15426,Inside,1Fam,2Story,6,5,1997,1997,VinylSd,VinylSd,None,0,TA,TA,PConc,Gd,TA,No,GLQ,821,0,107,928,Y,SBrkr,928,836,0,1764,1,0,2,1,3,1,Gd,7,Typ,0,NA,1997,RFn,2,470,TA,276,99,0,0,0,0,NA,0,8,2009,231500
141,70,10500.41738,10500,FR2,1Fam,1Story,4,5,1971,1971,HdBoard,HdBoard,None,0,TA,TA,CBlock,TA,TA,No,ALQ,432,0,432,864,Y,SBrkr,864,0,0,864,0,0,1,0,3,1,TA,5,Typ,1,Po,NA,NA,0,0,NA,0,0,0,0,0,0,NA,0,4,2010,115000
142,78,11645.52642,11645,Inside,1Fam,1Story,7,5,2005,2005,VinylSd,VinylSd,None,0,Gd,TA,PConc,Gd,TA,Av,GLQ,1300,0,434,1734,Y,SBrkr,1734,0,0,1734,1,0,2,0,3,1,Gd,7,Typ,0,NA,2005,Fin,2,660,TA,160,24,0,0,0,0,NA,0,1,2006,260000
143,71,8520.495122,8520,Corner,1Fam,1.5Fin,5,4,1952,1952,BrkFace,Wd Sdng,None,0,TA,Fa,CBlock,TA,TA,No,Rec,507,0,403,910,Y,SBrkr,910,475,0,1385,0,0,2,0,4,1,TA,6,Typ,0,NA,2000,Unf,2,720,TA,0,0,0,0,0,0,NA,0,6,2010,166000
144,78,10335.94834,10335,Inside,1Fam,1Story,7,5,1999,1999,VinylSd,VinylSd,BrkFace,183,Gd,TA,PConc,Gd,TA,Gd,GLQ,679,0,811,1490,Y,SBrkr,1501,0,0,1501,1,0,2,0,3,1,Gd,6,Typ,0,NA,1999,RFn,2,577,TA,144,29,0,0,0,0,NA,0,6,2009,204000
145,70,9100.670468,9100,Inside,Duplex,1Story,5,5,1963,1963,HdBoard,HdBoard,BrkFace,336,TA,TA,CBlock,TA,TA,No,Rec,1332,0,396,1728,Y,SBrkr,1728,0,0,1728,1,0,2,0,6,2,TA,10,Typ,0,NA,1963,Unf,2,504,TA,0,0,0,0,0,0,NA,0,11,2006,125000
146,24,2522.686376,2522,Inside,Twnhs,2Story,6,5,2004,2006,VinylSd,VinylSd,Stone,50,Gd,TA,PConc,Gd,TA,No,Unf,0,0,970,970,Y,SBrkr,970,739,0,1709,0,0,2,0,3,1,Gd,7,Maj1,0,NA,2004,Unf,2,380,TA,0,40,0,0,0,0,NA,0,4,2006,130000
147,51,6120.0935,6120,Corner,1Fam,1Story,5,7,1931,1993,Wd Sdng,Wd Sdng,None,0,TA,TA,BrkTil,TA,TA,No,BLQ,209,0,506,715,Y,FuseA,875,0,0,875,1,0,1,0,2,1,TA,5,Typ,0,NA,1931,Unf,1,180,Fa,48,0,0,0,0,0,NA,0,11,2009,105000
148,,9505.911058,9505,CulDSac,1Fam,2Story,7,5,2001,2001,VinylSd,VinylSd,BrkFace,180,Gd,TA,PConc,Gd,TA,No,Unf,0,0,884,884,Y,SBrkr,884,1151,0,2035,0,0,2,1,3,1,Gd,8,Typ,1,Gd,2001,Fin,2,434,TA,144,48,0,0,0,0,NA,0,5,2010,222500
149,63,7500.052548,7500,Inside,1Fam,1Story,7,5,2004,2005,VinylSd,VinylSd,BrkFace,120,TA,TA,PConc,Gd,TA,No,GLQ,680,0,400,1080,Y,SBrkr,1080,0,0,1080,1,0,1,0,3,1,Gd,6,Typ,0,NA,NA,NA,0,0,NA,0,0,0,0,0,0,NA,0,4,2008,141000
150,,6240.826314,6240,Inside,1Fam,1.5Fin,5,4,1936,1950,MetalSd,MetalSd,None,0,TA,TA,BrkTil,Gd,TA,No,Unf,0,0,896,896,Y,FuseA,896,448,0,1344,0,0,1,0,3,1,TA,7,Typ,0,NA,1936,Unf,1,240,Fa,200,114,0,0,0,0,NA,0,4,2006,115000
151,120,10356.88701,10356,Corner,1Fam,1Story,5,6,1975,1975,HdBoard,HdBoard,None,0,TA,TA,CBlock,TA,TA,Av,BLQ,716,0,253,969,Y,SBrkr,969,0,0,969,0,0,1,1,3,1,TA,5,Typ,0,NA,1975,Unf,2,440,TA,0,0,0,0,0,0,NA,0,1,2007,122000
152,107,13891.36351,13891,Inside,1Fam,1Story,8,5,2007,2008,VinylSd,VinylSd,Stone,436,Gd,TA,PConc,Ex,TA,Gd,GLQ,1400,0,310,1710,Y,SBrkr,1710,0,0,1710,1,0,2,0,2,1,Gd,6,Typ,1,Gd,2007,RFn,3,866,TA,0,102,0,0,0,0,NA,0,1,2008,372402
153,,14803.05401,14803,CulDSac,1Fam,2Story,6,5,1971,1971,HdBoard,HdBoard,BrkFace,252,TA,TA,CBlock,TA,TA,No,Rec,416,0,409,825,Y,SBrkr,1097,896,0,1993,0,0,2,1,4,1,TA,8,Typ,1,Gd,1971,RFn,2,495,TA,0,66,0,0,0,0,NA,0,6,2006,190000
154,,13500.54994,13500,Inside,1Fam,1Story,6,7,1960,1975,BrkFace,Plywood,None,0,TA,TA,CBlock,Gd,TA,Gd,BLQ,429,1080,93,1602,Y,SBrkr,1252,0,0,1252,1,0,1,0,1,1,TA,4,Typ,1,Gd,1960,RFn,2,564,TA,409,0,0,0,0,0,NA,0,3,2008,235000
155,84,11340.06542,11340,Corner,1Fam,1Story,6,5,1923,1950,Wd Sdng,Wd Sdng,None,0,TA,TA,BrkTil,TA,TA,No,Unf,0,0,1200,1200,Y,FuseA,1200,0,0,1200,0,0,1,0,4,1,TA,7,Typ,0,NA,1923,Unf,1,312,Fa,0,0,228,0,0,0,NA,0,3,2006,125000
156,60,9600.612078,9600,Corner,1Fam,1.5Fin,6,5,1924,1950,Wd Sdng,Wd Sdng,None,0,TA,TA,BrkTil,TA,TA,No,Unf,0,0,572,572,N,FuseF,572,524,0,1096,0,0,1,0,2,1,TA,5,Typ,0,NA,NA,NA,0,0,NA,0,8,128,0,0,0,NA,0,4,2008,79000
157,60,7200.495028,7200,Inside,1Fam,1Story,5,7,1950,1950,Wd Sdng,Wd Sdng,None,0,TA,TA,CBlock,NA,NA,NA,NA,0,0,0,0,Y,FuseF,1040,0,0,1040,0,0,1,0,2,1,TA,5,Typ,0,NA,1950,Unf,2,625,TA,0,0,0,0,0,0,NA,0,6,2006,109500
158,92,12003.77487,12003,Corner,1Fam,2Story,8,5,2009,2010,VinylSd,VinylSd,BrkFace,84,Gd,TA,PConc,Ex,TA,No,Unf,0,0,774,774,Y,SBrkr,774,1194,0,1968,0,0,2,1,4,1,Ex,8,Typ,1,Gd,2009,Fin,3,680,TA,0,75,0,0,0,0,NA,0,5,2010,269500
159,100,12552.47412,12552,Corner,1Fam,2Story,7,5,2004,2005,VinylSd,VinylSd,None,0,Gd,TA,PConc,Gd,TA,No,GLQ,222,0,769,991,Y,SBrkr,991,956,0,1947,0,0,2,1,3,1,Gd,8,Typ,1,Gd,2004,RFn,2,678,TA,0,136,0,0,0,0,NA,0,5,2010,254900
160,134,19378.84339,19378,Corner,1Fam,2Story,7,5,2005,2006,VinylSd,VinylSd,BrkFace,456,Gd,TA,PConc,Gd,TA,Mn,GLQ,57,0,1335,1392,Y,SBrkr,1392,1070,0,2462,1,0,2,1,4,1,Gd,9,Typ,1,Gd,2006,RFn,2,576,TA,239,132,0,168,0,0,NA,0,3,2006,320000
161,,11120.10685,11120,CulDSac,1Fam,1Story,6,6,1984,1984,Plywood,Plywood,None,0,TA,TA,PConc,Gd,TA,No,BLQ,660,0,572,1232,Y,SBrkr,1232,0,0,1232,0,0,2,0,3,1,TA,6,Typ,0,NA,1984,Unf,2,516,TA,0,0,0,0,0,0,NA,0,6,2008,162500
162,110,13688.75692,13688,Inside,1Fam,2Story,9,5,2003,2004,VinylSd,VinylSd,BrkFace,664,Gd,TA,PConc,Ex,TA,Av,GLQ,1016,0,556,1572,Y,SBrkr,1572,1096,0,2668,1,0,2,1,3,1,Ex,10,Typ,2,Gd,2003,Fin,3,726,TA,400,0,0,0,0,0,NA,0,3,2008,412500
163,95,12182.80736,12182,Corner,1Fam,1Story,7,5,2005,2005,VinylSd,VinylSd,BrkFace,226,Gd,TA,PConc,Gd,TA,Mn,BLQ,1201,0,340,1541,Y,SBrkr,1541,0,0,1541,0,0,2,0,3,1,Gd,7,Typ,1,Gd,2005,RFn,2,532,TA,0,70,0,0,0,0,NA,0,5,2010,220000
164,55,5500.971016,5500,Inside,1Fam,1.5Unf,4,6,1956,1956,MetalSd,MetalSd,None,0,TA,TA,CBlock,TA,TA,No,Unf,0,0,882,882,Y,SBrkr,882,0,0,882,0,0,1,0,1,1,TA,4,Typ,0,NA,NA,NA,0,0,NA,0,0,0,0,0,0,NA,0,4,2007,103200
165,40,5400.404706,5400,Corner,1Fam,1Story,6,7,1926,2004,MetalSd,MetalSd,None,0,TA,Gd,BrkTil,TA,TA,Mn,LwQ,370,0,779,1149,Y,FuseA,1149,467,0,1616,0,0,2,0,3,1,Gd,5,Typ,0,NA,1926,Unf,1,216,TA,0,0,183,0,0,0,NA,0,10,2007,152000
166,62,10106.412,10106,Inside,2fmCon,1.5Fin,5,7,1940,1999,Wd Sdng,Wd Sdng,None,0,TA,Gd,BrkTil,TA,TA,No,ALQ,351,181,112,644,Y,SBrkr,808,547,0,1355,1,0,2,0,4,2,TA,6,Typ,0,NA,NA,NA,0,0,NA,140,0,0,0,0,0,NA,0,9,2008,127500
167,,10708.89723,10708,Inside,1Fam,1Story,5,5,1955,1993,Wd Sdng,Wd Sdng,None,0,Gd,TA,CBlock,TA,TA,No,LwQ,379,768,470,1617,Y,FuseA,1867,0,0,1867,1,0,1,0,2,1,TA,7,Typ,3,Gd,1955,Fin,1,303,TA,476,0,0,0,142,0,NA,0,11,2009,190000
168,86,10562.84866,10562,Inside,1Fam,2Story,8,5,2007,2007,VinylSd,VinylSd,Stone,300,Gd,TA,PConc,Ex,TA,No,GLQ,1288,0,294,1582,Y,SBrkr,1610,551,0,2161,1,0,1,1,3,1,Ex,8,Typ,1,Gd,2007,Fin,3,789,TA,178,120,0,0,0,0,NA,0,11,2007,325624
169,62,8244.338939,8244,Inside,1Fam,2Story,7,5,2004,2004,VinylSd,VinylSd,None,0,Gd,TA,PConc,Gd,TA,No,Unf,0,0,840,840,Y,SBrkr,840,880,0,1720,0,0,2,1,3,1,Gd,7,Typ,1,Gd,2004,Fin,2,440,TA,100,48,0,0,0,0,NA,0,5,2007,183500
170,,16669.40674,16669,Corner,1Fam,1Story,8,6,1981,1981,Plywood,Plywood,BrkFace,653,Gd,TA,CBlock,Gd,TA,No,Unf,0,0,1686,1686,Y,SBrkr,1707,0,0,1707,0,0,2,1,2,1,TA,6,Typ,1,TA,1981,RFn,2,511,TA,574,64,0,0,0,0,NA,0,1,2006,228000
171,,12358.57968,12358,Inside,1Fam,1.5Fin,5,6,1941,1950,MetalSd,MetalSd,None,0,TA,TA,CBlock,TA,TA,No,Rec,360,0,360,720,Y,SBrkr,854,0,528,1382,0,0,1,1,2,1,TA,7,Typ,0,NA,1991,Unf,2,660,TA,237,0,0,0,0,0,NA,0,5,2007,128500
172,141,31770.00706,31770,Corner,1Fam,1Story,6,5,1960,1960,BrkFace,Plywood,Stone,112,TA,TA,CBlock,TA,Gd,Gd,BLQ,639,0,441,1080,Y,SBrkr,1656,0,0,1656,1,0,1,0,3,1,TA,7,Typ,2,Gd,1960,Fin,2,528,TA,210,62,0,0,0,0,NA,0,5,2010,215000
173,44,5306.48901,5306,Inside,TwnhsE,2Story,7,7,1987,1987,HdBoard,HdBoard,None,0,Gd,Gd,PConc,Gd,Gd,No,GLQ,495,215,354,1064,Y,SBrkr,1064,703,0,1767,1,0,2,0,2,1,Gd,5,Typ,1,TA,1987,RFn,2,504,Gd,441,35,0,0,0,0,NA,0,6,2006,239000
174,80,10197.21246,10197,Inside,1Fam,1Story,6,5,1961,1961,WdShing,Wd Shng,BrkCmn,491,TA,TA,CBlock,TA,TA,No,ALQ,288,374,700,1362,Y,SBrkr,1362,0,0,1362,1,0,1,1,3,1,TA,6,Typ,1,TA,1961,Unf,2,504,TA,0,20,0,0,0,0,NA,0,6,2008,163000
175,47,12416.09994,12416,Inside,1Fam,1Story,6,5,1986,1986,VinylSd,Plywood,Stone,132,TA,TA,CBlock,Gd,Fa,No,ALQ,1398,208,0,1606,Y,SBrkr,1651,0,0,1651,1,0,2,0,3,1,TA,7,Min2,1,TA,1986,Fin,2,616,TA,192,0,0,0,0,0,NA,0,11,2008,184000
176,84,12615.12339,12615,Corner,1Fam,1Story,6,7,1950,2001,WdShing,Wd Shng,None,0,TA,TA,CBlock,TA,Gd,Av,ALQ,477,0,725,1202,Y,SBrkr,2158,0,0,2158,1,0,2,0,4,1,Gd,7,Typ,1,Gd,1950,Unf,2,576,TA,0,29,39,0,0,0,NA,0,6,2007,243000
177,97,10029.49988,10029,Corner,1Fam,2Story,6,5,1988,1989,Plywood,Plywood,BrkFace,268,Gd,TA,PConc,Gd,TA,No,GLQ,831,0,320,1151,Y,SBrkr,1164,896,0,2060,0,1,2,1,4,1,TA,8,Typ,1,TA,1988,Unf,2,521,TA,0,228,0,0,192,0,NA,0,9,2007,211000
178,,13650.94727,13650,Inside,1Fam,1.5Fin,5,5,1958,1958,MetalSd,MetalSd,None,0,Gd,Gd,CBlock,TA,TA,No,ALQ,57,441,554,1052,Y,SBrkr,1252,668,0,1920,1,0,2,0,4,1,Gd,8,Typ,1,Gd,1958,Unf,2,451,TA,0,0,0,0,0,0,NA,0,7,2006,172500
179,63,17423.65772,17423,CulDSac,1Fam,1Story,9,5,2008,2009,VinylSd,VinylSd,Stone,748,Ex,TA,PConc,Ex,TA,No,GLQ,1904,0,312,2216,Y,SBrkr,2234,0,0,2234,1,0,2,0,1,1,Ex,9,Typ,1,Gd,2009,Fin,3,1166,TA,0,60,0,0,0,0,NA,0,7,2009,501837
180,60,8520.890109,8520,Inside,1Fam,1Story,5,6,1923,2006,Wd Sdng,Wd Sdng,None,0,Gd,TA,CBlock,TA,TA,No,Unf,0,0,968,968,Y,SBrkr,968,0,0,968,0,0,1,0,2,1,TA,5,Typ,0,NA,1935,Unf,2,480,Fa,0,0,184,0,0,0,NA,0,7,2007,100000
181,,2117.050869,2117,Inside,Twnhs,2Story,6,5,2000,2000,MetalSd,MetalSd,BrkFace,456,Gd,TA,PConc,Gd,TA,No,GLQ,436,0,320,756,Y,SBrkr,769,756,0,1525,0,0,2,1,3,1,Gd,5,Typ,1,TA,2000,Unf,2,440,TA,0,0,0,0,0,0,NA,0,6,2007,177000
182,54,7588.366928,7588,Inside,1Fam,2Story,7,6,1920,1950,Stucco,Stucco,None,0,TA,TA,BrkTil,Fa,TA,No,LwQ,352,0,441,793,Y,SBrkr,901,901,0,1802,0,0,1,1,4,1,TA,9,Typ,1,Gd,1920,Unf,1,216,Fa,0,0,40,0,0,0,NA,0,7,2006,200100
183,60,9060.486336,9060,Inside,1Fam,1Story,5,6,1957,2006,Wd Sdng,Wd Sdng,BrkFace,98,TA,TA,PConc,NA,NA,NA,NA,0,0,0,0,Y,SBrkr,1340,0,0,1340,0,0,1,0,3,1,TA,7,Typ,1,Gd,1957,RFn,1,252,TA,116,0,0,180,0,0,NA,0,6,2007,120000
184,63,11426.81448,11426,Inside,1Fam,1.5Fin,7,5,2003,2003,VinylSd,VinylSd,None,0,TA,TA,PConc,Gd,TA,No,Unf,0,0,1362,1362,Y,SBrkr,1362,720,0,2082,0,0,2,1,3,1,Gd,6,Mod,0,NA,2003,Unf,2,484,TA,280,238,0,0,0,0,NA,0,6,2008,200000
185,92,7438.89433,7438,Inside,1Fam,1.5Fin,5,8,1908,1991,AsbShng,Plywood,None,0,TA,TA,PConc,Fa,TA,No,Unf,0,0,504,504,Y,SBrkr,936,316,0,1252,0,0,1,0,3,1,TA,5,Typ,0,NA,1986,Unf,2,576,TA,104,0,0,0,0,0,NA,0,6,2006,127000
186,90,22950.80761,22950,Inside,1Fam,2.5Fin,10,9,1892,1993,Wd Sdng,Wd Sdng,None,0,Gd,Gd,BrkTil,TA,TA,Mn,Unf,0,0,1107,1107,Y,SBrkr,1518,1518,572,3608,0,0,2,1,4,1,Ex,12,Typ,2,TA,1993,Unf,3,840,Ex,0,260,0,0,410,0,NA,0,6,2006,475000
187,,9947.810148,9947,CulDSac,1Fam,SLvl,7,5,1990,1991,HdBoard,HdBoard,None,0,TA,TA,PConc,Gd,TA,Av,GLQ,611,0,577,1188,Y,SBrkr,1217,0,0,1217,1,0,2,0,3,1,Gd,6,Typ,0,NA,1990,Unf,2,497,TA,168,27,0,0,0,0,NA,0,6,2009,173000
188,60,10410.75029,10410,Inside,1Fam,1.5Fin,5,7,1916,1987,HdBoard,HdBoard,None,0,TA,TA,CBlock,Fa,TA,No,Unf,0,0,660,660,Y,SBrkr,808,704,144,1656,0,0,2,1,3,1,TA,8,Min2,0,NA,1916,Unf,1,180,Fa,0,0,0,140,0,0,NA,0,8,2009,135000
189,64,7018.404635,7018,Inside,Duplex,SFoyer,5,5,1979,1979,Plywood,Plywood,Stone,275,TA,TA,CBlock,Gd,TA,Av,GLQ,1086,0,0,1086,Y,SBrkr,1224,0,0,1224,2,0,0,2,2,2,TA,6,Typ,2,TA,1979,Unf,2,528,TA,120,0,0,0,0,0,NA,0,6,2009,153337
190,41,4923.232407,4923,Inside,TwnhsE,1Story,8,5,2001,2002,CemntBd,CmentBd,None,0,Gd,TA,PConc,Ex,TA,Av,GLQ,1153,0,440,1593,Y,SBrkr,1593,0,0,1593,1,0,1,1,0,1,Ex,5,Typ,1,Gd,2001,Fin,2,682,TA,0,120,0,0,224,0,NA,0,8,2008,286000
191,70,10570.13118,10570,Inside,1Fam,2Story,8,8,1932,1994,BrkFace,BrkFace,None,0,Gd,TA,CBlock,Gd,Gd,No,Rec,297,0,556,853,Y,SBrkr,1549,1178,0,2727,0,0,2,1,3,1,Gd,10,Maj1,2,TA,1932,Unf,2,440,TA,0,74,0,0,0,0,NA,0,12,2007,315000
192,,7472.640296,7472,CulDSac,1Fam,2Story,7,9,1972,2004,HdBoard,HdBoard,BrkFace,138,TA,TA,CBlock,TA,TA,No,ALQ,626,0,99,725,Y,SBrkr,725,754,0,1479,1,0,1,1,4,1,Gd,7,Typ,0,NA,1972,Fin,2,484,TA,0,32,0,0,0,0,NA,0,6,2007,184000
193,68,9017.637709,9017,Inside,1Fam,1Story,7,5,1999,1999,VinylSd,VinylSd,None,0,Gd,TA,PConc,Gd,TA,Av,GLQ,560,0,871,1431,Y,SBrkr,1431,0,0,1431,1,0,2,0,3,1,Gd,6,Typ,0,NA,1999,Fin,2,666,TA,0,35,0,0,0,0,NA,0,9,2009,192000
194,24,2522.788093,2522,Inside,Twnhs,2Story,7,5,2004,2004,VinylSd,VinylSd,Stone,50,Gd,TA,PConc,Gd,TA,No,Unf,0,0,970,970,Y,SBrkr,970,739,0,1709,0,0,2,0,3,1,Gd,7,Maj1,0,NA,2004,Unf,2,380,TA,0,40,0,0,0,0,NA,0,5,2006,130000
195,60,7180.558391,7180,Inside,1Fam,1Story,5,7,1972,1972,HdBoard,HdBoard,None,0,TA,TA,CBlock,TA,TA,Av,ALQ,390,0,474,864,Y,SBrkr,864,0,0,864,0,0,1,0,3,1,TA,5,Typ,0,NA,1989,Unf,1,352,TA,0,0,0,0,0,0,NA,0,5,2008,127000
196,24,2280.030802,2280,FR2,Twnhs,2Story,6,6,1976,1976,Plywood,Brk Cmn,None,0,TA,TA,CBlock,Gd,TA,No,ALQ,566,0,289,855,Y,SBrkr,855,601,0,1456,0,0,2,1,3,1,TA,7,Typ,1,TA,1976,Unf,2,440,TA,87,0,0,0,0,0,NA,0,7,2009,148500
197,79,9416.117025,9416,Inside,1Fam,1Story,7,5,2007,2007,CemntBd,CmentBd,Stone,205,Ex,TA,PConc,Ex,TA,No,GLQ,1126,0,600,1726,Y,SBrkr,1726,0,0,1726,1,0,2,0,3,1,Ex,8,Typ,1,Gd,2007,Fin,3,786,TA,171,138,0,0,266,0,NA,0,9,2007,311872
198,174,25419.44009,25419,Corner,1Fam,2Story,8,4,1918,1990,Stucco,Stucco,None,0,Gd,Gd,PConc,TA,TA,No,GLQ,1036,184,140,1360,Y,SBrkr,1360,1360,392,3112,1,1,2,0,4,1,Gd,8,Typ,1,Ex,1918,Unf,2,795,TA,0,16,552,0,0,512,NA,0,3,2006,235000
199,92,5520.31218,5520,Corner,1Fam,2.5Fin,6,6,1912,1950,Wd Sdng,Wd Sdng,None,0,TA,TA,CBlock,TA,TA,No,Unf,0,0,755,755,Y,SBrkr,929,929,371,2229,0,0,1,0,5,1,TA,8,Typ,0,NA,NA,NA,0,0,NA,0,198,30,0,0,0,NA,0,7,2009,104000
200,76,9591.409076,9591,Inside,1Fam,1Story,8,5,2004,2005,VinylSd,VinylSd,BrkFace,262,Gd,TA,PConc,Ex,TA,Av,GLQ,1088,0,625,1713,Y,SBrkr,1713,0,0,1713,1,0,2,0,3,1,Ex,7,Typ,1,Gd,2004,Fin,3,856,TA,0,26,0,0,170,0,NA,0,1,2009,274900
201,80,8546.43414,8546,Corner,1Fam,1Story,4,5,2003,2004,VinylSd,VinylSd,None,0,TA,TA,PConc,Gd,TA,No,Unf,0,0,1121,1121,Y,SBrkr,1121,0,0,1121,0,0,2,0,2,1,TA,5,Typ,0,NA,2003,RFn,2,440,TA,132,64,0,0,0,0,NA,0,3,2010,140000
202,75,10125.32063,10125,Inside,1Fam,1Story,6,6,1977,1977,Plywood,Plywood,None,0,TA,TA,CBlock,TA,TA,No,ALQ,641,279,276,1196,Y,SBrkr,1279,0,0,1279,0,1,2,0,3,1,TA,6,Typ,2,Fa,1980,Unf,2,473,TA,238,83,0,0,0,0,NA,0,2,2008,171500
203,50,7000.111653,7000,Corner,1Fam,1.5Fin,6,6,1924,1950,MetalSd,MetalSd,None,0,TA,Gd,BrkTil,Fa,TA,No,LwQ,617,0,0,617,Y,SBrkr,865,445,0,1310,0,0,2,0,2,1,TA,6,Min1,0,NA,1924,Unf,1,398,TA,0,0,126,0,0,0,NA,0,5,2006,112000
204,,4438.309742,4438,Inside,TwnhsE,1Story,6,5,2004,2004,VinylSd,VinylSd,BrkFace,205,Gd,TA,PConc,Gd,TA,Av,GLQ,662,0,186,848,Y,SBrkr,848,0,0,848,1,0,1,0,1,1,Gd,3,Typ,1,Gd,2004,RFn,2,420,TA,149,0,0,0,0,0,NA,0,1,2008,149000
205,50,3500.280109,3500,Inside,1Fam,1.5Fin,5,7,1947,1950,AsbShng,AsbShng,None,0,TA,TA,CBlock,TA,TA,No,LwQ,312,0,408,720,Y,SBrkr,720,564,0,1284,0,0,1,1,2,1,TA,5,Typ,0,NA,1948,Unf,1,240,TA,0,35,0,0,0,0,NA,0,4,2009,110000
206,99,11851.39906,11851,Corner,1Fam,1Story,7,5,1990,1990,HdBoard,HdBoard,None,0,TA,TA,PConc,Gd,TA,No,Unf,0,0,1424,1424,Y,SBrkr,1442,0,0,1442,0,0,2,0,3,1,TA,5,Typ,0,NA,1990,RFn,2,500,TA,0,34,0,508,0,0,NA,0,5,2009,180500
207,40,13673.88391,13673,CulDSac,1Fam,1Story,5,5,1962,1962,HdBoard,HdBoard,None,0,TA,Gd,CBlock,TA,TA,No,Unf,0,0,1140,1140,Y,SBrkr,1696,0,0,1696,0,0,1,1,3,1,TA,8,Min2,1,TA,1962,RFn,1,349,TA,0,30,0,0,0,0,NA,0,3,2007,143900
208,,12493.43818,12493,Inside,1Fam,1Story,4,5,1960,1960,Wd Sdng,Wd Sdng,None,0,TA,TA,PConc,TA,TA,No,ALQ,419,306,375,1100,Y,SBrkr,1100,0,0,1100,1,0,1,0,3,1,TA,6,Typ,1,Po,1960,RFn,1,312,TA,355,0,0,0,0,0,NA,0,4,2008,141000
209,,14364.70873,14364,Inside,1Fam,2Story,7,5,1988,1989,Plywood,Plywood,BrkFace,128,Gd,TA,CBlock,Gd,TA,Gd,GLQ,1065,0,92,1157,Y,SBrkr,1180,882,0,2062,1,0,2,1,3,1,TA,7,Typ,1,Gd,1988,Fin,2,454,TA,60,55,0,0,154,0,NA,0,4,2007,277000
210,75,8250.962836,8250,Inside,1Fam,1Story,6,7,1964,1964,HdBoard,HdBoard,Stone,260,TA,TA,CBlock,Gd,TA,No,Rec,787,0,305,1092,Y,SBrkr,1092,0,0,1092,1,0,1,0,3,1,TA,6,Typ,0,NA,1964,RFn,2,504,TA,0,0,0,0,0,0,NA,0,7,2008,145000
211,67,5604.122057,5604,Inside,1Fam,1Story,5,6,1925,1950,Stucco,Stucco,None,0,TA,TA,CBlock,TA,TA,No,Rec,468,0,396,864,N,FuseA,864,0,0,864,1,0,1,0,2,1,TA,5,Typ,0,NA,NA,NA,0,0,NA,0,0,96,0,0,0,NA,0,4,2008,98000
212,83,10420.76684,10420,Corner,1Fam,1Story,6,5,2009,2009,VinylSd,VinylSd,None,0,TA,TA,PConc,Gd,TA,Mn,GLQ,36,0,1176,1212,Y,SBrkr,1212,0,0,1212,0,0,2,0,3,1,Gd,6,Typ,0,NA,2009,RFn,2,460,TA,100,22,0,0,0,0,NA,0,3,2010,186000
213,72,8640.273364,8640,Inside,1Fam,2Story,7,5,2009,2009,VinylSd,VinylSd,None,0,TA,TA,PConc,Gd,TA,No,GLQ,822,0,78,900,Y,SBrkr,932,920,0,1852,1,0,2,1,3,1,Gd,7,Typ,1,TA,2009,RFn,2,644,TA,168,108,0,0,0,0,NA,0,7,2009,252678
214,43,13568.18412,13568,CulDSac,1Fam,1Story,5,5,1995,1995,VinylSd,VinylSd,None,0,TA,TA,PConc,Gd,TA,No,ALQ,716,0,274,990,Y,SBrkr,990,0,0,990,0,1,1,0,3,1,TA,5,Typ,0,NA,1996,Unf,2,576,TA,224,0,0,0,0,0,NA,0,7,2006,156000
215,,10900.2628,10900,FR2,1Fam,2Story,6,7,1977,1977,HdBoard,HdBoard,BrkFace,153,TA,TA,CBlock,Gd,TA,No,GLQ,378,0,311,689,Y,SBrkr,689,703,0,1392,0,0,1,1,3,1,TA,6,Typ,0,NA,1977,Fin,1,299,TA,0,36,0,0,0,0,Shed,450,3,2010,161750
216,72,10011.67472,10011,Inside,1Fam,1Story,5,6,1957,1996,HdBoard,HdBoard,BrkFace,64,TA,TA,CBlock,TA,TA,No,BLQ,360,0,710,1070,Y,SBrkr,1236,0,0,1236,0,1,1,0,2,1,Gd,6,Min1,1,Fa,1957,Unf,1,447,TA,0,0,0,0,0,0,NA,0,5,2006,134450
217,65,8450.176165,8450,Inside,1Fam,1Story,7,5,2004,2004,VinylSd,VinylSd,BrkFace,266,Gd,TA,PConc,Gd,TA,Mn,GLQ,946,0,490,1436,Y,SBrkr,1436,0,0,1436,1,0,2,0,3,1,Gd,8,Typ,0,NA,2004,Unf,2,484,TA,139,98,0,0,0,0,NA,0,4,2008,210000
218,57,9906.739104,9906,Inside,1Fam,2Story,4,4,1925,1950,MetalSd,MetalSd,None,0,TA,TA,CBlock,TA,TA,No,Unf,0,0,686,686,N,SBrkr,810,518,0,1328,0,0,1,0,3,1,TA,8,Typ,0,NA,1940,Unf,1,210,TA,0,172,60,0,0,0,NA,0,9,2006,107000
219,,15660.65445,15660,Corner,1Fam,1.5Fin,7,9,1939,2006,VinylSd,VinylSd,BrkFace,312,Gd,Gd,CBlock,TA,TA,No,BLQ,341,0,457,798,Y,SBrkr,1137,817,0,1954,0,1,1,1,3,1,Gd,8,Typ,2,TA,1939,Unf,2,431,TA,0,119,150,0,0,0,NA,0,5,2008,311500
220,43,3010.720755,3010,Inside,TwnhsE,1Story,7,5,2005,2006,VinylSd,VinylSd,BrkFace,16,Gd,TA,PConc,Gd,TA,Av,GLQ,16,0,1232,1248,Y,SBrkr,1248,0,0,1248,0,0,2,0,2,1,Gd,5,Typ,0,NA,2005,Fin,2,438,TA,108,0,0,0,0,0,NA,0,3,2006,167240
221,73,8990.721843,8990,Inside,1Fam,1Story,7,5,2006,2006,VinylSd,VinylSd,None,0,Gd,TA,PConc,Gd,TA,Mn,Unf,0,0,1498,1498,Y,SBrkr,1498,0,0,1498,0,0,2,0,2,1,Gd,5,Typ,0,NA,2006,RFn,2,675,TA,351,33,0,0,0,0,NA,0,4,2006,204900
222,,8068.045938,8068,Inside,1Fam,2Story,6,5,2002,2002,VinylSd,VinylSd,None,0,Gd,TA,PConc,Gd,TA,No,Unf,0,0,1010,1010,Y,SBrkr,1010,1257,0,2267,0,0,2,1,4,1,Gd,8,Typ,1,TA,2002,RFn,2,390,TA,120,46,0,0,0,0,NA,0,12,2009,200000
223,85,11475.04289,11475,Inside,1Fam,2Story,6,6,1975,1975,VinylSd,VinylSd,None,0,TA,TA,CBlock,Gd,TA,No,ALQ,550,0,163,713,Y,SBrkr,811,741,0,1552,1,0,2,1,3,1,TA,6,Typ,1,TA,1975,RFn,2,434,TA,209,208,0,0,0,0,NA,0,2,2006,179900
224,70,10500.56851,10500,FR2,1Fam,1Story,4,6,1971,1971,HdBoard,HdBoard,None,0,TA,TA,CBlock,TA,TA,No,ALQ,524,180,160,864,Y,SBrkr,864,0,0,864,0,0,1,0,2,1,TA,4,Typ,0,NA,1989,Unf,2,576,TA,216,0,0,0,0,0,NA,0,3,2009,97000
225,103,13472.1777,13472,Inside,1Fam,1Story,10,5,2003,2003,VinylSd,VinylSd,BrkFace,922,Ex,TA,PConc,Ex,TA,Gd,GLQ,56,0,2336,2392,Y,SBrkr,2392,0,0,2392,0,0,2,0,3,1,Ex,8,Typ,1,Ex,2003,Fin,3,968,TA,248,105,0,0,0,0,NA,0,6,2009,386250
226,21,1680.191932,1680,Inside,Twnhs,2Story,5,5,1971,1971,HdBoard,HdBoard,BrkFace,142,TA,TA,CBlock,TA,TA,No,Unf,0,0,630,630,Y,SBrkr,630,672,0,1302,0,0,2,1,3,1,TA,6,Typ,0,NA,1991,Unf,1,280,TA,0,0,0,0,0,0,NA,0,5,2009,112000
227,82,9950.015422,9950,Inside,1Fam,2Story,7,5,1995,1995,VinylSd,VinylSd,BrkFace,290,Gd,TA,PConc,Gd,TA,No,GLQ,565,0,638,1203,Y,SBrkr,1214,1306,0,2520,0,0,2,1,4,1,Gd,9,Typ,1,TA,1995,RFn,3,721,TA,224,114,0,0,0,0,NA,0,6,2007,290000
228,21,1869.912822,1869,Inside,Twnhs,2Story,6,6,1970,1970,HdBoard,HdBoard,BrkFace,127,TA,TA,CBlock,TA,TA,No,Rec,321,0,162,483,Y,SBrkr,483,504,0,987,0,0,1,1,2,1,TA,5,Typ,0,NA,1987,Unf,1,280,TA,0,0,0,0,0,0,NA,0,9,2008,106000
229,70,8521.607478,8521,FR2,1Fam,1Story,5,5,1967,1967,HdBoard,HdBoard,None,0,TA,TA,CBlock,TA,TA,No,ALQ,842,0,70,912,Y,SBrkr,912,0,0,912,0,0,1,0,3,1,TA,5,Typ,1,Fa,1974,Unf,1,336,TA,0,0,0,0,0,0,NA,0,5,2010,125000
230,43,3182.031893,3182,Inside,TwnhsE,1Story,7,5,2005,2006,VinylSd,VinylSd,BrkFace,16,Gd,TA,PConc,Gd,TA,Av,GLQ,16,0,1357,1373,Y,SBrkr,1555,0,0,1555,0,0,2,0,2,1,Gd,7,Typ,1,TA,2005,Fin,2,430,TA,143,20,0,0,0,0,NA,0,5,2009,192500
231,73,8760.511724,8760,Inside,1Fam,1Story,6,6,1959,1959,MetalSd,MetalSd,BrkFace,220,TA,TA,CBlock,TA,TA,No,Unf,0,0,1194,1194,Y,SBrkr,1194,0,0,1194,1,0,1,0,3,1,TA,6,Typ,0,NA,1959,RFn,1,312,TA,0,0,120,0,0,0,NA,0,4,2010,148000
232,174,15138.998,15138,Inside,1Fam,2Story,8,5,1995,1996,VinylSd,VinylSd,BrkFace,506,Gd,TA,PConc,Gd,TA,No,GLQ,689,0,773,1462,Y,SBrkr,1490,1304,0,2794,1,0,2,1,4,1,Ex,9,Typ,1,TA,1995,Fin,3,810,TA,0,146,202,0,0,0,NA,0,7,2009,403000
233,21,1680.368553,1680,Inside,Twnhs,2Story,6,5,1972,1972,HdBoard,HdBoard,BrkFace,297,TA,TA,CBlock,TA,TA,No,Unf,0,0,483,483,Y,SBrkr,483,504,0,987,0,0,1,1,2,1,TA,5,Typ,1,Po,1972,Unf,1,288,TA,0,0,0,0,0,0,NA,0,6,2006,94500
234,75,10650.25683,10650,Corner,1Fam,1Story,5,6,1976,1976,HdBoard,HdBoard,None,0,TA,TA,CBlock,TA,Gd,Av,LwQ,182,712,0,894,Y,SBrkr,894,0,0,894,1,0,1,0,3,1,TA,5,Typ,0,NA,1976,Unf,1,308,TA,365,0,0,0,0,0,NA,0,2,2010,128200
235,,7851.335989,7851,Inside,1Fam,2Story,6,5,2002,2002,VinylSd,VinylSd,NA,NA,Gd,TA,PConc,Gd,TA,No,GLQ,625,0,235,860,Y,SBrkr,860,1100,0,1960,1,0,2,1,4,1,Gd,8,Typ,2,TA,2002,Fin,2,440,TA,288,48,0,0,0,0,NA,0,5,2010,216500
236,21,1680.462924,1680,Inside,TwnhsE,2Story,6,3,1971,1971,HdBoard,HdBoard,BrkFace,604,TA,TA,CBlock,TA,TA,No,ALQ,358,0,125,483,Y,SBrkr,483,504,0,987,0,0,1,1,2,1,TA,5,Typ,0,NA,1971,Unf,1,264,TA,0,0,0,0,0,0,NA,0,8,2008,89500
237,65,8773.740546,8773,FR2,1Fam,1Story,7,5,2004,2004,VinylSd,VinylSd,BrkFace,98,Gd,TA,PConc,Gd,TA,Av,GLQ,24,0,1390,1414,Y,SBrkr,1414,0,0,1414,0,0,2,0,3,1,Gd,6,Typ,0,NA,2004,RFn,2,494,TA,132,105,0,0,0,0,NA,0,5,2010,185500
238,,9453.455838,9453,CulDSac,1Fam,2Story,7,7,1993,2003,HdBoard,HdBoard,None,0,Gd,TA,PConc,Gd,TA,No,BLQ,402,0,594,996,Y,SBrkr,1014,730,0,1744,0,0,2,1,3,1,Gd,7,Typ,0,NA,1993,RFn,2,457,TA,370,70,0,238,0,0,NA,0,2,2010,194500
239,93,12030.58602,12030,Inside,1Fam,1Story,8,5,2007,2007,VinylSd,VinylSd,BrkFace,254,Ex,TA,PConc,Ex,TA,No,Unf,0,0,1694,1694,Y,SBrkr,1694,0,0,1694,0,0,2,0,3,1,Gd,7,Typ,0,NA,2007,Fin,3,818,TA,168,228,0,0,0,0,NA,0,12,2007,318000
240,52,8741.800062,8741,Inside,1Fam,1.5Fin,6,4,1945,1950,VinylSd,VinylSd,None,0,TA,TA,CBlock,TA,Fa,No,LwQ,94,0,641,735,Y,FuseA,798,689,0,1487,0,0,1,1,3,1,TA,7,Typ,1,Gd,1949,Unf,1,220,TA,0,140,0,0,0,0,NA,0,4,2010,113000
241,75,9000.587684,9000,Inside,1Fam,1Story,8,5,2008,2008,VinylSd,VinylSd,Stone,36,Gd,TA,PConc,Gd,TA,Av,GLQ,1078,0,488,1566,Y,SBrkr,1566,0,0,1566,1,0,2,0,3,1,Gd,7,Typ,0,NA,2008,RFn,2,750,TA,144,168,0,0,0,0,NA,0,4,2010,262500
242,40,3880.324011,3880,Inside,1Fam,1Story,5,9,1945,1997,VinylSd,VinylSd,None,0,TA,Gd,CBlock,TA,TA,No,ALQ,329,0,357,686,Y,SBrkr,866,0,0,866,0,0,1,0,2,1,Gd,4,Typ,0,NA,NA,NA,0,0,NA,58,42,0,0,0,0,NA,0,8,2007,110500
243,63,5000.05261,5000,Corner,1Fam,1.5Fin,5,4,1900,1950,Wd Sdng,Wd Sdng,None,0,TA,TA,BrkTil,TA,TA,No,Unf,0,0,540,540,N,FuseA,889,551,0,1440,0,0,1,0,3,1,TA,6,Typ,0,NA,1940,Unf,1,352,Fa,0,0,77,0,0,0,NA,0,4,2006,79000
244,75,10762.67336,10762,Corner,TwnhsE,2Story,6,6,1980,1980,Plywood,Plywood,None,0,TA,TA,CBlock,Gd,TA,No,Unf,0,0,626,626,Y,SBrkr,626,591,0,1217,0,0,1,1,3,1,TA,6,Typ,1,TA,1980,RFn,1,288,TA,0,28,0,0,0,0,NA,0,4,2009,120000
245,,8880.048345,8880,Inside,1Fam,2Story,7,5,1994,2002,VinylSd,VinylSd,None,0,Gd,TA,PConc,Gd,TA,No,GLQ,695,0,253,948,Y,SBrkr,1222,888,0,2110,1,0,2,1,3,1,Gd,8,Typ,2,Fa,1994,RFn,2,463,TA,0,130,0,0,0,0,NA,0,5,2010,205000
246,80,10400.20509,10400,Inside,1Fam,1Story,7,5,1988,1988,Wd Sdng,Wd Sdng,BrkFace,102,TA,TA,CBlock,Gd,TA,Av,GLQ,929,0,916,1845,Y,SBrkr,1872,0,0,1872,0,1,2,0,3,1,TA,6,Typ,1,TA,1988,Fin,2,604,TA,197,39,0,0,0,0,NA,0,6,2006,241500
247,69,9142.936585,9142,Inside,2fmCon,2Story,6,8,1910,1950,AsbShng,AsbShng,None,0,TA,Fa,Stone,Fa,TA,No,Unf,0,0,1020,1020,N,FuseP,908,1020,0,1928,0,0,2,0,4,2,Fa,9,Typ,0,NA,1910,Unf,1,440,Po,0,60,112,0,0,0,NA,0,4,2006,137000
248,75,11310.7044,11310,Inside,1Fam,1Story,6,5,1954,1954,Wd Sdng,BrkFace,None,0,TA,TA,CBlock,TA,TA,No,Unf,0,0,1367,1367,Y,SBrkr,1375,0,0,1375,0,0,1,0,2,1,TA,5,Typ,1,TA,1954,Unf,2,451,TA,0,30,0,0,0,0,NA,0,6,2006,140000
249,72,11317.99212,11317,Inside,1Fam,2Story,7,5,2003,2003,VinylSd,VinylSd,BrkFace,101,Gd,TA,PConc,Gd,TA,No,Unf,0,0,840,840,Y,SBrkr,840,828,0,1668,0,0,2,1,3,1,Gd,8,Typ,0,NA,2003,RFn,2,500,TA,144,68,0,0,0,0,NA,0,9,2007,180000
250,,159000.1003,159000,CulDSac,1Fam,1.5Fin,6,7,1958,2006,Wd Sdng,HdBoard,BrkCmn,472,Gd,TA,CBlock,Gd,TA,Gd,Rec,697,0,747,1444,Y,SBrkr,1444,700,0,2144,0,1,2,0,4,1,Gd,7,Typ,2,TA,1958,Fin,2,389,TA,0,98,0,0,0,0,Shed,500,6,2007,277000
251,55,5350.680932,5350,Inside,1Fam,1Story,3,2,1940,1966,Wd Sdng,Plywood,None,0,TA,Po,CBlock,TA,TA,No,Unf,0,0,728,728,Y,SBrkr,1306,0,0,1306,0,0,1,0,3,1,Fa,6,Mod,0,NA,NA,NA,0,0,NA,263,0,0,0,0,0,Shed,450,5,2010,76500
252,44,4750.106473,4750,Inside,TwnhsE,1Story,8,5,2006,2007,VinylSd,VinylSd,Stone,481,Gd,TA,PConc,Gd,TA,Gd,GLQ,1573,0,0,1573,Y,SBrkr,1625,0,0,1625,1,1,2,0,2,1,Gd,5,Typ,1,Gd,2006,Fin,2,538,TA,123,0,0,0,153,0,NA,0,12,2007,235000
253,65,8366.388093,8366,Inside,1Fam,2Story,6,5,2004,2004,VinylSd,VinylSd,None,0,Gd,TA,PConc,Gd,TA,No,Unf,0,0,798,798,Y,SBrkr,798,842,0,1640,0,0,2,1,3,1,Gd,6,Typ,0,NA,2004,RFn,2,520,TA,138,45,0,0,0,0,NA,0,12,2008,173000
254,85,9350.122929,9350,Inside,1Fam,SLvl,6,7,1964,1991,HdBoard,HdBoard,BrkFace,108,TA,TA,CBlock,Gd,TA,Gd,LwQ,270,580,452,1302,Y,SBrkr,1302,0,0,1302,0,1,2,0,3,1,Gd,7,Min1,0,NA,1964,RFn,1,309,TA,333,0,0,0,0,0,NA,0,10,2007,158000
255,70,8400.322072,8400,Inside,1Fam,1Story,5,6,1957,1957,MetalSd,MetalSd,None,0,TA,Gd,CBlock,TA,TA,No,Rec,922,0,392,1314,Y,SBrkr,1314,0,0,1314,1,0,1,0,3,1,TA,5,Typ,0,NA,1957,RFn,1,294,TA,250,0,0,0,0,0,NA,0,6,2010,145000
256,66,8738.72329,8738,Inside,1Fam,2Story,7,5,1999,1999,VinylSd,VinylSd,BrkFace,302,Gd,TA,PConc,Gd,TA,No,Unf,0,0,975,975,Y,SBrkr,1005,1286,0,2291,0,0,2,1,4,1,Gd,8,Typ,1,TA,1999,Fin,2,429,TA,192,0,0,0,0,0,NA,0,2,2006,230000
257,64,8791.787695,8791,Inside,1Fam,2Story,6,5,2003,2003,VinylSd,VinylSd,None,0,Gd,TA,PConc,Gd,TA,No,Rec,503,0,361,864,Y,SBrkr,864,864,0,1728,0,0,2,1,3,1,Gd,7,Typ,0,NA,2003,RFn,2,673,TA,216,56,0,0,0,0,NA,0,5,2008,207500
258,68,8814.134149,8814,Inside,1Fam,1Story,7,5,2006,2006,VinylSd,VinylSd,Stone,180,Gd,TA,PConc,Gd,TA,No,GLQ,1334,0,270,1604,Y,SBrkr,1604,0,0,1604,1,0,2,1,3,1,Gd,8,Typ,1,Gd,2006,RFn,2,660,TA,123,110,0,0,0,0,NA,0,3,2009,220000
259,80,12435.52687,12435,Inside,1Fam,2Story,7,5,2001,2001,VinylSd,VinylSd,BrkFace,172,Gd,TA,PConc,Gd,TA,No,GLQ,361,0,602,963,Y,SBrkr,963,829,0,1792,0,0,2,1,3,1,Gd,7,Typ,1,TA,2001,RFn,2,564,TA,0,96,0,245,0,0,NA,0,5,2008,231500
260,70,12702.61173,12702,Inside,1Fam,1Story,5,5,1956,1956,BrkFace,BrkFace,None,0,TA,TA,PConc,NA,NA,NA,NA,0,0,0,0,Y,FuseA,882,0,0,882,0,0,1,0,2,1,TA,4,Typ,0,NA,1956,Unf,1,308,TA,0,45,0,0,0,0,NA,0,12,2008,97000
261,120,19296.84109,19296,Corner,1Fam,SLvl,6,5,1962,1962,Wd Sdng,Wd Sdng,BrkFace,399,TA,TA,CBlock,TA,TA,Gd,Rec,672,690,0,1362,Y,SBrkr,1382,0,0,1382,1,0,1,0,3,1,TA,6,Typ,1,TA,1991,Unf,2,884,TA,0,0,252,0,0,0,NA,0,5,2009,176000
262,69,9588.954849,9588,Inside,1Fam,2Story,8,5,2007,2007,CemntBd,CmentBd,Stone,270,Gd,TA,PConc,Ex,TA,No,Unf,0,0,1482,1482,Y,SBrkr,1482,1092,0,2574,0,0,2,1,3,1,Ex,10,Typ,1,Gd,2007,Fin,3,868,TA,0,148,0,0,0,0,NA,0,11,2007,276000
263,88,8471.401012,8471,Corner,1Fam,SLvl,6,7,1977,1995,HdBoard,Plywood,BrkFace,46,TA,TA,CBlock,Gd,Gd,Av,ALQ,506,0,0,506,Y,SBrkr,1212,0,0,1212,1,0,1,0,3,1,TA,6,Typ,1,TA,1978,Unf,2,492,TA,292,12,0,0,0,0,NA,0,7,2006,151000
264,50,5500.29752,5500,Corner,1Fam,1.5Fin,5,7,1929,2001,Wd Sdng,Wd Sdng,None,0,TA,TA,BrkTil,TA,TA,No,LwQ,234,692,0,926,Y,SBrkr,926,0,390,1316,1,0,1,0,3,1,TA,6,Typ,0,NA,1974,Unf,2,484,TA,0,0,0,0,0,0,NA,0,4,2010,130000
265,30,5232.138401,5232,Inside,1Fam,1Story,5,5,1925,2004,Wd Sdng,Wd Sdng,None,0,TA,TA,BrkTil,Fa,TA,No,Unf,0,0,680,680,N,FuseP,764,0,0,764,0,0,1,0,2,1,TA,4,Typ,0,NA,1965,Unf,2,504,TA,0,0,0,0,0,0,NA,0,6,2008,73000
266,78,12090.11787,12090,Inside,1Fam,1Story,6,6,1981,1981,MetalSd,MetalSd,BrkFace,210,TA,Gd,CBlock,Gd,TA,No,GLQ,588,228,606,1422,Y,SBrkr,1422,0,0,1422,0,0,2,0,3,1,Gd,7,Typ,1,TA,1981,Fin,2,576,TA,276,0,0,0,0,0,NA,0,6,2008,175500
267,70,11207.22954,11207,FR2,1Fam,2Story,6,5,1997,1997,VinylSd,VinylSd,None,0,TA,TA,PConc,Gd,TA,Av,GLQ,714,0,88,802,Y,SBrkr,802,709,0,1511,1,0,2,1,3,1,TA,8,Typ,1,TA,1997,Fin,2,413,TA,95,75,0,0,0,0,NA,0,6,2006,185000
268,60,8400.228187,8400,Inside,1Fam,2.5Fin,5,8,1939,1997,Wd Sdng,Wd Sdng,None,0,TA,TA,PConc,TA,TA,No,LwQ,378,0,342,720,Y,SBrkr,1052,720,420,2192,0,0,2,1,4,1,Gd,8,Typ,1,Gd,1939,Unf,1,240,TA,262,24,0,0,0,0,NA,0,7,2008,179500
269,71,6900.695179,6900,Inside,1Fam,1Story,5,6,1940,1955,VinylSd,VinylSd,None,0,TA,TA,CBlock,TA,TA,No,ALQ,403,125,212,740,Y,SBrkr,778,0,0,778,0,0,1,0,2,1,TA,4,Typ,1,Gd,1966,Fin,1,924,Ex,0,25,0,0,0,0,NA,0,2,2008,120500
270,,7917.596911,7917,Corner,1Fam,1Story,6,7,1976,1976,HdBoard,HdBoard,BrkFace,174,TA,Gd,CBlock,TA,Gd,No,BLQ,751,0,392,1143,Y,SBrkr,1113,0,0,1113,1,0,1,1,3,1,TA,6,Typ,1,Fa,1987,RFn,1,504,TA,370,30,0,0,0,0,NA,0,5,2007,148000
271,84,10728.54176,10728,Inside,1Fam,2Story,8,5,2006,2006,VinylSd,VinylSd,None,0,Gd,TA,PConc,Gd,TA,Mn,Unf,0,0,1095,1095,Y,SBrkr,1095,844,0,1939,0,0,2,1,3,1,Gd,8,Typ,1,Gd,2006,RFn,3,1053,TA,192,51,0,0,0,0,NA,0,8,2006,266000
272,73,39104.74927,39104,CulDSac,1Fam,1Story,7,7,1954,2005,Plywood,Plywood,None,0,TA,TA,CBlock,Gd,TA,Gd,LwQ,226,1063,96,1385,Y,SBrkr,1363,0,0,1363,1,0,1,0,2,1,TA,5,Mod,2,TA,1954,Unf,2,439,TA,81,0,0,0,0,0,NA,0,4,2008,241500
273,92,11764.08621,11764,CulDSac,1Fam,2Story,8,7,1999,2007,VinylSd,VinylSd,BrkFace,348,Gd,TA,PConc,Gd,TA,No,GLQ,524,0,628,1152,Y,SBrkr,1164,1106,0,2270,0,0,2,1,4,1,Gd,9,Typ,1,Gd,1999,Fin,3,671,TA,132,57,0,0,0,0,NA,0,4,2010,290000
274,80,9600.329149,9600,Inside,1Fam,1Story,6,6,1958,1988,Wd Sdng,Wd Sdng,BrkCmn,183,TA,TA,CBlock,TA,TA,No,Rec,620,620,0,1240,Y,SBrkr,1632,0,0,1632,1,0,2,0,3,1,TA,6,Min1,1,Gd,1958,RFn,1,338,TA,289,0,0,0,0,0,NA,0,4,2009,139000
275,76,8314.280547,8314,Corner,1Fam,1Story,5,7,1982,1982,HdBoard,ImStucc,None,0,TA,TA,CBlock,TA,TA,Gd,ALQ,546,0,270,816,Y,SBrkr,816,0,0,816,0,0,1,0,2,1,TA,5,Typ,0,NA,1982,Unf,1,264,TA,168,0,0,0,0,0,NA,0,6,2007,124500
276,55,7264.138015,7264,Inside,1Fam,1.5Fin,7,7,1925,2007,Wd Sdng,Wd Sdng,None,0,Gd,Gd,BrkTil,TA,TA,No,Unf,0,0,952,952,N,SBrkr,952,596,0,1548,0,0,2,1,3,1,Ex,5,Typ,0,NA,1978,Unf,2,672,TA,74,0,0,0,144,0,NA,0,10,2009,205000
277,129,9196.572525,9196,Inside,1Fam,1Story,7,5,2003,2003,VinylSd,VinylSd,None,0,Gd,TA,PConc,Ex,TA,No,Unf,0,0,1560,1560,Y,SBrkr,1560,0,0,1560,0,0,2,0,3,1,Gd,7,Typ,0,NA,2003,Fin,2,573,TA,100,150,0,0,0,0,NA,0,4,2010,201000
278,140,19138.63441,19138,Corner,1Fam,1Story,4,5,1951,1951,VinylSd,VinylSd,None,0,TA,TA,CBlock,TA,TA,No,LwQ,120,0,744,864,Y,SBrkr,864,0,0,864,0,0,1,0,2,1,TA,4,Typ,0,NA,1951,Unf,2,400,TA,0,0,0,0,0,0,NA,0,6,2010,141000
279,107,14450.3998,14450,Inside,1Fam,1Story,9,5,2006,2007,CemntBd,CmentBd,BrkFace,315,Ex,TA,PConc,Ex,TA,Gd,Unf,0,0,2121,2121,Y,SBrkr,2121,0,0,2121,0,0,2,1,3,1,Ex,8,Typ,1,Ex,2007,Fin,3,732,TA,124,98,0,0,142,0,NA,0,5,2007,415298
280,83,10005.84273,10005,Inside,1Fam,2Story,7,5,1977,1977,Plywood,Plywood,BrkFace,299,TA,TA,CBlock,Gd,TA,No,BLQ,392,0,768,1160,Y,SBrkr,1156,866,0,2022,0,0,2,1,4,1,TA,8,Typ,1,TA,1977,Fin,2,505,TA,288,117,0,0,0,0,NA,0,3,2008,192000
281,82,11287.56356,11287,Inside,1Fam,2Story,7,6,1989,1989,Plywood,Plywood,BrkFace,340,Gd,TA,CBlock,Gd,TA,Av,GLQ,421,0,386,807,Y,SBrkr,1175,807,0,1982,0,0,2,1,3,1,Gd,7,Typ,1,TA,1989,Fin,2,575,TA,0,84,0,196,0,0,NA,0,1,2007,228500
282,60,7200.826308,7200,Inside,1Fam,1Story,6,5,2006,2006,VinylSd,VinylSd,Stone,68,Gd,TA,PConc,Gd,TA,No,GLQ,905,0,357,1262,Y,SBrkr,1262,0,0,1262,0,0,2,0,2,1,Gd,5,Typ,0,NA,2006,Fin,2,572,TA,0,120,0,0,0,0,NA,0,5,2006,185000
283,34,5063.914242,5063,Inside,Twnhs,1Story,7,5,2007,2008,VinylSd,VinylSd,Stone,166,Gd,TA,PConc,Gd,TA,No,GLQ,904,0,410,1314,Y,SBrkr,1314,0,0,1314,1,0,2,0,2,1,Gd,6,Typ,1,Gd,2008,RFn,2,626,TA,172,62,0,0,0,0,NA,0,4,2009,207500
284,74,9612.096862,9612,Inside,1Fam,1Story,8,5,2008,2009,VinylSd,VinylSd,Stone,72,Gd,TA,PConc,Gd,TA,No,Unf,0,0,1468,1468,Y,SBrkr,1468,0,0,1468,0,0,2,0,3,1,Gd,6,Typ,1,Gd,2008,Fin,3,898,TA,210,150,0,0,0,0,NA,0,12,2009,244600
285,50,8012.409754,8012,Inside,TwnhsE,1Story,6,5,1992,1992,Plywood,ImStucc,None,0,Gd,TA,PConc,Gd,TA,No,GLQ,430,0,1145,1575,Y,SBrkr,1575,0,0,1575,1,0,2,0,2,1,Gd,5,Typ,0,NA,1992,RFn,2,529,TA,0,0,52,0,0,0,NA,0,7,2007,179200
286,35,4251.409192,4251,Inside,TwnhsE,2Story,7,5,2006,2007,MetalSd,MetalSd,None,0,Gd,TA,PConc,Gd,TA,No,Unf,0,0,625,625,Y,SBrkr,625,625,0,1250,0,0,2,1,2,1,Gd,5,Typ,0,NA,2006,RFn,2,528,TA,0,54,0,0,0,0,NA,0,6,2007,164700
287,77,9786.282016,9786,Inside,1Fam,1.5Fin,6,7,1962,1981,Wd Sdng,Wd Sdng,None,0,TA,TA,CBlock,TA,TA,No,Rec,600,0,312,912,Y,SBrkr,1085,649,0,1734,0,0,1,1,3,1,Gd,7,Typ,1,Gd,1962,RFn,2,440,TA,0,0,0,0,128,0,NA,0,6,2006,159000
288,,8125.503185,8125,Corner,1Fam,1Story,4,4,1971,1971,HdBoard,HdBoard,None,0,TA,TA,CBlock,TA,TA,No,BLQ,614,0,244,858,Y,SBrkr,858,0,0,858,0,0,1,0,3,1,TA,5,Typ,0,NA,NA,NA,0,0,NA,0,0,0,0,0,0,NA,0,6,2006,88000
289,,9819.830411,9819,Inside,1Fam,1Story,5,5,1967,1967,MetalSd,MetalSd,BrkFace,31,TA,Gd,CBlock,TA,TA,No,BLQ,450,0,432,882,Y,SBrkr,900,0,0,900,0,0,1,0,3,1,TA,5,Typ,0,NA,1970,Unf,1,280,TA,0,0,0,0,0,0,NA,0,2,2010,122000
290,60,8730.259849,8730,Inside,1Fam,2Story,6,7,1915,2003,Wd Sdng,Wd Sdng,None,0,TA,TA,BrkTil,TA,TA,No,Unf,0,0,698,698,Y,FuseA,698,698,0,1396,0,0,1,0,3,1,TA,7,Typ,0,NA,2003,Unf,1,384,TA,0,0,0,0,259,0,NA,0,7,2007,153575
291,120,15611.01334,15611,Inside,1Fam,2Story,8,5,2006,2006,VinylSd,VinylSd,None,0,Gd,TA,PConc,Gd,TA,Av,Unf,0,0,1079,1079,Y,SBrkr,1079,840,0,1919,0,0,2,1,3,1,Gd,8,Typ,1,Gd,2006,RFn,2,685,Gd,0,51,0,0,0,0,NA,0,7,2006,233230
292,55,5687.016902,5687,Inside,2fmCon,2Story,5,6,1912,2000,VinylSd,VinylSd,None,0,TA,Fa,PConc,TA,Fa,No,Rec,210,0,570,780,N,SBrkr,936,780,0,1716,1,0,2,0,6,1,Fa,9,Typ,0,NA,NA,NA,0,0,NA,0,184,0,0,0,0,NA,0,3,2008,135900
293,60,11409.24748,11409,Inside,1Fam,1.5Fin,5,4,1949,2008,Wd Sdng,Wd Sdng,None,0,TA,TA,CBlock,TA,TA,No,LwQ,292,0,476,768,Y,SBrkr,1148,568,0,1716,0,0,1,1,3,1,TA,8,Min2,1,Gd,1949,Unf,1,281,TA,0,0,0,0,160,0,NA,0,1,2009,131000
294,,16659.10384,16659,Corner,1Fam,2Story,7,7,1977,1994,Plywood,Plywood,BrkFace,34,TA,TA,CBlock,TA,TA,No,ALQ,795,0,0,795,Y,SBrkr,1468,795,0,2263,1,0,2,1,3,1,Gd,9,Typ,1,TA,1977,Fin,2,539,TA,0,250,0,0,0,0,NA,0,3,2006,235000
295,80,9600.567369,9600,Inside,1Fam,1Story,6,5,1953,1953,HdBoard,HdBoard,Stone,238,TA,TA,CBlock,TA,TA,No,GLQ,1285,0,131,1416,Y,SBrkr,1644,0,0,1644,1,0,1,0,3,1,TA,7,Typ,2,Gd,1953,Fin,2,418,TA,110,0,0,0,0,0,NA,0,10,2009,167000
296,37,7937.995432,7937,CulDSac,1Fam,SLvl,6,6,1984,1984,HdBoard,HdBoard,None,0,TA,TA,CBlock,TA,TA,Av,GLQ,819,0,184,1003,Y,SBrkr,1003,0,0,1003,1,0,1,0,3,1,TA,6,Typ,0,NA,1984,Unf,2,588,TA,120,0,0,0,0,0,NA,0,3,2006,142500
297,75,13710.91799,13710,Inside,1Fam,1.5Fin,5,5,1950,1950,Wd Sdng,Wd Sdng,None,0,TA,TA,CBlock,TA,TA,No,BLQ,420,0,490,910,Y,FuseA,910,648,0,1558,0,0,1,1,4,1,TA,6,Typ,0,NA,1950,Unf,1,282,TA,289,0,0,0,0,0,NA,0,6,2007,152000
298,66,7399.413854,7399,Inside,1Fam,2Story,7,5,1997,1998,VinylSd,VinylSd,BrkFace,1600,Gd,TA,PConc,Gd,TA,No,BLQ,649,0,326,975,Y,SBrkr,975,975,0,1950,0,0,2,1,3,1,Gd,7,Typ,1,TA,1997,RFn,2,576,TA,0,10,0,0,198,0,NA,0,6,2007,239000
299,90,11700.92459,11700,Inside,1Fam,2Story,6,6,1968,1968,HdBoard,AsphShn,BrkFace,365,Gd,TA,CBlock,TA,TA,No,ALQ,384,175,143,702,Y,SBrkr,1041,702,0,1743,0,1,1,2,3,1,TA,7,Typ,1,Gd,1968,Unf,2,539,TA,224,0,0,0,0,0,NA,0,6,2007,175000
300,80,14000.6283,14000,Inside,1Fam,1Story,6,8,1950,2004,HdBoard,HdBoard,None,0,TA,Gd,CBlock,TA,TA,No,Unf,0,0,1092,1092,Y,SBrkr,1152,0,0,1152,0,1,1,0,3,1,Gd,6,Typ,1,Gd,1950,Unf,1,300,TA,0,36,0,0,0,0,NA,0,8,2009,158500
301,90,15750.03624,15750,Corner,2fmCon,1Story,5,5,1953,1953,MetalSd,MetalSd,BrkFace,56,TA,TA,CBlock,TA,TA,Mn,BLQ,841,0,324,1165,Y,SBrkr,1336,0,0,1336,1,0,1,0,2,1,TA,5,Typ,2,Gd,1953,Unf,1,375,TA,0,0,0,0,0,0,NA,0,6,2006,157000
302,66,16226.58109,16226,Inside,1Fam,2Story,8,5,1998,1999,VinylSd,VinylSd,None,0,Gd,TA,PConc,Gd,TA,No,GLQ,281,0,747,1028,Y,SBrkr,1210,1242,0,2452,0,0,2,1,4,1,Gd,9,Typ,1,TA,1998,Fin,2,683,TA,208,50,0,0,0,0,NA,0,5,2007,267000
303,118,13704.70361,13704,Corner,1Fam,1Story,7,5,2001,2002,VinylSd,VinylSd,BrkFace,150,Gd,TA,PConc,Gd,TA,No,Unf,0,0,1541,1541,Y,SBrkr,1541,0,0,1541,0,0,2,0,3,1,Gd,6,Typ,1,TA,2001,RFn,3,843,TA,468,81,0,0,0,0,NA,0,1,2006,205000
304,70,9800.112266,9800,Corner,1Fam,1Story,5,7,1972,1972,VinylSd,VinylSd,None,0,TA,TA,PConc,TA,TA,No,ALQ,894,0,0,894,Y,SBrkr,894,0,0,894,1,0,1,0,3,1,TA,5,Typ,0,NA,1975,Unf,2,552,TA,256,0,0,0,0,0,NA,0,7,2006,149900
305,87,18386.91121,18386,Inside,1Fam,2.5Fin,7,9,1880,2002,CemntBd,CmentBd,None,0,TA,TA,BrkTil,TA,TA,No,Unf,0,0,1470,1470,Y,SBrkr,1675,1818,0,3493,0,0,3,0,3,1,Gd,10,Typ,1,Ex,2003,Unf,3,870,TA,302,0,0,0,0,0,NA,0,5,2008,295000
306,80,10386.84047,10386,Inside,1Fam,1Story,8,5,2004,2005,CemntBd,CmentBd,Stone,246,Gd,TA,PConc,Gd,TA,No,GLQ,1464,0,536,2000,Y,SBrkr,2000,0,0,2000,1,0,2,0,3,1,Gd,8,Typ,0,NA,2004,Fin,3,888,TA,168,0,0,0,0,0,NA,0,7,2007,305900
307,116,13474.32886,13474,Inside,1Fam,2Story,7,5,1990,1991,HdBoard,Plywood,BrkFace,246,Gd,TA,CBlock,Gd,TA,No,ALQ,700,0,0,700,Y,SBrkr,1122,1121,0,2243,1,0,2,1,4,1,Gd,8,Typ,1,TA,1990,RFn,3,746,TA,127,44,224,0,0,0,NA,0,6,2007,225000
308,,7920.394878,7920,Inside,1Fam,1.5Fin,6,7,1920,1950,MetalSd,MetalSd,None,0,TA,Fa,CBlock,TA,TA,No,Unf,0,0,319,319,Y,FuseA,1035,371,0,1406,0,0,1,0,3,1,Fa,6,Typ,0,NA,NA,NA,0,0,NA,0,144,0,0,0,0,NA,0,3,2008,89500
309,,12342.9159,12342,Inside,1Fam,1Story,4,5,1940,1950,VinylSd,VinylSd,None,0,TA,TA,CBlock,TA,TA,No,BLQ,262,0,599,861,Y,SBrkr,861,0,0,861,0,0,1,0,1,1,TA,4,Typ,0,NA,1961,Unf,2,539,TA,158,0,0,0,0,0,NA,0,3,2009,82500
310,90,12378.96671,12378,Inside,1Fam,1Story,9,5,2003,2004,VinylSd,VinylSd,None,0,Gd,TA,PConc,Ex,TA,Gd,GLQ,1274,0,622,1896,Y,SBrkr,1944,0,0,1944,1,0,2,0,3,1,Ex,8,Typ,3,Ex,2003,Fin,3,708,TA,208,175,0,0,0,0,NA,0,11,2006,360000
311,,7685.549489,7685,Inside,1Fam,2Story,6,5,1993,1994,HdBoard,HdBoard,BrkFace,112,TA,TA,PConc,Gd,TA,No,ALQ,518,0,179,697,Y,SBrkr,697,804,0,1501,0,0,2,1,3,1,Gd,6,Typ,1,TA,1993,Fin,2,420,TA,190,63,0,0,0,0,NA,0,5,2006,165600
312,50,8000.173788,8000,Inside,1Fam,1Story,6,6,1948,2002,VinylSd,VinylSd,None,0,TA,Gd,CBlock,TA,TA,No,ALQ,680,0,292,972,Y,SBrkr,972,0,0,972,1,0,1,0,2,1,TA,5,Typ,1,Gd,1948,Unf,1,240,TA,0,0,0,0,0,0,NA,0,5,2009,132000
313,65,7800.151777,7800,Inside,2fmCon,1.5Fin,5,7,1939,1950,MetalSd,MetalSd,None,0,TA,TA,CBlock,Gd,TA,Mn,Rec,507,0,286,793,Y,SBrkr,793,325,0,1118,1,0,1,0,3,1,TA,5,Typ,1,Gd,1939,Unf,2,410,TA,0,0,0,0,271,0,NA,0,5,2006,119900
314,150,215245.2007,215245,Inside,1Fam,1Story,7,5,1965,1965,BrkFace,BrkFace,None,0,TA,TA,CBlock,Gd,TA,Gd,ALQ,1236,820,80,2136,Y,SBrkr,2036,0,0,2036,2,0,2,0,3,1,TA,8,Typ,2,Gd,1965,RFn,2,513,TA,0,0,0,0,0,0,NA,0,6,2009,375000
315,60,9600.560369,9600,Inside,1Fam,2Story,7,7,1925,1990,Wd Sdng,Wd Sdng,None,0,TA,TA,BrkTil,TA,Gd,No,LwQ,16,0,712,728,Y,SBrkr,832,809,0,1641,0,1,1,1,3,1,Ex,6,Typ,1,Gd,1925,Unf,2,546,Fa,0,0,234,0,0,0,NA,0,8,2006,178000
316,71,7795.10981,7795,Inside,1Fam,2Story,7,5,2004,2005,VinylSd,VinylSd,None,0,Gd,TA,PConc,Gd,TA,No,GLQ,425,0,291,716,Y,SBrkr,716,716,0,1432,1,0,2,1,3,1,Gd,6,Typ,1,Gd,2004,Fin,2,432,TA,100,51,0,0,0,0,NA,0,7,2009,188500
317,94,13005.67551,13005,Corner,1Fam,2Story,7,7,1980,1980,CemntBd,CmentBd,BrkFace,278,Gd,TA,CBlock,Gd,TA,No,GLQ,692,0,153,845,Y,SBrkr,1153,1200,0,2353,1,0,2,1,4,1,Ex,10,Typ,1,TA,1983,RFn,2,484,TA,288,195,0,0,0,0,NA,0,8,2009,260000
318,75,9000.214086,9000,Inside,1Fam,2Story,8,5,2006,2006,VinylSd,VinylSd,None,0,Gd,TA,PConc,Gd,TA,Av,Unf,0,0,1088,1088,Y,SBrkr,1088,871,0,1959,0,0,2,1,3,1,Gd,8,Typ,1,Gd,2006,RFn,3,1025,TA,208,46,0,0,0,0,NA,0,12,2007,270000
319,90,9900.082014,9900,Inside,1Fam,2Story,7,5,1993,1993,HdBoard,HdBoard,BrkFace,256,Gd,TA,PConc,Gd,TA,Gd,GLQ,987,0,360,1347,Y,SBrkr,1372,1274,0,2646,1,0,2,1,4,1,Gd,9,Typ,1,TA,1993,RFn,3,656,TA,340,60,144,0,0,0,NA,0,4,2009,260000
320,,14115.88837,14115,Inside,1Fam,SLvl,7,5,1980,1980,Plywood,Plywood,BrkFace,225,TA,TA,CBlock,Gd,TA,Av,GLQ,1036,0,336,1372,Y,SBrkr,1472,0,0,1472,1,0,2,0,3,1,TA,6,Typ,2,TA,1980,Unf,2,588,TA,233,48,0,0,0,0,NA,0,6,2009,187500
321,111,16259.69408,16259,Corner,1Fam,2Story,9,5,2006,2006,VinylSd,VinylSd,Stone,370,TA,TA,PConc,Ex,Gd,Av,Unf,0,0,1249,1249,Y,SBrkr,1249,1347,0,2596,0,0,3,1,4,1,Gd,9,Typ,0,NA,2006,RFn,3,840,TA,240,154,0,0,0,0,NA,0,9,2006,342643
322,99,12099.17497,12099,Inside,1Fam,2Story,8,5,2004,2004,VinylSd,VinylSd,BrkFace,388,Gd,TA,PConc,Ex,TA,Av,GLQ,970,0,166,1136,Y,SBrkr,1136,1332,0,2468,1,0,2,1,4,1,Gd,10,Typ,1,Gd,2004,Fin,3,872,TA,184,154,0,0,0,0,NA,0,6,2007,354000
323,86,10380.0194,10380,Inside,1Fam,2Story,7,5,1986,1987,Plywood,Plywood,BrkFace,172,Gd,TA,CBlock,TA,TA,Gd,LwQ,28,1474,0,1502,Y,SBrkr,1553,1177,0,2730,1,0,2,1,4,1,Gd,8,Typ,1,TA,1987,Fin,2,576,TA,201,96,0,0,0,0,NA,0,8,2007,301000
324,49,5820.847036,5820,Inside,1Fam,1Story,3,8,1955,2005,VinylSd,VinylSd,None,0,TA,Gd,CBlock,TA,TA,No,ALQ,256,0,906,1162,Y,SBrkr,1163,0,0,1163,1,0,1,0,3,1,TA,6,Typ,0,NA,1955,Unf,1,220,Fa,142,98,0,0,0,0,NA,0,7,2006,126175
325,96,11275.35073,11275,Corner,1Fam,SLvl,7,7,1967,2007,Wd Sdng,Wd Sdng,BrkFace,300,Gd,Gd,CBlock,Gd,TA,No,Unf,0,0,710,710,Y,SBrkr,1898,1080,0,2978,0,0,2,1,5,1,Gd,11,Typ,1,Gd,1961,Fin,2,564,TA,240,0,0,0,0,0,NA,0,6,2010,242000
326,50,5000.138901,5000,Inside,1Fam,1.5Unf,5,6,1941,1950,MetalSd,MetalSd,None,0,TA,TA,CBlock,TA,TA,Av,BLQ,116,0,604,720,N,FuseF,803,0,0,803,0,0,1,0,2,1,TA,5,Typ,0,NA,1941,Unf,2,360,TA,0,0,244,0,0,0,NA,0,12,2007,87000
327,32,10846.73831,10846,CulDSac,TwnhsE,1Story,8,5,1993,1993,BrkFace,BrkFace,None,0,Gd,TA,PConc,Gd,TA,Gd,GLQ,1619,0,100,1719,Y,SBrkr,1719,0,0,1719,2,0,1,1,1,1,Gd,6,Typ,2,Gd,1993,Fin,2,473,TA,122,30,0,0,0,0,NA,0,5,2008,324000
328,80,11600.37604,11600,Inside,1Fam,1Story,6,5,1960,1960,Wd Sdng,Wd Sdng,BrkFace,175,TA,TA,CBlock,TA,TA,No,Rec,565,0,818,1383,Y,SBrkr,1383,0,0,1383,0,0,1,1,3,1,TA,7,Typ,0,NA,1960,RFn,1,292,TA,0,45,0,0,0,0,NA,0,4,2006,145250
329,,11888.59587,11888,Inside,1Fam,2.5Unf,6,6,1916,1994,Wd Sdng,Wd Shng,None,0,TA,TA,BrkTil,TA,TA,No,Unf,0,0,844,844,N,FuseA,1445,689,0,2134,0,0,2,0,5,1,Gd,10,Typ,0,NA,1930,Unf,2,441,TA,0,60,268,0,0,0,NA,0,7,2009,214500
330,60,6402.056392,6402,Corner,1Fam,2Story,5,5,1920,1950,Wd Sdng,Wd Shng,None,0,TA,TA,PConc,TA,TA,Mn,Unf,0,0,596,596,N,SBrkr,596,596,0,1192,0,0,1,0,3,1,TA,6,Typ,0,NA,1920,Unf,1,189,Fa,0,0,137,0,0,0,NA,0,7,2009,78000
331,,10624.57313,10624,Inside,Duplex,1Story,5,4,1964,1964,HdBoard,HdBoard,BrkFace,84,TA,TA,CBlock,TA,TA,No,GLQ,40,264,1424,1728,Y,SBrkr,1728,0,0,1728,0,1,2,0,6,2,TA,10,Typ,0,NA,2002,Unf,1,352,TA,155,0,0,0,0,0,NA,0,11,2007,119000
332,70,8176.194282,8176,Inside,1Fam,1Story,5,6,1958,1992,Wd Sdng,Wd Sdng,None,0,TA,TA,CBlock,TA,TA,No,Rec,846,0,210,1056,Y,SBrkr,1056,0,0,1056,1,0,1,0,3,1,TA,6,Typ,0,NA,1958,RFn,1,308,TA,0,0,0,0,0,0,NA,0,8,2007,139000
333,85,10655.1657,10655,Inside,1Fam,1Story,8,5,2003,2004,VinylSd,VinylSd,BrkFace,296,Gd,TA,PConc,Gd,TA,No,GLQ,1124,479,1603,3206,Y,SBrkr,1629,0,0,1629,1,0,2,0,3,1,Gd,7,Typ,1,Gd,2003,RFn,3,880,TA,0,0,0,0,0,0,NA,0,10,2009,284000
334,59,8198.662081,8198,FR3,TwnhsE,1Story,7,5,2004,2004,VinylSd,VinylSd,Stone,146,Gd,TA,PConc,Gd,TA,Av,GLQ,720,0,638,1358,Y,SBrkr,1358,0,0,1358,1,0,2,0,2,1,Gd,6,Typ,1,Gd,2004,RFn,2,484,TA,192,30,0,0,0,0,NA,0,7,2008,207000
335,59,9042.911555,9042,Inside,1Fam,2Story,6,5,1998,1998,VinylSd,VinylSd,None,0,TA,TA,PConc,Gd,TA,Gd,GLQ,828,0,115,943,Y,SBrkr,943,695,0,1638,1,0,2,1,3,1,TA,7,Typ,2,TA,1998,Fin,2,472,TA,100,38,0,0,0,0,NA,0,7,2008,192000
336,,164660.905,164660,Corner,2fmCon,1.5Fin,5,6,1965,1965,Plywood,Plywood,None,0,TA,TA,CBlock,TA,TA,Gd,ALQ,1249,147,103,1499,Y,SBrkr,1619,167,0,1786,2,0,2,0,3,1,TA,7,Typ,2,Gd,1965,Fin,2,529,TA,670,0,0,0,0,0,Shed,700,8,2008,228950
337,86,14157.87566,14157,Corner,1Fam,1Story,9,5,2005,2006,VinylSd,VinylSd,Stone,200,Gd,TA,PConc,Ex,TA,Gd,GLQ,1249,0,673,1922,Y,SBrkr,1922,0,0,1922,1,0,2,0,3,1,Gd,8,Typ,1,Gd,2005,Fin,3,676,TA,178,51,0,0,0,0,NA,0,7,2007,377426
338,70,9135.390482,9135,Inside,1Fam,1Story,7,5,2002,2003,VinylSd,VinylSd,BrkFace,113,Gd,TA,PConc,Gd,TA,Av,GLQ,810,0,726,1536,Y,SBrkr,1536,0,0,1536,1,0,2,0,3,1,Gd,7,Typ,0,NA,2002,RFn,2,532,TA,192,74,0,0,0,0,NA,0,12,2008,214000
339,91,14145.08911,14145,Corner,1Fam,1Story,7,7,1984,1998,Wd Sdng,Wd Sdng,None,0,Gd,TA,CBlock,Gd,TA,Mn,ALQ,213,0,995,1208,Y,SBrkr,1621,0,0,1621,1,0,2,0,3,1,Gd,8,Typ,0,NA,1984,RFn,2,440,TA,108,45,0,0,0,0,Shed,400,5,2006,202500
340,66,12400.94338,12400,Inside,1Fam,1Story,6,7,1958,1998,Wd Sdng,Wd Sdng,BrkFace,176,TA,TA,CBlock,TA,Fa,No,Rec,585,0,630,1215,Y,FuseA,1215,0,0,1215,0,0,1,0,3,1,TA,6,Typ,0,NA,1958,Unf,1,297,TA,0,0,0,0,234,0,NA,0,6,2009,155000
341,85,14191.27661,14191,Inside,1Fam,2Story,8,5,2002,2002,VinylSd,VinylSd,None,0,Gd,TA,PConc,Gd,TA,No,Unf,0,0,967,967,Y,SBrkr,993,915,0,1908,0,0,2,1,4,1,Gd,9,Typ,0,NA,2002,Fin,2,431,TA,135,0,0,0,0,0,NA,0,4,2010,202900
342,60,8400.24936,8400,Inside,1Fam,1Story,4,4,1950,1950,Wd Sdng,AsbShng,None,0,Fa,Fa,CBlock,TA,Fa,No,Unf,0,0,721,721,Y,SBrkr,841,0,0,841,0,0,1,0,2,1,TA,4,Typ,0,NA,1950,Unf,1,294,TA,250,0,24,0,0,0,NA,0,9,2009,82000
343,,8544.370631,8544,Inside,Duplex,1Story,3,4,1949,1950,Stucco,Stucco,BrkFace,340,TA,TA,Slab,NA,NA,NA,NA,0,0,0,0,N,FuseA,1040,0,0,1040,0,0,2,0,2,2,TA,6,Typ,0,NA,1949,Unf,2,400,TA,0,0,0,0,0,0,NA,0,5,2006,87500
344,63,8849.142309,8849,Inside,TwnhsE,1Story,9,5,2005,2005,MetalSd,MetalSd,BrkFace,616,Ex,TA,PConc,Ex,TA,No,GLQ,28,0,1656,1684,Y,SBrkr,1684,0,0,1684,0,0,2,0,2,1,Ex,6,Typ,1,Ex,2005,RFn,2,564,TA,495,72,0,0,0,0,NA,0,7,2008,266000
345,36,2592.219088,2592,Inside,TwnhsE,2Story,5,3,1976,1976,CemntBd,CmentBd,None,0,TA,TA,CBlock,Gd,TA,No,Rec,129,232,175,536,Y,SBrkr,536,576,0,1112,0,0,1,1,3,1,TA,4,Typ,0,NA,1976,Unf,1,336,TA,182,0,0,0,0,0,NA,0,4,2010,85000
346,65,6435.274181,6435,Inside,1Fam,1.5Fin,6,5,1939,1950,MetalSd,MetalSd,None,0,TA,TA,BrkTil,TA,TA,No,Unf,0,0,972,972,Y,SBrkr,972,605,0,1577,0,0,1,0,3,1,Fa,6,Typ,1,Gd,1939,Unf,1,312,TA,0,0,0,0,0,0,NA,0,10,2006,140200
347,,12772.49588,12772,CulDSac,1Fam,1Story,6,8,1960,1998,MetalSd,MetalSd,None,0,TA,Gd,CBlock,TA,TA,Mn,BLQ,498,0,460,958,Y,SBrkr,958,0,0,958,0,0,1,0,2,1,TA,5,Typ,0,NA,1960,RFn,1,301,TA,0,0,0,0,0,0,Gar2,15500,4,2007,151500
348,,17600.66375,17600,Inside,1Fam,1Story,6,5,1960,1960,Wd Sdng,Wd Sdng,BrkFace,30,TA,TA,CBlock,TA,TA,No,BLQ,1270,0,208,1478,Y,FuseA,1478,0,0,1478,1,0,2,0,3,1,TA,6,Typ,2,Gd,1960,Unf,2,498,TA,0,40,0,0,0,0,NA,0,12,2009,157500
349,36,2448.023743,2448,Inside,Twnhs,2Story,7,5,2003,2004,VinylSd,Wd Shng,Stone,106,Gd,TA,PConc,Gd,TA,No,GLQ,573,0,191,764,Y,SBrkr,764,862,0,1626,1,0,2,1,2,1,Gd,6,Typ,0,NA,2003,RFn,2,474,TA,0,27,0,0,0,0,NA,0,10,2008,154000
350,56,20431.78571,20431,Inside,1Fam,2Story,9,5,2005,2006,CemntBd,CmentBd,BrkFace,870,Ex,TA,PConc,Ex,TA,No,GLQ,1410,0,438,1848,Y,SBrkr,1848,880,0,2728,1,0,2,1,4,1,Ex,10,Typ,2,Ex,2006,Fin,3,706,TA,0,0,0,0,0,0,NA,0,4,2006,437154
351,68,7820.622862,7820,Inside,TwnhsE,1Story,9,5,2007,2007,MetalSd,MetalSd,BrkFace,362,Ex,TA,PConc,Ex,TA,No,Unf,0,0,1869,1869,Y,SBrkr,1869,0,0,1869,0,0,2,0,2,1,Ex,6,Typ,1,Gd,2007,RFn,2,617,TA,210,54,0,0,0,0,NA,0,12,2007,318061
352,,5271.968971,5271,Inside,1Fam,1Story,7,5,1986,1986,Wd Sdng,Wd Sdng,None,0,TA,TA,PConc,Gd,TA,Gd,GLQ,1082,0,371,1453,Y,SBrkr,1453,0,0,1453,1,0,1,1,2,1,Gd,6,Typ,1,TA,1986,RFn,2,445,TA,0,80,0,0,184,0,NA,0,12,2006,190000
353,60,9084.766081,9084,Inside,1Fam,1.5Fin,5,6,1941,1950,VinylSd,VinylSd,None,0,TA,TA,CBlock,TA,Fa,Mn,LwQ,236,380,0,616,N,SBrkr,616,495,0,1111,0,1,1,0,3,1,TA,5,Typ,0,NA,1941,Unf,1,200,TA,48,0,0,0,0,0,NA,0,3,2008,95000
354,60,8520.177726,8520,Inside,1Fam,1Story,6,8,1928,2003,VinylSd,VinylSd,None,0,TA,Gd,BrkTil,TA,TA,No,Unf,0,0,624,624,Y,SBrkr,720,0,0,720,0,0,1,0,2,1,TA,5,Typ,0,NA,2005,Unf,2,484,TA,106,0,0,0,0,0,NA,0,5,2010,105900
355,60,8400.015309,8400,Inside,1Fam,1.5Fin,6,5,1940,2000,Wd Sdng,MetalSd,None,0,TA,TA,CBlock,TA,TA,No,LwQ,388,0,552,940,Y,SBrkr,1192,403,0,1595,0,0,1,0,2,1,TA,6,Typ,2,Gd,1940,Unf,1,240,TA,0,0,108,0,0,0,NA,0,6,2006,140000
356,105,11249.83469,11249,Inside,1Fam,1Story,6,5,1995,1995,VinylSd,VinylSd,None,0,Gd,Gd,PConc,Gd,Gd,No,ALQ,334,544,322,1200,Y,SBrkr,1200,0,0,1200,1,0,2,0,3,1,Gd,6,Typ,0,NA,1995,RFn,2,521,TA,0,26,0,0,0,0,NA,0,8,2007,177500
357,,9248.649283,9248,Inside,1Fam,1Story,6,6,1992,1992,HdBoard,HdBoard,BrkFace,106,TA,TA,PConc,Gd,TA,No,GLQ,560,0,598,1158,Y,SBrkr,1167,0,0,1167,1,0,2,0,3,1,Gd,6,Typ,0,NA,1992,RFn,2,400,TA,120,26,0,0,0,0,NA,0,7,2009,173000
358,44,4224.37293,4224,Inside,TwnhsE,1Story,5,5,1976,1976,CemntBd,CmentBd,None,0,TA,TA,PConc,Gd,TA,No,ALQ,874,0,268,1142,Y,SBrkr,1142,0,0,1142,1,0,1,1,3,1,TA,6,Typ,1,Po,1976,Fin,2,528,TA,536,90,0,0,0,0,NA,0,8,2007,134000
359,92,6930.489525,6930,Inside,1Fam,SLvl,5,4,1958,1958,Wd Sdng,ImStucc,BrkFace,120,TA,TA,CBlock,TA,TA,Av,BLQ,300,294,468,1062,Y,FuseF,1352,0,0,1352,0,1,1,0,3,1,Gd,6,Min2,0,NA,1958,Unf,1,288,TA,168,0,294,0,0,0,NA,0,7,2006,130000
360,78,12011.16098,12011,CulDSac,1Fam,2Story,8,5,1998,1998,VinylSd,VinylSd,BrkFace,530,Gd,TA,PConc,Gd,TA,Av,GLQ,956,0,130,1086,Y,SBrkr,1086,838,0,1924,1,0,2,1,3,1,Gd,7,Typ,1,TA,1998,RFn,2,592,TA,208,75,0,0,374,0,NA,0,6,2006,280000
361,,7540.560908,7540,CulDSac,1Fam,SFoyer,6,6,1978,1978,VinylSd,VinylSd,None,0,TA,TA,CBlock,Gd,TA,Av,GLQ,773,0,115,888,Y,SBrkr,912,0,0,912,1,0,1,0,2,1,TA,5,Typ,1,TA,1978,RFn,2,470,TA,0,0,0,0,192,0,NA,0,6,2007,156000
362,,9144.402542,9144,Inside,1Fam,1.5Fin,5,5,1940,1982,MetalSd,MetalSd,None,0,TA,TA,CBlock,TA,TA,No,Rec,399,0,484,883,Y,SBrkr,988,517,0,1505,1,0,1,0,3,1,TA,8,Typ,0,NA,1940,Unf,1,240,TA,0,0,0,0,0,0,NA,0,7,2008,145000
363,64,7301.461124,7301,Corner,1Fam,SFoyer,7,5,2003,2003,HdBoard,HdBoard,BrkFace,500,Gd,TA,Slab,NA,NA,NA,NA,0,0,0,0,Y,SBrkr,495,1427,0,1922,0,0,3,0,4,1,Gd,7,Typ,1,Ex,2003,RFn,2,672,TA,0,0,177,0,0,0,NA,0,7,2009,198500
364,21,1680.462494,1680,Inside,Twnhs,2Story,6,8,1972,2007,HdBoard,HdBoard,BrkFace,510,TA,TA,CBlock,TA,TA,No,ALQ,162,0,321,483,Y,SBrkr,483,504,0,987,0,0,1,1,2,1,Gd,5,Typ,0,NA,1972,Unf,1,264,TA,250,0,0,0,0,0,NA,0,5,2009,118000
365,,18800.6877,18800,FR2,1Fam,2Story,6,5,1976,1976,HdBoard,HdBoard,BrkFace,120,TA,TA,PConc,Gd,TA,Mn,GLQ,712,0,84,796,Y,SBrkr,790,784,0,1574,1,0,2,1,3,1,TA,6,Typ,1,TA,1976,Fin,2,566,TA,306,111,0,0,0,0,NA,0,7,2006,190000
366,59,10690.78867,10690,Inside,1Fam,2Story,5,7,1920,1997,VinylSd,VinylSd,None,0,TA,Gd,CBlock,TA,Fa,No,Rec,456,0,216,672,Y,FuseA,672,672,0,1344,0,0,1,0,3,1,TA,6,Typ,0,NA,1964,Unf,1,468,TA,0,128,218,0,0,0,NA,0,7,2009,147000
367,,9500.413579,9500,Inside,1Fam,1Story,6,5,1963,1963,Plywood,Plywood,BrkFace,247,TA,TA,CBlock,Gd,TA,No,BLQ,609,0,785,1394,Y,SBrkr,1394,0,0,1394,1,0,1,1,3,1,TA,6,Typ,2,Gd,1963,RFn,2,514,TA,0,76,0,0,185,0,NA,0,7,2009,159000
368,101,9150.486368,9150,Corner,1Fam,SLvl,6,5,1962,1962,Plywood,Plywood,BrkFace,305,TA,TA,CBlock,Gd,TA,Gd,GLQ,371,0,728,1099,Y,SBrkr,1431,0,0,1431,0,1,1,0,3,1,TA,6,Typ,1,Gd,1962,RFn,1,296,TA,64,110,0,0,0,0,NA,0,12,2008,165000
369,78,7800.497213,7800,Inside,1Fam,1Story,5,6,1954,1954,HdBoard,HdBoard,BrkFace,200,TA,TA,PConc,TA,TA,No,LwQ,540,0,728,1268,Y,SBrkr,1268,0,0,1268,0,0,1,0,2,1,TA,7,Typ,1,Gd,1954,Fin,1,244,TA,0,98,0,0,0,0,NA,0,3,2010,132000
370,,9830.538475,9830,Corner,1Fam,1Story,5,7,1959,2006,Wd Sdng,Wd Sdng,None,0,TA,Gd,CBlock,TA,TA,No,ALQ,72,258,733,1063,Y,SBrkr,1287,0,0,1287,1,0,1,0,3,1,Gd,7,Typ,1,Gd,1997,Fin,2,576,TA,364,17,0,0,182,0,NA,0,3,2010,162000
371,,8121.748206,8121,Inside,1Fam,2Story,6,5,2000,2000,VinylSd,VinylSd,None,0,TA,TA,PConc,Gd,TA,No,Unf,0,0,953,953,Y,SBrkr,953,711,0,1664,0,0,2,1,3,1,TA,7,Typ,1,TA,2000,RFn,2,460,TA,100,40,0,0,0,0,NA,0,1,2006,172400
372,80,17120.35787,17120,Inside,1Fam,1.5Fin,4,4,1959,1959,WdShing,Plywood,None,0,TA,TA,CBlock,NA,NA,NA,NA,0,0,0,0,Y,SBrkr,1120,468,0,1588,0,0,2,0,4,1,TA,7,Min2,1,Gd,1991,Fin,2,680,TA,0,59,0,0,0,0,NA,0,7,2008,134432
373,50,7175.485862,7175,Inside,TwnhsE,1Story,6,5,1984,1984,Plywood,Plywood,None,0,TA,TA,CBlock,Gd,TA,No,ALQ,623,121,0,744,Y,SBrkr,752,0,0,752,1,0,1,0,2,1,TA,4,Typ,0,NA,1984,Unf,1,264,TA,353,0,0,0,90,0,NA,0,2,2010,125000
374,79,10634.59519,10634,Inside,1Fam,1Story,5,6,1953,1953,MetalSd,MetalSd,None,0,TA,TA,PConc,TA,TA,No,BLQ,428,180,0,608,Y,SBrkr,1319,0,0,1319,1,0,1,0,3,1,TA,5,Min2,0,NA,1953,Unf,1,270,TA,66,0,0,0,0,0,NA,0,11,2009,123000
375,65,8200.269156,8200,Inside,1Fam,2Story,7,5,2003,2004,VinylSd,VinylSd,None,0,Gd,TA,PConc,Gd,TA,No,Unf,0,0,847,847,Y,SBrkr,847,1081,0,1928,0,0,2,1,4,1,Gd,8,Typ,1,Gd,2003,Fin,2,434,TA,100,48,0,0,0,0,NA,0,7,2007,219500
376,,10020.01954,10020,Inside,1Fam,1Story,1,1,1922,1950,Wd Sdng,Wd Sdng,None,0,Fa,Fa,BrkTil,Fa,Po,Gd,BLQ,350,0,333,683,N,FuseA,904,0,0,904,1,0,0,1,1,1,Fa,4,Maj1,0,NA,NA,NA,0,0,NA,0,0,0,0,0,0,NA,0,3,2009,61000
377,57,8846.839984,8846,CulDSac,1Fam,SFoyer,5,5,1996,1996,VinylSd,VinylSd,None,0,Gd,TA,PConc,Gd,TA,Av,GLQ,298,0,572,870,Y,SBrkr,914,0,0,914,0,0,1,0,2,1,TA,5,Typ,0,NA,1998,Unf,2,576,TA,0,0,0,0,0,0,NA,0,7,2006,148000
378,102,11143.53362,11143,Corner,1Fam,2Story,8,5,2004,2005,CemntBd,CmentBd,None,0,Gd,TA,PConc,Gd,TA,No,Unf,0,0,1580,1580,Y,SBrkr,1580,886,0,2466,0,0,3,0,4,1,Gd,8,Typ,1,Gd,2004,RFn,2,610,TA,159,214,0,0,0,0,NA,0,12,2007,340000
379,88,11394.00718,11394,Corner,1Fam,1Story,9,2,2010,2010,VinylSd,VinylSd,Stone,350,Gd,TA,PConc,Ex,TA,Av,GLQ,1445,0,411,1856,Y,SBrkr,1856,0,0,1856,1,0,1,1,1,1,Ex,8,Typ,1,Ex,2010,Fin,3,834,TA,113,0,0,0,0,0,NA,0,6,2010,394432
380,60,8123.499718,8123,Inside,1Fam,2Story,6,5,2000,2000,VinylSd,VinylSd,BrkFace,16,TA,TA,PConc,Gd,TA,No,Unf,0,0,982,982,Y,SBrkr,1007,793,0,1800,0,0,2,1,3,1,TA,7,Typ,1,TA,2000,Fin,2,463,TA,100,63,0,0,0,0,NA,0,6,2009,179000
381,50,5000.559905,5000,Inside,1Fam,1.5Fin,5,6,1924,1950,BrkFace,Wd Sdng,None,0,TA,TA,BrkTil,TA,TA,No,LwQ,218,0,808,1026,Y,SBrkr,1026,665,0,1691,0,0,2,0,3,1,Gd,6,Typ,1,Gd,1924,Unf,1,308,TA,0,0,242,0,0,0,NA,0,5,2010,127000
382,60,7200.136098,7200,Inside,1Fam,1Story,7,5,2006,2006,VinylSd,VinylSd,None,0,Gd,TA,PConc,Gd,Gd,No,Unf,0,0,1293,1293,Y,SBrkr,1301,0,0,1301,1,0,2,0,2,1,Gd,5,Typ,1,Gd,2006,RFn,2,572,TA,216,121,0,0,0,0,NA,0,8,2006,187750
383,79,9245.692367,9245,Inside,1Fam,2Story,7,5,2006,2006,VinylSd,VinylSd,None,0,Gd,TA,PConc,Gd,TA,Av,Unf,0,0,939,939,Y,SBrkr,939,858,0,1797,0,0,2,1,3,1,Gd,8,Typ,0,NA,2006,RFn,2,639,TA,144,53,0,0,0,0,NA,0,4,2007,213500
384,60,9000.723365,9000,Corner,1Fam,1.5Unf,6,3,1928,1950,Wd Sdng,Wd Sdng,None,0,TA,TA,BrkTil,Fa,Fa,No,Unf,0,0,784,784,N,FuseA,784,0,0,784,0,0,1,0,2,1,TA,5,Typ,0,NA,1950,Unf,2,360,Fa,0,0,91,0,0,0,NA,0,10,2009,76000
385,,53107.65653,53107,Corner,1Fam,2Story,6,5,1992,1992,HdBoard,HdBoard,None,0,Gd,TA,PConc,Gd,TA,Av,GLQ,985,0,595,1580,Y,SBrkr,1079,874,0,1953,1,0,2,1,3,1,Gd,9,Typ,2,Fa,1992,Fin,2,501,TA,216,231,0,0,0,0,NA,0,6,2007,240000
386,43,3182.240065,3182,Inside,TwnhsE,1Story,8,5,2004,2005,VinylSd,VinylSd,BrkFace,16,Gd,TA,PConc,Gd,TA,No,GLQ,24,0,1232,1256,Y,SBrkr,1269,0,0,1269,0,0,2,0,2,1,Gd,6,Typ,1,TA,2004,Fin,2,430,TA,146,20,0,0,144,0,NA,0,4,2010,192000
387,58,8410.948805,8410,FR2,1Fam,1.5Fin,5,3,1910,1996,Wd Sdng,VinylSd,None,0,TA,Fa,PConc,TA,TA,No,Unf,0,0,658,658,Y,SBrkr,658,526,0,1184,0,0,1,0,5,1,TA,8,Typ,0,NA,NA,NA,0,0,NA,0,151,0,0,0,0,NA,0,5,2006,81000
388,72,7200.160876,7200,Inside,1Fam,SLvl,6,6,1976,1976,MetalSd,MetalSd,BrkFace,255,TA,TA,CBlock,TA,TA,Av,ALQ,631,0,410,1041,Y,SBrkr,1125,0,0,1125,1,0,1,0,3,1,TA,6,Typ,1,Fa,1977,Unf,1,352,TA,296,0,0,0,0,0,NA,0,10,2009,125000
389,93,9382.745818,9382,CulDSac,1Fam,1Story,7,5,1999,2000,VinylSd,VinylSd,BrkFace,125,Gd,TA,PConc,Gd,TA,No,Unf,0,0,1468,1468,Y,SBrkr,1479,0,0,1479,0,0,2,0,3,1,Gd,6,Typ,0,NA,1999,RFn,2,577,TA,120,25,0,0,0,0,NA,0,7,2008,191000
390,96,12474.90936,12474,Inside,1Fam,2Story,10,5,2007,2008,VinylSd,VinylSd,Stone,272,Ex,TA,PConc,Ex,TA,Av,GLQ,1280,0,402,1682,Y,SBrkr,1742,590,0,2332,1,0,2,1,3,1,Ex,9,Typ,1,Ex,2008,Fin,3,846,TA,196,134,0,0,0,0,NA,0,8,2008,426000
391,50,8405.202936,8405,Inside,1Fam,1.5Fin,5,8,1900,1950,MetalSd,MetalSd,None,0,TA,TA,BrkTil,TA,Gd,No,Rec,241,391,229,861,Y,SBrkr,961,406,0,1367,1,0,1,0,4,1,TA,7,Typ,0,NA,1978,Unf,1,384,TA,0,130,112,0,0,0,NA,0,4,2008,119000
392,71,12209.60004,12209,CulDSac,1Fam,2Story,6,5,2001,2002,VinylSd,VinylSd,None,0,TA,TA,PConc,Ex,TA,No,ALQ,690,0,114,804,Y,SBrkr,804,1157,0,1961,1,0,2,1,3,1,Gd,7,Typ,1,TA,2001,Fin,2,560,TA,125,192,0,0,0,0,NA,0,6,2009,215000
393,,8339.738495,8339,Inside,1Fam,1Story,5,7,1959,1959,MetalSd,MetalSd,None,0,TA,TA,Slab,NA,NA,NA,NA,0,0,0,0,Y,SBrkr,882,0,0,882,0,0,1,0,3,1,TA,5,Typ,0,NA,1959,RFn,1,294,TA,0,0,0,0,0,0,Shed,1200,7,2007,106500
394,,7446.548764,7446,Corner,1Fam,1Story,4,5,1941,1950,WdShing,Wd Shng,None,0,TA,TA,CBlock,TA,TA,No,Rec,266,0,522,788,Y,FuseA,788,0,0,788,0,0,1,0,2,1,TA,4,Typ,2,TA,NA,NA,0,0,NA,0,0,0,0,0,0,NA,0,4,2006,100000
395,60,10134.37274,10134,Inside,1Fam,1.5Fin,5,6,1940,1950,MetalSd,MetalSd,None,0,TA,TA,CBlock,TA,TA,No,Unf,0,0,735,735,Y,FuseA,735,299,0,1034,0,0,1,0,2,1,TA,5,Typ,0,NA,1940,Unf,1,240,TA,0,39,0,0,0,0,NA,0,7,2007,109000
396,68,9571.721688,9571,Inside,1Fam,1Story,5,6,1956,1956,Wd Sdng,Wd Sdng,None,0,TA,TA,CBlock,TA,TA,Av,BLQ,739,0,405,1144,Y,SBrkr,1144,0,0,1144,1,0,1,0,3,1,TA,6,Typ,0,NA,1956,Unf,1,596,TA,44,0,0,0,0,0,NA,0,6,2010,129000
397,60,7200.350861,7200,Inside,1Fam,1Story,5,5,1972,1972,MetalSd,MetalSd,None,0,TA,TA,CBlock,TA,TA,Av,Rec,777,0,117,894,Y,SBrkr,894,0,0,894,0,0,1,0,2,1,TA,6,Typ,0,NA,1985,RFn,2,600,TA,215,0,0,0,0,0,NA,0,9,2009,123000
398,69,7590.054941,7590,Inside,1Fam,2Story,5,5,1962,1962,VinylSd,VinylSd,BrkFace,288,TA,TA,CBlock,TA,TA,No,ALQ,540,0,324,864,Y,SBrkr,876,936,0,1812,0,0,2,0,4,1,TA,8,Typ,1,TA,1962,RFn,1,264,TA,0,168,0,0,0,0,NA,0,7,2007,169500
399,60,8967.636188,8967,Corner,1Fam,1Story,5,2,1920,1950,MetalSd,MetalSd,None,0,TA,Fa,BrkTil,Fa,Po,No,Unf,0,0,961,961,Y,Mix,1077,0,0,1077,0,0,1,0,2,1,TA,6,Maj2,0,NA,1920,Unf,1,338,Po,0,0,0,0,0,0,NA,0,11,2007,67000
400,65,8125.961325,8125,Inside,1Fam,2Story,7,5,2006,2007,CemntBd,CmentBd,Stone,100,Gd,TA,PConc,Gd,TA,No,GLQ,812,0,280,1092,Y,SBrkr,1112,438,0,1550,1,0,2,0,2,1,Gd,7,Typ,0,NA,2007,Fin,2,438,TA,0,168,0,0,0,0,NA,0,10,2009,241000
401,38,14963.84689,14963,Inside,TwnhsE,1Story,8,5,1996,1996,BrkFace,BrkFace,None,0,Gd,TA,PConc,Gd,TA,No,GLQ,786,0,474,1260,Y,SBrkr,1288,0,0,1288,1,0,1,1,1,1,Ex,4,Typ,2,Gd,1996,Fin,2,500,TA,120,30,0,0,224,0,NA,0,12,2008,245500
402,65,8767.476917,8767,Inside,1Fam,1Story,7,5,2005,2005,VinylSd,VinylSd,None,0,Gd,TA,PConc,Gd,TA,Av,GLQ,24,0,1286,1310,Y,SBrkr,1310,0,0,1310,0,0,2,0,3,1,Gd,6,Typ,1,Gd,2005,Fin,2,400,TA,0,0,0,0,0,0,NA,0,7,2006,164990
403,60,10200.96515,10200,Inside,1Fam,1Story,5,8,1940,1997,Wd Sdng,Wd Sdng,None,0,TA,TA,PConc,TA,TA,No,Unf,0,0,672,672,Y,SBrkr,672,0,0,672,0,0,1,0,2,1,TA,4,Typ,0,NA,1940,Unf,1,240,TA,168,0,0,0,0,0,NA,0,8,2008,108000
404,93,12090.34716,12090,Corner,1Fam,2Story,8,5,1998,1998,VinylSd,VinylSd,BrkFace,650,Gd,TA,PConc,Gd,TA,No,Unf,0,0,1141,1141,Y,SBrkr,1165,1098,0,2263,0,0,2,1,4,1,Gd,10,Typ,1,TA,1998,Fin,2,420,TA,144,123,0,0,0,0,NA,0,7,2006,258000
405,,10364.76278,10364,Inside,1Fam,2Story,6,5,1995,1996,MetalSd,MetalSd,None,0,TA,TA,PConc,Gd,TA,No,Unf,0,0,806,806,Y,SBrkr,806,766,0,1572,0,0,2,1,3,1,TA,7,Typ,1,TA,1995,Fin,2,373,TA,0,40,0,0,0,0,NA,0,5,2007,168000
406,,9991.945183,9991,Corner,1Fam,1Story,4,4,1976,1993,Plywood,Plywood,None,0,TA,TA,CBlock,TA,TA,No,BLQ,1116,0,165,1281,Y,SBrkr,1620,0,0,1620,1,0,2,0,3,1,TA,8,Min1,1,TA,1993,Unf,2,490,TA,120,78,0,0,0,0,NA,0,6,2009,150000
407,51,10480.65495,10480,Inside,1Fam,1.5Fin,6,5,1936,1950,MetalSd,MetalSd,None,0,TA,TA,BrkTil,TA,TA,No,Unf,0,0,1064,1064,Y,FuseA,1166,0,473,1639,0,0,1,0,3,1,TA,6,Maj2,0,NA,1936,Unf,1,240,TA,0,0,0,0,0,0,NA,0,3,2008,115000
408,63,15576.61903,15576,Inside,1Fam,2Story,6,7,1915,1976,Wd Sdng,Plywood,None,0,TA,TA,BrkTil,Gd,TA,No,Unf,0,0,840,840,Y,SBrkr,840,840,0,1680,0,0,2,0,4,1,TA,8,Typ,0,NA,1960,Unf,1,308,TA,0,0,160,0,0,0,NA,0,3,2008,177000
409,109,14154.36226,14154,Corner,1Fam,2Story,7,5,2006,2006,VinylSd,VinylSd,BrkFace,350,Gd,TA,PConc,Ex,Gd,No,Unf,0,0,1063,1063,Y,SBrkr,1071,1101,0,2172,0,0,2,1,3,1,Gd,9,Typ,1,Gd,2006,RFn,3,947,TA,192,62,0,0,0,0,NA,0,8,2007,280000
410,85,10800.82105,10800,Inside,1Fam,2Story,8,5,2007,2008,VinylSd,VinylSd,Stone,100,Gd,TA,PConc,Ex,TA,No,GLQ,789,0,245,1034,Y,SBrkr,1050,1028,0,2078,1,0,2,1,3,1,Ex,8,Typ,1,Gd,2008,Fin,3,836,TA,0,102,0,0,0,0,NA,0,4,2008,339750
411,68,9571.77977,9571,Inside,1Fam,1Story,5,3,1958,1958,BrkComm,Brk Cmn,None,0,TA,Fa,CBlock,TA,Fa,No,Unf,0,0,1276,1276,Y,FuseA,1276,0,0,1276,0,0,1,0,3,1,TA,5,Mod,0,NA,1958,Unf,1,350,TA,0,0,0,0,0,0,NA,0,6,2009,60000
412,100,34650.95346,34650,Inside,2fmCon,1Story,5,5,1955,1955,Wd Sdng,Wd Sdng,None,0,TA,TA,CBlock,TA,TA,Mn,Rec,1056,0,0,1056,N,SBrkr,1056,0,0,1056,1,0,1,0,3,1,TA,5,Typ,0,NA,1955,Fin,2,572,TA,264,0,0,0,0,0,NA,0,1,2006,145000
413,,4403.223916,4403,Inside,1Fam,1Story,7,5,2009,2009,MetalSd,MetalSd,Stone,432,Ex,TA,PConc,Ex,TA,Av,GLQ,578,0,892,1470,Y,SBrkr,1478,0,0,1478,1,0,2,1,2,1,Gd,7,Typ,1,Gd,2009,Fin,2,484,TA,0,144,0,0,0,0,NA,0,6,2010,222000
414,56,8960.116412,8960,Inside,1Fam,1Story,5,6,1927,1950,WdShing,Wd Shng,None,0,TA,TA,CBlock,TA,TA,No,Unf,0,0,1008,1008,Y,FuseA,1028,0,0,1028,0,0,1,0,2,1,TA,5,Typ,1,Gd,1927,Unf,2,360,TA,0,0,130,0,0,0,NA,0,3,2010,115000
415,59,11228.36086,11228,CulDSac,1Fam,2Story,7,5,1993,1993,VinylSd,VinylSd,None,0,Gd,TA,PConc,Gd,TA,No,BLQ,50,531,499,1080,Y,SBrkr,1080,1017,0,2097,0,1,2,1,3,1,Gd,9,Typ,1,TA,1993,Unf,3,678,TA,196,187,0,0,0,0,NA,0,12,2008,228000
416,73,8899.046522,8899,Inside,1Fam,1Story,7,5,2007,2007,VinylSd,VinylSd,None,0,Gd,TA,PConc,Gd,TA,Av,GLQ,24,0,1316,1340,Y,SBrkr,1340,0,0,1340,0,0,2,0,3,1,Gd,6,Typ,0,NA,2007,Fin,2,396,TA,100,30,0,0,0,0,NA,0,8,2007,181134
417,74,7844.671973,7844,Inside,1Fam,2Story,6,7,1978,1978,HdBoard,HdBoard,BrkFace,203,TA,TA,CBlock,TA,TA,No,ALQ,209,0,463,672,Y,SBrkr,672,728,0,1400,0,0,1,1,3,1,TA,6,Typ,1,TA,1978,Fin,2,440,TA,0,0,0,0,0,0,NA,0,3,2006,149500
418,86,22420.2391,22420,Inside,1Fam,2Story,6,6,1918,1950,Wd Sdng,Stucco,None,0,TA,TA,BrkTil,Gd,TA,No,BLQ,1128,0,242,1370,N,FuseA,1370,1254,0,2624,1,0,2,1,4,1,TA,10,Typ,1,Gd,1918,Unf,3,864,TA,0,0,0,0,0,0,NA,0,11,2007,239000
419,60,8160.046846,8160,Inside,1Fam,1.5Fin,5,6,1940,1950,MetalSd,MetalSd,None,0,TA,TA,BrkTil,TA,TA,No,ALQ,312,0,444,756,N,FuseF,756,378,0,1134,1,0,1,1,3,1,TA,7,Typ,0,NA,1940,Unf,1,240,TA,0,0,0,0,0,0,NA,0,4,2007,126000
420,65,8450.139611,8450,Inside,1Fam,1Story,5,6,1968,1968,VinylSd,VinylSd,None,0,TA,TA,CBlock,TA,TA,No,BLQ,775,0,281,1056,Y,SBrkr,1056,0,0,1056,1,0,1,0,3,1,TA,6,Typ,1,Fa,1968,Unf,1,304,TA,0,85,184,0,0,0,NA,0,7,2010,142000
421,78,7060.72713,7060,Inside,Duplex,SFoyer,7,5,1997,1998,VinylSd,VinylSd,BrkFace,200,TA,Gd,PConc,Gd,Gd,Gd,GLQ,1309,0,35,1344,Y,SBrkr,1344,0,0,1344,2,0,2,0,2,2,TA,8,Typ,0,NA,1997,Fin,4,784,TA,0,0,0,0,0,0,NA,0,11,2008,206300
422,,16635.02988,16635,FR2,1Fam,1Story,6,7,1977,2000,CemntBd,CmentBd,Stone,126,Gd,TA,CBlock,Gd,TA,No,ALQ,1246,0,356,1602,Y,SBrkr,1602,0,0,1602,0,1,2,0,3,1,Gd,8,Typ,1,TA,1977,Fin,2,529,TA,240,0,0,0,0,0,NA,0,6,2009,215000
423,100,21750.27465,21750,Inside,1Fam,1Story,5,5,1954,1954,HdBoard,HdBoard,None,0,TA,TA,CBlock,TA,TA,No,Unf,0,0,988,988,Y,FuseA,988,0,0,988,0,0,1,0,2,1,TA,4,Typ,0,NA,1954,RFn,2,520,TA,0,0,0,0,0,0,NA,0,2,2008,113000
424,80,9200.81201,9200,Inside,1Fam,2Story,8,5,1998,1998,VinylSd,VinylSd,BrkFace,473,Gd,TA,PConc,Gd,TA,No,GLQ,986,0,484,1470,Y,SBrkr,1470,1160,0,2630,1,0,2,1,4,1,Gd,8,Typ,1,TA,1998,Fin,3,696,TA,0,66,0,0,0,0,NA,0,6,2008,315000
425,72,9000.876623,9000,Inside,1Fam,1Story,6,5,1956,1956,Wd Sdng,Wd Sdng,BrkFace,74,TA,TA,CBlock,Gd,TA,No,LwQ,616,0,580,1196,Y,FuseA,1196,0,0,1196,1,0,1,0,2,1,TA,6,Typ,1,Gd,1956,RFn,1,297,TA,0,44,0,0,0,0,NA,0,5,2008,139000
426,60,3378.874862,3378,Inside,1Fam,2Story,7,8,1946,1992,HdBoard,HdBoard,None,0,TA,Gd,CBlock,TA,TA,No,Unf,0,0,651,651,Y,SBrkr,707,682,0,1389,0,0,1,1,3,1,TA,6,Typ,2,Gd,1947,Unf,1,240,TA,0,0,126,0,0,0,NA,0,9,2009,135000
427,,12800.20463,12800,Inside,1Fam,SLvl,7,5,1989,1989,Wd Sdng,Wd Sdng,BrkFace,145,Gd,TA,PConc,Gd,TA,Gd,GLQ,1518,0,0,1518,Y,SBrkr,1644,0,0,1644,1,1,2,0,2,1,Gd,5,Typ,1,TA,1989,Fin,2,569,TA,80,0,0,0,396,0,NA,0,8,2009,275000
428,77,8593.010088,8593,Inside,1Fam,1Story,4,6,1957,1957,MetalSd,MetalSd,None,0,TA,TA,CBlock,TA,TA,No,Rec,288,0,619,907,Y,SBrkr,907,0,0,907,0,0,1,0,3,1,TA,5,Typ,0,NA,1964,Unf,1,352,TA,0,0,0,0,0,0,NA,0,7,2008,109008
429,64,6762.240734,6762,Inside,1Fam,1Story,7,5,2007,2007,VinylSd,VinylSd,BrkFace,108,Gd,TA,PConc,Gd,TA,No,GLQ,664,0,544,1208,Y,SBrkr,1208,0,0,1208,1,0,2,0,2,1,Gd,6,Typ,0,NA,2007,RFn,2,628,TA,105,54,0,0,0,0,NA,0,9,2007,195400
430,130,11457.40044,11457,Corner,1Fam,1Story,6,5,1988,1988,HdBoard,HdBoard,None,0,TA,TA,CBlock,Gd,TA,Mn,GLQ,1005,0,387,1392,Y,SBrkr,1412,0,0,1412,1,0,2,0,3,1,Gd,6,Typ,1,TA,1988,Unf,2,576,TA,0,0,169,0,0,0,NA,0,3,2009,175000
431,21,1680.204911,1680,Inside,Twnhs,2Story,6,5,1971,1971,HdBoard,HdBoard,BrkFace,232,TA,TA,CBlock,TA,TA,No,ALQ,387,0,96,483,Y,SBrkr,483,504,0,987,0,0,1,1,2,1,TA,4,Typ,0,NA,1971,Unf,1,264,TA,0,0,0,0,0,0,NA,0,7,2008,85400
432,60,5586.834394,5586,Inside,1Fam,1.5Fin,6,7,1920,1998,MetalSd,MetalSd,None,0,TA,TA,BrkTil,TA,TA,No,Unf,0,0,901,901,Y,SBrkr,1088,110,0,1198,0,0,1,0,4,1,TA,7,Typ,0,NA,NA,NA,0,0,NA,0,98,0,0,0,0,NA,0,9,2008,79900
433,24,1920.647645,1920,Inside,TwnhsE,2Story,5,5,1971,1971,HdBoard,HdBoard,BrkFace,376,TA,TA,CBlock,TA,TA,No,ALQ,471,0,294,765,Y,SBrkr,765,600,0,1365,1,0,1,1,2,1,TA,6,Min1,0,NA,1971,Unf,2,440,TA,240,36,0,0,0,0,NA,0,8,2007,122500
434,100,10839.88792,10839,Corner,1Fam,2Story,6,5,1997,1998,VinylSd,VinylSd,None,0,TA,TA,PConc,Gd,TA,No,Unf,0,0,926,926,Y,SBrkr,926,678,0,1604,0,0,2,1,3,1,TA,7,Typ,1,TA,1997,Fin,2,470,TA,0,36,0,0,0,0,NA,0,7,2008,181000
435,21,1890.297807,1890,Inside,Twnhs,SFoyer,4,7,1972,1972,CemntBd,CmentBd,None,0,TA,Gd,CBlock,Gd,TA,Av,ALQ,495,0,135,630,Y,SBrkr,630,0,0,630,1,0,1,0,1,1,TA,3,Typ,0,NA,NA,NA,0,0,NA,88,0,0,0,0,0,NA,0,6,2008,81000
436,43,10667.06411,10667,CulDSac,1Fam,2Story,7,6,1996,1996,VinylSd,VinylSd,None,0,Gd,TA,PConc,Gd,TA,Av,GLQ,385,344,70,799,Y,SBrkr,827,834,0,1661,1,0,2,1,3,1,Gd,6,Typ,1,TA,1996,RFn,2,550,TA,158,61,0,0,0,0,NA,0,4,2009,212000
437,40,4400.719313,4400,Inside,1Fam,1.5Fin,6,8,1920,1950,Stucco,Stucco,None,0,TA,TA,BrkTil,Fa,TA,No,Unf,0,0,648,648,Y,FuseA,734,384,0,1118,0,0,1,0,2,1,TA,6,Typ,0,NA,1990,Unf,2,440,TA,0,0,0,0,0,0,NA,0,10,2006,116000
438,50,6000.081139,6000,Inside,1Fam,1.5Unf,6,7,1926,2004,Wd Sdng,Wd Sdng,None,0,Gd,TA,PConc,TA,TA,No,Unf,0,0,884,884,Y,SBrkr,904,0,0,904,0,0,1,0,2,1,TA,4,Typ,0,NA,1926,Unf,1,180,TA,0,0,105,0,0,0,NA,0,1,2009,119000
439,40,4280.77486,4280,Inside,1Fam,1Story,5,6,1913,2002,WdShing,Stucco,None,0,TA,TA,PConc,TA,TA,No,LwQ,365,0,75,440,N,SBrkr,694,0,0,694,0,0,1,0,2,1,Gd,4,Typ,1,Gd,1990,Unf,1,352,Gd,0,0,34,0,0,0,NA,0,3,2007,90350
440,67,12354.26248,12354,Corner,1Fam,1.5Fin,6,8,1920,2000,Wd Sdng,Wd Sdng,None,0,TA,TA,BrkTil,TA,Fa,Mn,Unf,0,0,684,684,Y,SBrkr,684,512,0,1196,0,0,1,0,3,1,Gd,7,Typ,0,NA,2005,Unf,2,528,TA,0,46,0,0,0,0,Shed,800,8,2009,110000
441,105,15431.31814,15431,Inside,1Fam,1Story,10,5,2008,2008,VinylSd,VinylSd,Stone,200,Ex,TA,PConc,Ex,TA,Gd,GLQ,1767,539,788,3094,Y,SBrkr,2402,0,0,2402,1,0,2,0,2,1,Ex,10,Typ,2,Gd,2008,Fin,3,672,TA,0,72,0,0,170,0,NA,0,4,2009,555000
442,92,12108.50253,12108,Inside,Duplex,1Story,4,4,1955,1955,VinylSd,VinylSd,BrkFace,270,TA,TA,CBlock,TA,TA,No,ALQ,133,0,1307,1440,N,FuseF,1440,0,0,1440,0,0,2,0,4,2,Fa,8,Typ,0,NA,NA,NA,0,0,NA,0,0,0,0,0,0,NA,0,9,2008,118000
443,52,6240.137513,6240,Inside,1Fam,1.5Fin,5,7,1930,1992,MetalSd,MetalSd,None,0,TA,TA,PConc,TA,TA,No,Unf,0,0,1078,1078,Y,SBrkr,1128,445,0,1573,0,0,2,0,3,1,TA,8,Typ,1,Gd,1930,Unf,2,360,TA,0,0,0,0,0,0,NA,0,6,2008,162900
444,53,3922.577443,3922,Inside,TwnhsE,1Story,7,5,2006,2007,WdShing,Wd Shng,BrkFace,72,Gd,TA,PConc,Ex,TA,Av,Unf,0,0,1258,1258,Y,SBrkr,1258,0,0,1258,0,0,2,0,2,1,Gd,6,Typ,1,Gd,2007,Fin,3,648,TA,144,16,0,0,0,0,NA,0,6,2007,172500
445,70,8750.60754,8750,Inside,1Fam,2Story,7,5,1994,1995,VinylSd,VinylSd,None,0,Gd,Gd,PConc,Gd,TA,No,GLQ,642,0,273,915,Y,SBrkr,933,975,0,1908,1,0,2,1,4,1,Gd,8,Typ,1,TA,1994,Unf,2,493,TA,144,133,0,0,0,0,NA,0,7,2008,210000
446,73,9855.742143,9855,Corner,1Fam,1Story,6,5,1956,1956,Wd Sdng,Wd Sdng,None,0,TA,TA,CBlock,TA,TA,No,Unf,0,0,1436,1436,Y,SBrkr,1689,0,0,1689,0,0,1,0,3,1,TA,7,Typ,1,Gd,1956,Unf,2,480,TA,0,0,0,0,0,0,NA,0,11,2009,127500
447,137,16492.6267,16492,Corner,1Fam,1Story,6,6,1966,2002,BrkFace,Plywood,None,0,Gd,TA,CBlock,TA,TA,No,ALQ,247,713,557,1517,Y,SBrkr,1888,0,0,1888,0,0,2,1,2,1,Gd,6,Mod,1,Gd,1966,Fin,2,578,TA,0,0,0,0,0,0,NA,0,6,2010,190000
448,,11214.02831,11214,Corner,1Fam,2Story,7,5,1998,1999,VinylSd,VinylSd,None,0,Gd,TA,PConc,Gd,TA,No,Unf,0,0,930,930,Y,SBrkr,956,930,0,1886,0,0,2,1,4,1,Gd,10,Typ,1,TA,1998,Fin,2,431,TA,89,0,0,0,0,0,NA,0,7,2006,199900
449,50,8600.538965,8600,Inside,1Fam,1.5Fin,6,6,1937,1950,MetalSd,MetalSd,None,0,TA,TA,BrkTil,TA,TA,No,Unf,0,0,780,780,Y,SBrkr,780,596,0,1376,0,0,2,0,3,1,TA,7,Typ,1,Gd,1937,Unf,1,198,TA,0,0,0,0,0,0,NA,0,6,2006,119500
450,50,6000.43856,6000,Inside,1Fam,1.5Fin,3,7,1948,2002,MetalSd,MetalSd,None,0,TA,Gd,CBlock,TA,TA,No,ALQ,331,0,318,649,Y,SBrkr,679,504,0,1183,0,0,1,1,2,1,TA,6,Typ,0,NA,1981,Unf,1,308,TA,0,176,0,0,0,0,NA,0,6,2007,120000
451,70,5684.867373,5684,Inside,1Fam,1Story,6,8,1930,2005,Wd Sdng,Wd Sdng,None,0,TA,TA,BrkTil,TA,TA,No,Unf,0,0,813,813,Y,FuseA,813,0,0,813,0,0,1,0,2,1,Gd,5,Typ,0,NA,1932,Unf,1,270,Fa,0,113,0,0,0,0,NA,0,6,2006,110000
452,62,70761.1525,70761,Inside,1Fam,1Story,7,5,1975,1975,Plywood,Plywood,None,0,TA,TA,CBlock,Gd,TA,Gd,ALQ,655,0,878,1533,Y,SBrkr,1533,0,0,1533,1,0,2,0,2,1,Gd,5,Typ,2,TA,1975,Unf,2,576,TA,200,54,0,0,0,0,NA,0,12,2006,280000
453,,9303.794018,9303,Corner,1Fam,2Story,6,5,1996,1997,VinylSd,VinylSd,BrkFace,42,Gd,TA,PConc,Ex,TA,No,ALQ,742,0,130,872,Y,SBrkr,888,868,0,1756,1,0,2,1,3,1,TA,7,Typ,0,NA,1996,Fin,2,422,TA,144,122,0,0,0,0,NA,0,7,2007,204000
454,75,9000.832101,9000,Inside,1Fam,2Story,8,5,2008,2008,VinylSd,VinylSd,None,0,Gd,TA,PConc,Gd,TA,No,Unf,0,0,768,768,Y,SBrkr,786,804,0,1590,0,0,2,1,3,1,Gd,6,Typ,0,NA,2008,RFn,2,676,TA,0,30,0,0,0,0,NA,0,6,2009,210000
455,63,9297.57301,9297,Inside,Duplex,1Story,5,5,1976,1976,Plywood,Plywood,None,0,TA,TA,CBlock,TA,TA,No,ALQ,1606,0,122,1728,Y,SBrkr,1728,0,0,1728,2,0,2,0,4,2,TA,8,Typ,0,NA,1976,Unf,2,560,TA,0,0,0,0,0,0,NA,0,7,2006,188000
456,80,9600.37545,9600,Inside,1Fam,1Story,7,6,1973,1973,HdBoard,HdBoard,BrkFace,320,TA,TA,CBlock,TA,TA,No,ALQ,916,0,326,1242,Y,SBrkr,1242,0,0,1242,0,0,1,1,3,1,TA,6,Typ,1,TA,1973,Unf,2,528,TA,0,0,0,0,0,0,NA,0,9,2007,175500
457,34,4571.082042,4571,Inside,1Fam,2Story,5,5,1916,1950,AsbShng,AsbShng,None,0,TA,TA,BrkTil,TA,TA,No,Unf,0,0,624,624,N,SBrkr,624,720,0,1344,0,0,1,0,4,1,TA,7,Typ,0,NA,1916,Unf,3,513,Fa,0,0,96,0,0,0,NA,0,5,2008,98000
458,,53227.83793,53227,CulDSac,1Fam,1Story,4,6,1954,1994,Plywood,Plywood,None,0,TA,TA,CBlock,Gd,TA,Gd,BLQ,1116,0,248,1364,Y,SBrkr,1663,0,0,1663,1,0,1,0,2,1,Gd,6,Min1,2,Gd,1954,Fin,2,529,TA,224,137,0,0,0,0,NA,0,3,2008,256000
459,,5100.83017,5100,Inside,1Fam,2Story,8,7,1925,1996,Stucco,Wd Shng,None,0,TA,Gd,PConc,TA,TA,No,Unf,0,0,588,588,Y,SBrkr,833,833,0,1666,0,0,1,0,3,1,Gd,7,Typ,1,Gd,1925,Unf,1,228,TA,192,63,0,0,0,0,NA,0,6,2008,161000
460,,7015.362459,7015,Corner,1Fam,1.5Fin,5,4,1950,1950,MetalSd,MetalSd,BrkCmn,161,TA,TA,CBlock,TA,TA,No,LwQ,185,0,524,709,Y,SBrkr,979,224,0,1203,1,0,1,0,3,1,Gd,5,Typ,1,TA,1950,Unf,1,352,TA,0,0,248,0,0,0,NA,0,7,2009,110000
461,75,8004.222146,8004,Inside,1Fam,2Story,8,5,2009,2009,VinylSd,VinylSd,Stone,110,Gd,TA,PConc,Gd,TA,No,GLQ,544,0,288,832,Y,SBrkr,832,1103,0,1935,1,0,2,1,3,1,TA,8,Typ,0,NA,2009,Fin,2,552,TA,0,150,0,0,0,0,NA,0,12,2009,263435
462,60,7200.560386,7200,Inside,1Fam,2Story,7,9,1936,2007,Wd Sdng,Wd Sdng,None,0,Gd,Gd,PConc,Gd,Gd,No,ALQ,350,210,0,560,Y,SBrkr,575,560,0,1135,1,0,1,0,3,1,Gd,6,Typ,0,NA,1971,RFn,2,576,TA,256,0,0,0,0,0,NA,0,4,2009,155000
463,60,8281.214811,8281,Inside,1Fam,1Story,5,5,1965,1965,MetalSd,MetalSd,None,0,TA,TA,CBlock,TA,TA,No,Rec,553,311,0,864,Y,SBrkr,864,0,0,864,0,0,1,0,3,1,TA,5,Typ,1,Po,1965,Unf,1,360,TA,0,0,236,0,0,0,NA,0,12,2009,62383
464,74,11988.91289,11988,Inside,1Fam,2Story,6,7,1934,1995,Stucco,Stucco,None,0,TA,TA,CBlock,TA,TA,No,LwQ,326,0,389,715,Y,FuseA,849,811,0,1660,0,0,1,1,3,1,TA,6,Typ,1,Gd,1939,Unf,1,240,TA,0,0,0,0,0,0,NA,0,8,2008,188700
465,60,8430.623058,8430,Inside,1Fam,1Story,5,5,1978,1978,HdBoard,HdBoard,BrkFace,136,TA,TA,CBlock,Gd,TA,No,Rec,616,0,424,1040,Y,SBrkr,1040,0,0,1040,0,0,2,0,3,1,TA,5,Typ,0,NA,NA,NA,0,0,NA,0,0,0,0,0,0,NA,0,8,2009,124000
466,,3072.0497,3072,Inside,TwnhsE,1Story,7,5,2004,2004,VinylSd,VinylSd,BrkFace,18,Gd,TA,PConc,Gd,TA,No,Unf,0,0,1375,1375,Y,SBrkr,1414,0,0,1414,0,0,2,0,2,1,Gd,6,Typ,1,TA,2004,Fin,2,398,TA,144,20,0,0,0,0,NA,0,5,2006,178740
467,85,10628.87963,10628,Inside,1Fam,1Story,7,5,1970,1970,Plywood,Plywood,None,0,TA,Gd,CBlock,TA,Gd,Gd,GLQ,778,0,499,1277,Y,SBrkr,1277,0,0,1277,1,0,1,0,2,1,TA,5,Typ,1,Po,1970,Unf,2,526,TA,0,0,0,0,176,0,NA,0,4,2007,167000
468,79,9480.665214,9480,Inside,1Fam,2Story,5,7,1942,1995,MetalSd,MetalSd,Stone,224,TA,TA,CBlock,TA,TA,No,LwQ,386,0,342,728,Y,SBrkr,888,756,0,1644,0,0,1,1,3,1,Gd,7,Typ,2,Gd,1942,Unf,1,312,TA,168,0,0,0,0,0,NA,0,6,2007,146500
469,98,11428.61508,11428,Inside,1Fam,1Story,8,5,2006,2006,VinylSd,VinylSd,Stone,248,Gd,TA,PConc,Gd,TA,No,Unf,0,0,1626,1626,Y,SBrkr,1634,0,0,1634,0,0,2,0,3,1,Gd,7,Typ,1,Gd,2006,RFn,3,866,TA,0,44,0,0,0,0,NA,0,5,2007,250000
470,76,9291.888408,9291,Corner,1Fam,2Story,6,5,1993,1993,HdBoard,HdBoard,BrkFace,120,Gd,TA,PConc,Gd,TA,No,GLQ,426,0,406,832,Y,SBrkr,832,878,0,1710,0,0,2,1,3,1,Gd,7,Typ,0,NA,1993,RFn,2,506,TA,144,70,0,0,0,0,NA,0,6,2008,187000
471,,6820.79571,6820,Corner,TwnhsE,1Story,8,5,1985,1985,HdBoard,HdBoard,None,0,Gd,TA,PConc,Gd,TA,Av,GLQ,368,1120,0,1488,Y,SBrkr,1502,0,0,1502,1,0,1,1,1,1,Gd,4,Typ,0,NA,1985,RFn,2,528,TA,0,54,0,0,140,0,NA,0,6,2010,212000
472,92,11952.99554,11952,Inside,1Fam,2Story,7,6,1977,1977,WdShing,Plywood,None,0,TA,TA,CBlock,Gd,TA,No,Unf,0,0,808,808,Y,SBrkr,1161,808,0,1969,0,0,2,1,3,1,TA,8,Typ,1,Gd,1977,RFn,2,534,TA,0,0,0,0,276,0,NA,0,11,2007,190000
473,35,3675.585442,3675,Inside,TwnhsE,SLvl,6,5,2005,2005,VinylSd,VinylSd,BrkFace,80,TA,TA,PConc,Gd,TA,Gd,GLQ,459,0,88,547,Y,SBrkr,1072,0,0,1072,1,0,1,0,2,1,TA,5,Typ,0,NA,2005,RFn,2,525,TA,0,28,0,0,0,0,NA,0,6,2008,148000
474,110,14977.88717,14977,Inside,1Fam,1Story,8,5,2006,2007,VinylSd,VinylSd,BrkFace,304,Gd,TA,PConc,Ex,TA,Gd,GLQ,1350,0,626,1976,Y,SBrkr,1976,0,0,1976,1,0,2,0,2,1,Gd,7,Typ,1,Ex,2006,RFn,3,908,TA,250,63,0,0,0,0,NA,0,7,2007,440000
475,41,5330.53188,5330,Inside,TwnhsE,1Story,8,5,2000,2000,CemntBd,CmentBd,None,0,Gd,TA,PConc,Gd,TA,Av,GLQ,1196,0,298,1494,Y,SBrkr,1652,0,0,1652,1,0,2,0,2,1,Ex,6,Typ,0,NA,2000,RFn,2,499,TA,96,48,0,0,0,0,NA,0,8,2007,251000
476,80,8480.012991,8480,Corner,1Fam,1Story,5,6,1963,1963,HdBoard,HdBoard,None,0,TA,TA,CBlock,TA,TA,No,GLQ,630,0,340,970,Y,SBrkr,970,0,0,970,1,0,1,0,2,1,TA,5,Typ,0,NA,1996,Unf,2,624,TA,0,24,0,0,192,0,NA,0,7,2007,132500
477,75,13125.02176,13125,Inside,1Fam,1Story,6,5,1997,1998,VinylSd,VinylSd,BrkFace,215,TA,TA,PConc,Gd,TA,Gd,GLQ,994,0,484,1478,Y,SBrkr,1493,0,0,1493,1,0,2,0,3,1,Gd,7,Typ,1,TA,1997,Fin,2,508,TA,140,39,0,0,0,0,NA,0,4,2008,208900
478,105,13693.7683,13693,Inside,1Fam,2Story,9,5,2006,2006,VinylSd,VinylSd,BrkFace,772,Ex,TA,PConc,Gd,TA,Av,Unf,0,0,2153,2153,Y,SBrkr,2069,574,0,2643,0,0,2,1,3,1,Ex,9,Typ,1,Gd,2006,Fin,3,694,TA,414,84,0,0,0,0,NA,0,3,2007,380000
479,79,10637.31177,10637,Inside,1Fam,1Story,8,5,2007,2008,VinylSd,VinylSd,Stone,336,Gd,TA,PConc,Ex,TA,Gd,GLQ,1288,0,417,1705,Y,SBrkr,1718,0,0,1718,1,0,2,0,3,1,Gd,7,Typ,1,Gd,2007,RFn,3,826,TA,208,44,0,0,0,0,NA,0,9,2009,297000
480,50,5925.481835,5925,Inside,1Fam,1Story,4,7,1937,2000,Stucco,Stucco,BrkCmn,435,TA,TA,BrkTil,Fa,TA,No,Rec,168,0,739,907,Y,SBrkr,1131,0,0,1131,0,0,1,0,2,1,TA,7,Typ,0,NA,1995,Unf,2,672,TA,0,72,0,0,0,0,NA,0,3,2007,89471
481,98,16033.37774,16033,FR2,1Fam,1Story,9,5,2004,2005,VinylSd,VinylSd,BrkFace,378,Gd,TA,PConc,Ex,TA,Gd,GLQ,1261,0,572,1833,Y,SBrkr,1850,0,0,1850,1,0,2,0,3,1,Gd,8,Typ,1,Gd,2004,Fin,3,772,TA,519,112,0,0,0,0,NA,0,3,2006,326000
482,72,11846.22024,11846,Inside,1Fam,1Story,9,5,2003,2004,VinylSd,VinylSd,BrkFace,562,Gd,TA,PConc,Ex,TA,Gd,GLQ,1567,0,225,1792,Y,SBrkr,1792,0,0,1792,1,0,2,0,2,1,Ex,6,Typ,1,Gd,2003,Fin,3,874,TA,206,49,0,0,0,0,NA,0,8,2006,374000
483,50,2500.601067,2500,Corner,1Fam,2Story,7,8,1915,2005,Stucco,Stucco,None,0,Gd,TA,PConc,TA,TA,No,ALQ,299,0,611,910,Y,SBrkr,916,910,0,1826,1,0,1,1,4,1,Ex,7,Min2,1,Gd,1915,Unf,1,164,Fa,0,0,0,0,0,0,NA,0,6,2009,155000
484,32,4500.833314,4500,FR2,Twnhs,1Story,6,5,1998,1998,VinylSd,VinylSd,BrkFace,116,TA,TA,PConc,Ex,TA,No,GLQ,897,0,319,1216,Y,SBrkr,1216,0,0,1216,1,0,2,0,2,1,TA,5,Typ,0,NA,1998,Unf,2,402,TA,0,125,0,0,0,0,NA,0,5,2006,164000
485,,7758.141165,7758,Corner,1Fam,1Story,5,7,1962,2001,HdBoard,Plywood,None,0,TA,Gd,CBlock,TA,TA,No,ALQ,588,0,411,999,Y,SBrkr,999,0,0,999,1,0,1,0,3,1,Gd,6,Typ,0,NA,1963,Unf,1,264,TA,0,132,0,0,0,0,NA,0,3,2007,132500
486,80,9600.117271,9600,Inside,1Fam,1Story,5,7,1950,2007,MetalSd,MetalSd,None,0,Gd,TA,CBlock,TA,TA,No,ALQ,607,0,506,1113,Y,SBrkr,1113,0,0,1113,0,0,1,0,3,1,Gd,5,Typ,1,Gd,1950,Unf,1,264,TA,0,80,120,0,0,0,NA,0,7,2009,147000
487,79,10289.14657,10289,Inside,1Fam,1Story,5,7,1965,1965,MetalSd,MetalSd,BrkFace,168,TA,TA,CBlock,TA,TA,No,ALQ,836,0,237,1073,Y,SBrkr,1073,0,0,1073,1,0,1,1,3,1,TA,6,Typ,0,NA,1965,RFn,2,515,TA,0,0,0,0,0,0,NA,0,6,2007,156000
488,70,12243.16955,12243,Inside,1Fam,1Story,5,6,1971,1971,Plywood,Plywood,None,0,TA,TA,CBlock,Gd,TA,Av,ALQ,998,0,486,1484,Y,SBrkr,1484,0,0,1484,0,0,2,0,3,1,TA,7,Typ,1,TA,1971,Unf,2,487,TA,224,0,0,0,180,0,NA,0,2,2007,175000
489,60,10800.60639,10800,Corner,2fmCon,1.5Fin,5,4,1900,1970,Wd Sdng,Wd Sdng,None,0,TA,Fa,CBlock,TA,Fa,No,BLQ,664,0,290,954,N,FuseA,1766,648,0,2414,0,0,2,0,3,2,TA,10,Mod,1,Gd,1970,Unf,2,520,TA,142,0,0,0,0,0,NA,0,5,2006,160000
490,21,1526.016295,1526,Inside,Twnhs,SFoyer,4,8,1970,2002,CemntBd,CmentBd,None,0,TA,Gd,CBlock,Gd,TA,Av,GLQ,515,0,115,630,Y,SBrkr,630,0,0,630,1,0,1,0,1,1,Gd,3,Typ,0,NA,1970,Unf,1,286,TA,0,0,0,0,0,0,NA,0,5,2009,86000
491,,2665.213741,2665,Inside,TwnhsE,2Story,5,6,1976,1976,CemntBd,CmentBd,None,0,TA,TA,PConc,Gd,TA,Mn,Unf,0,0,264,264,Y,SBrkr,616,688,0,1304,0,0,1,1,3,1,TA,4,Typ,1,Gd,1976,Fin,1,336,TA,141,24,0,0,0,0,NA,0,6,2008,115000
492,79,9490.307174,9490,Inside,1Fam,1.5Fin,6,7,1941,1950,Wd Sdng,Wd Sdng,None,0,TA,TA,CBlock,TA,TA,No,BLQ,403,165,238,806,Y,FuseA,958,620,0,1578,1,0,1,0,3,1,Fa,5,Typ,2,TA,1941,Unf,1,240,TA,0,0,32,0,0,0,NA,0,8,2006,133000
493,105,15578.63159,15578,Corner,1Fam,2Story,6,5,2006,2006,VinylSd,VinylSd,None,0,Gd,TA,PConc,Gd,TA,No,Unf,0,0,728,728,Y,SBrkr,728,728,0,1456,0,0,2,1,3,1,TA,8,Typ,0,NA,2006,RFn,2,429,TA,0,0,0,0,0,0,NA,0,5,2006,172785
494,70,7931.265884,7931,Inside,1Fam,1Story,5,6,1960,1960,BrkFace,Wd Sdng,None,0,TA,TA,CBlock,TA,TA,No,BLQ,374,532,363,1269,Y,FuseA,1269,0,0,1269,0,0,1,1,3,1,TA,6,Typ,1,Fa,1964,Unf,1,308,TA,0,0,0,0,0,0,NA,0,6,2008,155000
495,50,5784.750987,5784,Inside,1Fam,1Story,5,8,1938,1996,MetalSd,MetalSd,None,0,TA,TA,BrkTil,Fa,TA,No,Unf,0,0,190,190,Y,FuseA,886,0,0,886,0,0,1,0,2,1,TA,4,Typ,0,NA,1938,Unf,1,273,TA,144,20,80,0,0,0,NA,0,12,2009,91300
496,60,7879.46028,7879,Inside,1Fam,1Story,4,5,1920,1950,Wd Sdng,Wd Sdng,None,0,TA,TA,CBlock,TA,TA,No,Rec,495,0,225,720,N,FuseA,720,0,0,720,0,0,1,0,2,1,TA,4,Typ,0,NA,NA,NA,0,0,NA,0,523,115,0,0,0,NA,0,11,2009,34900
497,,12692.09593,12692,Inside,1Fam,1Story,8,5,1992,1993,BrkFace,BrkFace,None,0,Gd,TA,PConc,Gd,TA,No,GLQ,1231,0,1969,3200,Y,SBrkr,3228,0,0,3228,1,0,3,0,4,1,Gd,10,Typ,1,Gd,1992,RFn,2,546,TA,264,75,291,0,0,0,NA,0,5,2007,430000
498,60,9120.192983,9120,Inside,1Fam,1.5Fin,7,6,1925,1950,Wd Sdng,Wd Sdng,None,0,TA,Gd,PConc,TA,TA,No,Rec,329,0,697,1026,Y,SBrkr,1133,687,0,1820,1,0,2,0,4,1,TA,8,Typ,0,NA,1925,Unf,1,240,TA,0,100,0,0,0,0,NA,0,6,2008,184000
499,65,7800.346463,7800,Inside,1Fam,1Story,5,7,1967,2004,HdBoard,HdBoard,BrkFace,89,TA,TA,PConc,TA,TA,No,ALQ,450,0,414,864,Y,SBrkr,899,0,0,899,0,0,1,0,3,1,Gd,5,Typ,0,NA,1967,Fin,1,288,TA,64,0,0,0,0,0,NA,0,6,2009,130000
500,70,7535.120155,7535,Inside,1Fam,1Story,5,7,1958,1985,MetalSd,MetalSd,None,0,TA,TA,CBlock,TA,TA,No,BLQ,111,279,522,912,Y,SBrkr,912,0,0,912,0,1,1,0,2,1,TA,5,Typ,0,NA,1958,Fin,1,297,TA,12,285,0,0,0,0,Shed,480,6,2007,120000
501,21,1890.862285,1890,Inside,Twnhs,2Story,6,5,1973,1973,HdBoard,HdBoard,BrkFace,285,TA,TA,CBlock,TA,TA,No,BLQ,356,0,316,672,Y,SBrkr,672,546,0,1218,0,0,1,1,3,1,TA,7,Typ,0,NA,1973,Unf,1,264,TA,144,28,0,0,0,0,NA,0,5,2007,113000
502,75,9803.868566,9803,Inside,1Fam,2Story,7,5,2005,2005,VinylSd,VinylSd,None,0,Gd,TA,PConc,Gd,TA,No,GLQ,400,0,466,866,Y,SBrkr,866,902,0,1768,0,0,2,1,3,1,Gd,7,Typ,0,NA,2005,RFn,2,603,TA,0,108,0,0,0,0,NA,0,2,2008,226700
503,70,9170.137298,9170,Corner,1Fam,1Story,5,7,1965,1965,MetalSd,MetalSd,None,0,TA,TA,CBlock,TA,TA,No,ALQ,698,96,420,1214,Y,SBrkr,1214,0,0,1214,1,0,1,0,2,1,TA,6,Typ,0,NA,1965,Unf,2,461,Fa,0,0,184,0,0,0,Shed,400,4,2007,140000
504,100,15602.05363,15602,Inside,1Fam,1Story,7,8,1959,1997,BrkFace,Wd Sdng,None,0,TA,TA,CBlock,TA,TA,No,ALQ,1247,0,254,1501,Y,SBrkr,1801,0,0,1801,1,0,2,0,1,1,TA,6,Typ,2,TA,1959,Fin,2,484,TA,0,54,0,0,161,0,NA,0,3,2010,289000
505,24,2308.798655,2308,Inside,TwnhsE,2Story,6,5,1974,1974,Plywood,Brk Cmn,None,0,TA,TA,CBlock,TA,TA,No,ALQ,257,495,103,855,Y,SBrkr,855,467,0,1322,0,1,2,1,3,1,TA,6,Typ,1,Fa,1974,Unf,2,440,TA,260,0,0,0,0,0,NA,0,6,2009,147000
506,60,7596.896015,7596,Inside,Duplex,2Story,5,5,1952,1952,Wd Sdng,Wd Sdng,BrkFace,360,TA,TA,CBlock,TA,TA,No,Unf,0,0,960,960,Y,SBrkr,960,1000,0,1960,0,0,2,0,4,2,TA,10,Typ,0,NA,1952,Unf,2,400,TA,0,0,0,0,0,0,NA,0,7,2009,124500
507,80,9554.281214,9554,Inside,1Fam,2Story,8,5,1993,1994,VinylSd,VinylSd,BrkFace,125,Gd,TA,PConc,Gd,TA,No,GLQ,380,0,397,777,Y,SBrkr,1065,846,0,1911,0,0,2,1,3,1,Gd,8,Typ,1,TA,1993,RFn,2,471,TA,182,81,0,0,0,0,NA,0,9,2006,215000
508,75,7862.112307,7862,Inside,1Fam,1Story,6,5,2009,2009,VinylSd,VinylSd,None,0,Gd,TA,PConc,Gd,TA,No,GLQ,27,0,1191,1218,Y,SBrkr,1218,0,0,1218,0,0,2,0,2,1,Gd,4,Typ,0,NA,2009,Fin,2,676,TA,0,102,0,0,0,0,NA,0,9,2009,208300
509,60,9600.814189,9600,Inside,1Fam,2Story,7,9,1928,2005,MetalSd,MetalSd,None,0,TA,Ex,BrkTil,TA,TA,No,Rec,141,0,548,689,Y,SBrkr,689,689,0,1378,0,0,2,0,3,1,Gd,7,Typ,1,Gd,1928,Unf,2,360,TA,0,0,116,0,0,0,NA,0,10,2008,161000
510,80,9600.514612,9600,Corner,1Fam,1Story,5,6,1959,1959,MetalSd,MetalSd,BrkFace,132,TA,TA,CBlock,TA,TA,No,ALQ,991,0,50,1041,Y,SBrkr,1041,0,0,1041,1,0,1,0,3,1,TA,6,Typ,0,NA,1959,RFn,1,270,TA,224,88,0,0,0,0,NA,0,7,2009,124500
511,75,14559.20702,14559,Inside,1Fam,1Story,5,7,1951,2000,Wd Sdng,Wd Sdng,BrkCmn,70,Gd,TA,CBlock,TA,TA,No,BLQ,650,180,178,1008,Y,SBrkr,1363,0,0,1363,1,0,1,0,2,1,TA,6,Min1,2,TA,1951,Unf,1,288,TA,324,42,0,0,168,0,Shed,2000,6,2009,164900
512,40,6792.721728,6792,Inside,TwnhsE,1Story,7,5,2005,2006,VinylSd,VinylSd,Stone,94,Gd,TA,PConc,Gd,TA,No,Unf,0,0,1368,1368,Y,SBrkr,1368,0,0,1368,0,0,2,0,2,1,Gd,6,Typ,1,Gd,2005,RFn,2,474,TA,132,35,0,0,0,0,NA,0,3,2006,202665
513,70,9100.925824,9100,Corner,1Fam,1Story,5,5,1958,1958,VinylSd,VinylSd,None,0,TA,TA,CBlock,TA,TA,No,BLQ,521,174,169,864,Y,SBrkr,864,0,0,864,1,0,1,0,3,1,TA,5,Typ,0,NA,1964,Unf,2,624,TA,0,0,0,0,0,0,NA,0,7,2006,129900
514,71,9187.065424,9187,Corner,1Fam,1Story,6,5,1983,1983,VinylSd,VinylSd,None,0,TA,Gd,PConc,TA,TA,No,ALQ,336,0,748,1084,Y,SBrkr,1080,0,0,1080,0,0,1,1,3,1,TA,5,Typ,0,NA,1983,Unf,2,484,TA,120,0,158,0,0,0,NA,0,6,2007,134000
515,55,10594.62311,10594,Inside,1Fam,1.5Unf,5,5,1926,1950,Wd Sdng,Wd Sdng,None,0,TA,TA,BrkTil,TA,TA,No,Unf,0,0,768,768,N,SBrkr,789,0,0,789,0,0,1,0,2,1,TA,5,Typ,0,NA,1926,Unf,1,200,Po,0,0,112,0,0,0,NA,0,6,2007,96500
516,94,12220.50253,12220,Inside,1Fam,1Story,10,5,2009,2009,CemntBd,CmentBd,BrkFace,305,Ex,TA,CBlock,Ex,TA,No,GLQ,1436,0,570,2006,Y,SBrkr,2020,0,0,2020,1,0,2,1,3,1,Ex,9,Typ,1,Gd,2009,Fin,3,900,TA,156,54,0,0,0,0,NA,0,9,2009,402861
517,,10448.08702,10448,Corner,1Fam,SLvl,6,6,1972,1972,HdBoard,HdBoard,BrkFace,333,TA,TA,CBlock,TA,TA,No,Unf,0,0,689,689,Y,SBrkr,1378,741,0,2119,0,0,2,1,3,1,TA,7,Typ,1,TA,1972,RFn,2,583,TA,0,104,0,0,0,0,NA,0,8,2009,158000
518,79,10208.52797,10208,Inside,1Fam,2Story,7,5,1996,1997,VinylSd,VinylSd,BrkFace,921,Gd,TA,PConc,Gd,TA,No,Unf,0,0,1264,1264,Y,SBrkr,1277,1067,0,2344,0,0,2,1,3,1,Gd,7,Typ,1,TA,1996,RFn,3,889,TA,220,0,0,0,0,0,NA,0,7,2009,265000
519,,9531.182117,9531,CulDSac,1Fam,2Story,6,5,1998,1998,VinylSd,VinylSd,None,0,TA,TA,PConc,Gd,TA,Mn,GLQ,706,0,88,794,Y,SBrkr,882,914,0,1796,1,0,2,1,3,1,TA,7,Typ,0,NA,1998,RFn,2,546,TA,0,36,0,0,0,0,NA,0,5,2007,211000
520,53,10918.46493,10918,Inside,1Fam,2Story,7,9,1926,2004,MetalSd,MetalSd,None,0,Gd,TA,BrkTil,Gd,TA,No,Unf,0,0,1276,1276,Y,SBrkr,1276,804,0,2080,0,0,1,1,3,1,Gd,9,Typ,2,Gd,1926,Unf,1,282,TA,0,0,0,0,145,0,NA,0,6,2009,234000
521,60,10800.88232,10800,Inside,2fmCon,2Story,4,7,1900,2000,MetalSd,MetalSd,None,0,TA,TA,BrkTil,NA,NA,NA,NA,0,0,0,0,N,FuseA,694,600,0,1294,0,0,2,0,3,2,TA,7,Typ,0,NA,NA,NA,0,0,NA,220,114,210,0,0,0,NA,0,8,2008,106250
522,90,11988.40347,11988,Corner,1Fam,1Story,6,6,1957,1957,VinylSd,VinylSd,None,0,TA,TA,CBlock,TA,TA,No,Rec,777,0,467,1244,Y,FuseA,1244,0,0,1244,0,0,1,1,3,1,TA,6,Typ,2,Gd,1957,Unf,1,336,TA,0,40,0,0,0,0,NA,0,5,2007,150000
523,50,5000.774966,5000,Corner,1Fam,1.5Fin,6,7,1947,1950,CemntBd,CmentBd,None,0,TA,Gd,CBlock,TA,TA,No,ALQ,399,0,605,1004,Y,SBrkr,1004,660,0,1664,0,0,2,0,3,1,TA,7,Typ,2,Gd,1950,Unf,2,420,TA,0,24,36,0,0,0,NA,0,10,2006,159000
524,130,40094.61329,40094,Inside,1Fam,2Story,10,5,2007,2008,CemntBd,CmentBd,Stone,762,Ex,TA,PConc,Ex,TA,Gd,GLQ,2260,0,878,3138,Y,SBrkr,3138,1538,0,4676,1,0,3,1,3,1,Ex,11,Typ,1,Gd,2007,Fin,3,884,TA,208,406,0,0,0,0,NA,0,10,2007,184750
525,95,11787.21962,11787,Inside,1Fam,2Story,7,5,1996,1997,VinylSd,VinylSd,BrkFace,594,Gd,TA,PConc,Gd,TA,No,GLQ,719,0,660,1379,Y,SBrkr,1383,1015,0,2398,1,0,2,1,3,1,Gd,8,Typ,1,TA,1996,Fin,3,834,TA,239,60,0,0,0,0,NA,0,8,2007,315750
526,62,7500.694088,7500,Inside,1Fam,1Story,7,5,2005,2005,VinylSd,VinylSd,None,0,Gd,TA,PConc,Gd,TA,No,Unf,0,0,1257,1257,Y,SBrkr,1266,0,0,1266,0,0,2,0,3,1,Gd,6,Typ,1,TA,2005,Unf,2,453,TA,38,144,0,0,0,0,NA,0,4,2006,176000
527,70,13300.65909,13300,Inside,1Fam,1Story,5,7,1956,2000,Wd Sdng,Wd Sdng,None,0,TA,TA,CBlock,Gd,TA,No,Rec,377,0,551,928,Y,SBrkr,928,0,0,928,0,0,1,0,2,1,TA,4,Typ,0,NA,1956,Unf,1,252,TA,261,0,156,0,0,0,NA,0,6,2007,132000
528,67,14948.59946,14948,Inside,1Fam,2Story,9,5,2008,2008,VinylSd,VinylSd,Stone,268,Ex,TA,PConc,Ex,TA,Av,GLQ,1330,0,122,1452,Y,SBrkr,1476,1237,0,2713,1,0,2,1,3,1,Ex,11,Typ,1,Gd,2008,Fin,3,858,TA,126,66,0,0,0,0,NA,0,11,2008,446261
529,58,9098.836911,9098,Inside,1Fam,1Story,4,7,1920,2002,Wd Sdng,Wd Sdng,None,0,TA,TA,BrkTil,TA,TA,Mn,ALQ,348,0,180,528,Y,SBrkr,605,0,0,605,1,0,1,0,2,1,TA,5,Typ,0,NA,NA,NA,0,0,NA,0,0,144,0,0,0,NA,0,7,2007,86000
530,,32668.10749,32668,CulDSac,1Fam,1Story,6,3,1957,1975,Wd Sdng,Stone,NA,NA,Gd,TA,PConc,TA,TA,No,Rec,1219,0,816,2035,Y,SBrkr,2515,0,0,2515,1,0,3,0,4,2,TA,9,Maj1,2,TA,1975,RFn,2,484,TA,0,0,200,0,0,0,NA,0,3,2007,200624
531,85,10200.01326,10200,Inside,1Fam,SLvl,6,5,1988,1989,HdBoard,HdBoard,BrkFace,219,Gd,TA,CBlock,Gd,TA,Av,GLQ,783,0,678,1461,Y,SBrkr,1509,0,0,1509,1,0,2,0,3,1,Gd,5,Typ,1,Fa,1988,RFn,2,600,TA,224,0,0,0,0,0,NA,0,8,2008,175000
532,60,6155.271369,6155,FR3,1Fam,2Story,6,8,1920,1999,Wd Sdng,Wd Sdng,None,0,TA,TA,BrkTil,Fa,Fa,Mn,Unf,0,0,611,611,Y,SBrkr,751,611,0,1362,0,0,2,0,3,1,TA,6,Typ,0,NA,1920,Fin,2,502,TA,0,0,84,0,0,0,NA,0,6,2008,128000
533,60,7200.780603,7200,Inside,1Fam,1Story,5,7,1955,2007,VinylSd,VinylSd,None,0,TA,TA,Slab,NA,NA,NA,NA,0,0,0,0,Y,SBrkr,827,0,0,827,0,0,1,0,2,1,TA,5,Mod,1,Po,1967,Unf,1,392,TA,0,0,0,0,0,0,NA,0,4,2010,107500
534,50,5000.902116,5000,Inside,1Fam,1Story,1,3,1946,1950,VinylSd,VinylSd,None,0,Fa,Fa,Slab,NA,NA,NA,NA,0,0,0,0,N,FuseF,334,0,0,334,0,0,1,0,1,1,Fa,2,Typ,0,NA,NA,NA,0,0,NA,0,0,0,0,0,0,NA,0,1,2007,39300
535,74,9056.055411,9056,Inside,1Fam,2Story,8,5,2004,2004,VinylSd,VinylSd,None,0,Gd,TA,PConc,Ex,Gd,Av,Unf,0,0,707,707,Y,SBrkr,707,707,0,1414,0,0,2,1,3,1,Gd,6,Typ,1,Gd,2004,Fin,2,403,TA,100,35,0,0,0,0,NA,0,10,2006,178000
536,70,7000.577786,7000,Inside,2fmCon,2Story,5,7,1910,1991,MetalSd,MetalSd,None,0,TA,TA,CBlock,Gd,TA,Gd,GLQ,969,0,148,1117,Y,SBrkr,820,527,0,1347,1,0,1,0,3,1,TA,5,Typ,0,NA,NA,NA,0,0,NA,85,0,148,0,0,0,NA,0,1,2008,107500
537,57,8924.010123,8924,CulDSac,1Fam,2Story,7,5,1998,1999,VinylSd,VinylSd,None,0,TA,TA,PConc,Gd,TA,Av,Unf,0,0,880,880,Y,SBrkr,880,844,0,1724,0,0,2,1,3,1,Gd,8,Typ,0,NA,1998,Fin,2,527,TA,120,155,0,0,0,0,NA,0,7,2008,188000
538,,12735.98102,12735,FR2,1Fam,1Story,4,5,1972,1972,MetalSd,MetalSd,None,0,TA,TA,CBlock,TA,TA,No,BLQ,600,0,264,864,Y,SBrkr,864,0,0,864,0,0,1,0,3,1,TA,5,Typ,0,NA,1980,Unf,2,576,TA,216,0,0,0,0,0,NA,0,4,2008,111250
539,,11553.55998,11553,Inside,1Fam,1Story,5,5,1968,1968,Plywood,Plywood,BrkFace,188,TA,TA,CBlock,TA,TA,No,BLQ,673,0,378,1051,Y,SBrkr,1159,0,0,1159,0,0,1,1,3,1,TA,7,Typ,1,Fa,1968,Unf,1,336,TA,466,0,0,0,0,0,NA,0,7,2006,158000
540,,11423.31056,11423,Inside,1Fam,1Story,8,5,2001,2002,VinylSd,VinylSd,BrkFace,479,Gd,TA,PConc,Gd,TA,Av,GLQ,1358,0,223,1581,Y,SBrkr,1601,0,0,1601,1,0,2,0,3,1,Gd,6,Typ,1,TA,2001,RFn,2,670,TA,180,0,0,0,0,0,Shed,2000,5,2010,272000
541,85,14601.93641,14601,Inside,1Fam,1Story,9,5,2006,2006,VinylSd,VinylSd,BrkFace,584,Ex,TA,PConc,Ex,TA,Av,GLQ,1260,0,578,1838,Y,SBrkr,1838,0,0,1838,1,0,2,0,2,1,Ex,8,Typ,1,Gd,2006,Fin,3,765,TA,270,68,0,0,0,0,NA,0,3,2009,315000
542,,11000.94072,11000,FR2,1Fam,2Story,8,5,2000,2000,VinylSd,VinylSd,BrkFace,72,Gd,TA,PConc,Gd,TA,No,Unf,0,0,969,969,Y,SBrkr,997,1288,0,2285,0,0,2,1,4,1,Gd,8,Typ,1,TA,2000,Fin,3,648,TA,0,56,0,0,0,0,NA,0,6,2007,248000
543,78,10140.46792,10140,Inside,1Fam,1Story,7,5,1998,1999,VinylSd,VinylSd,None,0,Gd,TA,PConc,Ex,TA,No,LwQ,144,1127,379,1650,Y,SBrkr,1680,0,0,1680,1,0,2,0,3,1,Gd,7,Maj1,1,TA,1998,Fin,2,583,TA,78,73,0,0,0,0,NA,0,6,2009,213250
544,34,4058.592499,4058,Inside,TwnhsE,SFoyer,7,5,1998,1998,MetalSd,MetalSd,BrkFace,182,TA,TA,PConc,Gd,TA,Av,GLQ,584,139,0,723,Y,SBrkr,767,0,0,767,1,0,1,0,1,1,TA,4,Typ,0,NA,1998,Fin,1,367,TA,120,40,0,0,0,0,NA,0,6,2007,133000
545,58,17104.01168,17104,Inside,1Fam,2Story,7,5,2006,2006,VinylSd,VinylSd,None,0,Gd,TA,PConc,Gd,Gd,Av,GLQ,554,0,100,654,Y,SBrkr,664,832,0,1496,1,0,2,1,3,1,Gd,7,Typ,1,Gd,2006,RFn,2,426,TA,100,24,0,0,0,0,NA,0,9,2006,179665
546,,13837.78637,13837,Corner,1Fam,1.5Fin,7,5,1988,1988,HdBoard,HdBoard,BrkFace,178,Gd,Gd,PConc,Gd,Gd,No,GLQ,1002,202,0,1204,Y,SBrkr,1377,806,0,2183,0,0,2,1,4,1,Gd,9,Typ,0,NA,1988,Unf,3,786,TA,0,0,0,0,0,0,NA,0,2,2006,229000
547,70,8737.294929,8737,Inside,1Fam,1.5Fin,6,7,1923,1950,BrkFace,Wd Sdng,None,0,TA,TA,BrkTil,Gd,TA,No,Rec,300,0,765,1065,Y,FuseA,915,720,0,1635,0,0,1,1,3,1,TA,6,Typ,1,Gd,1950,Unf,2,440,TA,0,38,0,144,0,0,NA,0,5,2007,210000
548,54,7244.851941,7244,Inside,1Fam,SFoyer,5,7,1970,1970,VinylSd,VinylSd,None,0,TA,Gd,CBlock,Gd,TA,Av,ALQ,619,0,149,768,Y,SBrkr,768,0,0,768,1,0,1,0,2,1,TA,5,Typ,0,NA,1987,Unf,2,624,TA,104,0,0,0,0,0,NA,0,4,2007,129500
549,49,8235.453697,8235,Inside,1Fam,1Story,5,7,1955,1995,MetalSd,MetalSd,None,0,TA,Gd,CBlock,TA,TA,No,LwQ,180,645,0,825,Y,SBrkr,825,0,0,825,1,0,1,0,2,1,TA,4,Typ,0,NA,1963,RFn,2,720,TA,140,50,0,0,0,0,NA,0,6,2008,125000
550,75,9375.935796,9375,Inside,1Fam,2Story,7,5,2003,2004,VinylSd,VinylSd,None,0,Gd,TA,PConc,Gd,TA,No,Unf,0,0,912,912,Y,SBrkr,912,1182,0,2094,0,0,2,1,4,1,Gd,8,Typ,1,Gd,2003,Fin,2,615,TA,182,182,0,0,0,0,NA,0,11,2009,263000
551,53,4043.212692,4043,Inside,TwnhsE,1Story,6,6,1977,1977,Plywood,Plywood,None,0,TA,TA,CBlock,Gd,TA,No,ALQ,559,0,510,1069,Y,SBrkr,1069,0,0,1069,0,0,2,0,2,1,TA,4,Typ,0,NA,1977,RFn,2,440,TA,0,55,0,0,200,0,NA,0,10,2008,140000
552,50,6000.264473,6000,Inside,1Fam,1Story,5,6,1957,1957,BrkFace,BrkFace,None,0,TA,TA,CBlock,TA,TA,No,Rec,308,0,620,928,Y,FuseA,928,0,0,928,0,0,1,0,3,1,TA,5,Typ,0,NA,1957,Fin,1,288,TA,0,0,0,0,0,0,NA,0,6,2008,112500
553,87,11146.80963,11146,Inside,1Fam,1Story,8,5,2006,2006,VinylSd,VinylSd,Stone,250,Gd,TA,PConc,Ex,TA,Av,Unf,0,0,1709,1709,Y,SBrkr,1717,0,0,1717,0,0,2,0,3,1,Gd,7,Typ,1,Gd,2006,RFn,3,908,TA,169,39,0,0,0,0,NA,0,7,2009,255500
554,67,8777.952083,8777,Inside,1Fam,1Story,4,5,1949,2003,VinylSd,VinylSd,None,0,TA,TA,CBlock,NA,NA,NA,NA,0,0,0,0,Y,SBrkr,1126,0,0,1126,0,0,2,0,2,1,Gd,5,Typ,0,NA,2002,Fin,2,520,TA,0,96,0,0,0,0,NA,0,5,2009,108000
555,85,10625.00298,10625,Inside,1Fam,2Story,7,5,2003,2004,VinylSd,VinylSd,BrkFace,292,Gd,TA,PConc,Gd,TA,No,GLQ,866,0,132,998,Y,SBrkr,1006,1040,0,2046,1,0,2,1,3,1,Gd,8,Typ,1,Gd,2003,RFn,3,871,TA,320,62,0,0,0,0,NA,0,8,2008,284000
556,58,6380.287608,6380,Inside,1Fam,1.5Unf,5,6,1922,1950,MetalSd,MetalSd,None,0,TA,TA,BrkTil,TA,Fa,No,Unf,0,0,993,993,Y,FuseA,1048,0,0,1048,0,0,1,0,2,1,TA,5,Typ,1,Gd,1922,Unf,1,280,TA,0,0,116,0,0,0,NA,0,8,2006,113000
557,69,14850.34321,14850,Inside,1Fam,1Story,5,5,1957,1957,Wd Sdng,Wd Sdng,None,0,TA,TA,CBlock,TA,TA,No,Rec,895,0,197,1092,Y,FuseA,1092,0,0,1092,1,0,1,0,2,1,TA,6,Typ,1,TA,1957,Fin,1,299,TA,268,0,0,0,122,0,NA,0,5,2006,141000
558,60,11040.16842,11040,Inside,1Fam,1.5Fin,4,6,1920,1950,MetalSd,MetalSd,None,0,TA,TA,CBlock,TA,TA,No,Rec,637,0,0,637,Y,SBrkr,897,439,0,1336,0,0,1,1,3,1,TA,7,Typ,0,NA,1994,Unf,1,570,TA,0,47,120,0,0,0,NA,0,9,2006,108000
559,57,21872.56582,21872,FR2,1Fam,2Story,7,5,1996,1997,HdBoard,HdBoard,None,0,TA,TA,PConc,Gd,TA,Gd,GLQ,604,0,125,729,Y,SBrkr,729,717,0,1446,0,1,2,1,3,1,TA,6,Typ,1,TA,1996,Unf,2,406,TA,264,22,0,0,0,0,NA,0,8,2008,175000
560,,3196.966115,3196,Inside,TwnhsE,1Story,7,5,2003,2004,VinylSd,VinylSd,BrkFace,18,Gd,TA,PConc,Gd,TA,Gd,Unf,0,0,1374,1374,Y,SBrkr,1557,0,0,1557,0,0,2,0,2,1,Gd,7,Typ,1,TA,2003,Fin,2,420,TA,143,20,0,0,0,0,NA,0,10,2006,234000
561,,11341.16318,11341,Inside,1Fam,1Story,5,6,1957,1996,Wd Sdng,Wd Sdng,BrkFace,180,TA,TA,CBlock,Gd,TA,No,ALQ,1302,0,90,1392,Y,SBrkr,1392,0,0,1392,1,0,1,1,3,1,TA,5,Mod,1,Gd,1957,Unf,2,528,TA,0,0,0,0,95,0,NA,0,5,2010,121500
562,77,10010.99836,10010,Inside,1Fam,1Story,5,5,1974,1975,HdBoard,HdBoard,None,0,TA,TA,CBlock,Gd,TA,Av,ALQ,1071,123,195,1389,Y,SBrkr,1389,0,0,1389,1,0,1,0,2,1,TA,6,Typ,1,TA,1975,RFn,2,418,TA,240,38,0,0,0,0,NA,0,4,2006,170000
563,63,13907.30088,13907,Inside,1Fam,1Story,5,6,1940,1969,WdShing,Wd Shng,None,0,TA,TA,CBlock,TA,TA,No,BLQ,290,0,706,996,Y,SBrkr,996,0,0,996,1,0,1,0,3,1,TA,6,Typ,1,Gd,NA,NA,0,0,NA,144,0,0,0,0,0,NA,0,7,2008,108000
564,66,21780.14363,21780,Inside,1Fam,1.5Fin,6,7,1918,1950,Wd Sdng,Wd Sdng,None,0,TA,TA,BrkTil,Gd,TA,Mn,Unf,0,0,1163,1163,Y,SBrkr,1163,511,0,1674,0,0,2,0,4,1,TA,8,Typ,1,Gd,1955,Fin,2,396,TA,72,36,0,0,144,0,NA,0,7,2008,185000
565,,13346.60204,13346,CulDSac,1Fam,2Story,7,5,1992,2000,HdBoard,HdBoard,None,0,Gd,TA,PConc,Gd,TA,No,GLQ,728,0,367,1095,Y,SBrkr,1166,1129,0,2295,1,0,2,1,4,1,Gd,9,Typ,1,TA,1992,RFn,2,590,TA,0,40,0,0,0,0,NA,0,7,2006,268000
566,66,6858.261179,6858,Corner,1Fam,2Story,6,4,1915,1950,Wd Sdng,Wd Sdng,None,0,TA,TA,PConc,Gd,TA,No,Unf,0,0,806,806,N,FuseF,841,806,0,1647,1,0,1,1,4,1,Fa,6,Typ,0,NA,1920,Unf,1,216,TA,0,66,136,0,0,0,NA,0,5,2010,128000
567,77,11198.47483,11198,Inside,1Fam,2Story,9,5,2005,2007,VinylSd,VinylSd,BrkFace,245,Gd,TA,PConc,Gd,Gd,No,Unf,0,0,1122,1122,Y,SBrkr,1134,1370,0,2504,0,0,2,1,4,1,Ex,11,Typ,1,Gd,2005,Fin,3,656,TA,144,39,0,0,0,0,NA,0,6,2008,325000
568,70,10171.58045,10171,Inside,1Fam,1Story,7,5,2004,2004,VinylSd,VinylSd,BrkFace,168,Gd,TA,PConc,Gd,TA,No,GLQ,2,0,1515,1517,Y,SBrkr,1535,0,0,1535,0,0,2,0,3,1,Gd,7,Typ,0,NA,2004,RFn,2,532,TA,0,0,0,0,0,0,NA,0,3,2010,214000
569,79,12327.60115,12327,Inside,1Fam,1.5Fin,8,8,1983,2009,Wd Sdng,Wd Sdng,None,0,Gd,TA,CBlock,Gd,TA,Gd,GLQ,1441,0,55,1496,Y,SBrkr,1496,636,0,2132,1,0,1,1,1,1,Gd,5,Min2,1,Gd,1983,Fin,2,612,Gd,349,40,0,0,0,0,NA,0,9,2009,316600
570,,7032.293983,7032,Corner,Duplex,SFoyer,5,5,1979,1979,MetalSd,MetalSd,None,0,TA,TA,CBlock,Gd,TA,Gd,GLQ,943,0,0,943,Y,SBrkr,943,0,0,943,1,0,1,0,2,1,TA,4,Typ,2,TA,1979,Unf,2,600,TA,42,0,0,0,0,0,NA,0,12,2006,135960
571,74,13101.63805,13101,Inside,Duplex,1Story,5,5,1965,1965,HdBoard,HdBoard,BrkFace,108,TA,TA,CBlock,TA,TA,No,LwQ,231,0,1497,1728,Y,SBrkr,1728,0,0,1728,0,0,2,0,6,2,TA,10,Typ,0,NA,1987,Unf,2,576,TA,0,0,0,0,0,0,NA,0,11,2008,142600
572,60,7332.247962,7332,Inside,1Fam,1Story,6,6,1959,1959,WdShing,Wd Shng,BrkFace,207,TA,TA,CBlock,TA,TA,No,BLQ,414,0,450,864,Y,SBrkr,864,0,0,864,1,0,1,0,2,1,Gd,4,Typ,0,NA,1959,Unf,1,288,TA,168,0,0,0,0,0,NA,0,10,2006,120000
573,83,13159.76138,13159,Corner,1Fam,2Story,7,5,2009,2009,VinylSd,VinylSd,None,0,TA,TA,PConc,Ex,TA,Av,Unf,0,0,846,846,Y,SBrkr,846,846,0,1692,0,0,2,1,3,1,Gd,6,Typ,0,NA,2009,RFn,2,650,TA,208,114,0,0,0,0,NA,0,7,2009,224500
574,76,9967.971359,9967,Inside,1Fam,SLvl,7,5,2000,2000,VinylSd,VinylSd,None,0,TA,TA,PConc,Gd,TA,No,Unf,0,0,384,384,Y,SBrkr,774,656,0,1430,0,0,2,1,3,1,TA,8,Typ,1,TA,2000,RFn,2,400,TA,100,0,0,0,0,0,NA,0,12,2007,170000
575,70,10500.26004,10500,FR2,1Fam,SLvl,5,7,1971,2005,MetalSd,AsphShn,BrkFace,82,TA,TA,CBlock,TA,TA,Av,ALQ,349,0,23,372,Y,SBrkr,576,533,0,1109,0,1,1,0,3,1,TA,5,Typ,0,NA,1971,Unf,1,288,TA,35,0,0,0,0,0,NA,0,12,2007,139000
576,80,8480.74684,8480,Inside,1Fam,1.5Fin,5,5,1947,1950,MetalSd,MetalSd,None,0,TA,TA,CBlock,TA,TA,No,Rec,442,0,390,832,Y,SBrkr,832,384,0,1216,0,0,1,0,2,1,TA,6,Typ,0,NA,1947,Unf,1,336,TA,158,0,102,0,0,0,NA,0,10,2008,118500
577,52,6292.278326,6292,Inside,1Fam,1.5Fin,7,7,1928,1950,Wd Sdng,Wd Sdng,None,0,TA,TA,BrkTil,TA,TA,No,Unf,0,0,861,861,Y,SBrkr,877,600,0,1477,0,1,2,0,3,1,TA,6,Typ,1,Gd,1928,Unf,1,216,TA,0,50,0,0,0,0,NA,0,8,2009,145000
578,96,11777.00773,11777,Inside,1Fam,SLvl,5,6,1966,1966,VinylSd,VinylSd,BrkFace,97,TA,TA,CBlock,TA,TA,Av,LwQ,328,551,285,1164,Y,SBrkr,1320,0,0,1320,1,0,1,0,3,1,TA,6,Typ,2,Fa,1966,RFn,2,564,TA,160,68,240,0,0,0,NA,0,5,2006,164500
579,34,3604.015979,3604,Corner,TwnhsE,2Story,7,5,2007,2007,VinylSd,VinylSd,None,0,Gd,TA,PConc,Gd,TA,No,Unf,0,0,689,689,Y,SBrkr,703,689,0,1392,0,0,2,0,2,1,Gd,5,Typ,0,NA,2007,Unf,2,540,TA,0,102,0,0,0,0,NA,0,2,2008,146000
580,81,12150.87919,12150,Inside,1Fam,1.5Fin,5,5,1954,1954,MetalSd,MetalSd,BrkFace,335,TA,TA,BrkTil,TA,TA,No,Unf,0,0,1050,1050,N,FuseF,1050,745,0,1795,0,0,2,0,4,1,TA,7,Typ,0,NA,1954,Unf,1,352,Fa,0,0,0,0,0,0,NA,0,11,2008,131500
581,,14585.19682,14585,CulDSac,1Fam,1Story,6,6,1960,1987,Wd Sdng,Wd Sdng,BrkFace,85,TA,TA,CBlock,TA,TA,No,BLQ,594,219,331,1144,Y,SBrkr,1429,0,0,1429,0,1,1,0,3,1,Gd,7,Typ,2,Gd,1960,Unf,2,572,TA,216,110,0,0,0,0,NA,0,6,2007,181900
582,98,12704.07907,12704,Inside,1Fam,1Story,8,5,2008,2009,VinylSd,VinylSd,BrkFace,306,Ex,TA,PConc,Ex,TA,No,Unf,0,0,2042,2042,Y,SBrkr,2042,0,0,2042,0,0,2,1,3,1,Ex,8,Typ,1,Gd,2009,RFn,3,1390,TA,0,90,0,0,0,0,NA,0,8,2009,253293
583,81,11841.57558,11841,Inside,Duplex,SFoyer,6,5,1990,1990,HdBoard,HdBoard,BrkFace,104,TA,Gd,CBlock,Gd,TA,Av,GLQ,816,0,0,816,Y,SBrkr,816,0,0,816,1,0,1,0,3,1,TA,5,Typ,0,NA,NA,NA,0,0,NA,0,32,0,0,0,0,NA,0,5,2007,118500
584,75,13500.89414,13500,Inside,1Fam,2.5Unf,10,9,1893,2000,Wd Sdng,Wd Sdng,None,0,Ex,Ex,BrkTil,TA,TA,No,Unf,0,0,1237,1237,Y,SBrkr,1521,1254,0,2775,0,0,3,1,3,1,Gd,9,Typ,1,Gd,1988,Unf,2,880,Gd,105,502,0,0,0,0,NA,0,7,2008,325000
585,51,6120.29143,6120,Inside,1Fam,1.5Fin,4,7,1935,1995,AsbShng,AsbShng,None,0,TA,TA,BrkTil,TA,TA,No,Unf,0,0,884,884,Y,SBrkr,989,584,0,1573,0,0,1,0,3,1,Gd,6,Typ,0,NA,1935,Unf,1,240,TA,0,0,54,0,120,0,NA,0,7,2009,133000
586,88,11443.36784,11443,Inside,1Fam,1Story,8,5,2005,2006,VinylSd,VinylSd,BrkFace,208,Gd,TA,PConc,Ex,TA,Gd,GLQ,1460,0,408,1868,Y,SBrkr,2028,0,0,2028,1,0,2,0,2,1,Gd,7,Typ,2,Gd,2005,RFn,3,880,TA,326,66,0,0,0,0,NA,0,3,2006,369900
587,55,10267.32067,10267,Inside,1Fam,1Story,6,7,1918,2000,Stucco,Wd Shng,None,0,TA,Gd,BrkTil,TA,Gd,Mn,Rec,210,606,0,816,Y,SBrkr,838,0,0,838,1,0,1,0,2,1,Fa,5,Typ,0,NA,1961,Fin,1,275,TA,0,0,112,0,0,0,NA,0,5,2008,130000
588,74,8740.821761,8740,Inside,1Fam,SFoyer,5,6,1982,1982,HdBoard,HdBoard,None,0,TA,TA,CBlock,TA,TA,Av,ALQ,672,0,168,840,Y,SBrkr,860,0,0,860,1,0,1,0,2,1,TA,4,Typ,0,NA,1996,Unf,2,528,TA,0,0,0,0,0,0,NA,0,7,2009,137000
589,65,25095.40817,25095,Inside,1Fam,1Story,5,8,1968,2003,Wd Sdng,Wd Sdng,None,0,TA,TA,CBlock,TA,TA,Gd,GLQ,1324,0,113,1437,Y,SBrkr,1473,0,0,1473,2,0,1,0,1,1,Ex,5,Typ,2,Gd,1968,Unf,1,452,TA,0,48,0,0,60,0,NA,0,6,2009,143000
590,50,9100.108741,9100,Inside,1Fam,1Story,5,6,1930,1960,VinylSd,VinylSd,None,0,TA,TA,BrkTil,TA,TA,No,Unf,0,0,742,742,Y,FuseA,779,0,156,935,0,0,1,0,2,1,TA,4,Typ,0,NA,1988,Unf,1,308,TA,0,0,0,0,0,0,Shed,600,8,2008,79500
591,64,8320.149454,8320,Inside,1Fam,2Story,7,5,2004,2004,VinylSd,VinylSd,None,0,Gd,TA,PConc,Gd,TA,No,GLQ,490,0,280,770,Y,SBrkr,770,812,0,1582,0,0,2,1,3,1,Gd,6,Typ,0,NA,2004,RFn,2,520,TA,0,45,0,0,0,0,NA,0,9,2008,185900
592,97,13478.61203,13478,Corner,1Fam,2Story,10,5,2008,2008,CemntBd,CmentBd,Stone,420,Ex,TA,PConc,Ex,TA,Gd,GLQ,1338,0,384,1722,Y,SBrkr,1728,568,0,2296,1,0,2,1,3,1,Ex,10,Typ,1,Gd,2008,RFn,3,842,TA,382,274,0,0,0,0,NA,0,6,2009,451950
593,60,6600.287016,6600,Inside,1Fam,1Story,5,8,1982,2003,HdBoard,HdBoard,None,0,TA,Gd,PConc,TA,Gd,No,GLQ,816,0,0,816,Y,SBrkr,816,0,0,816,1,0,1,0,2,1,TA,4,Typ,0,NA,1985,Fin,2,816,TA,0,0,0,0,0,0,NA,0,6,2008,138000
594,,4435.592616,4435,Inside,TwnhsE,1Story,6,5,2003,2003,VinylSd,VinylSd,BrkFace,170,Gd,TA,PConc,Gd,TA,Av,GLQ,685,0,163,848,Y,SBrkr,848,0,0,848,1,0,1,0,1,1,Gd,4,Typ,0,NA,2003,Fin,2,420,TA,140,0,0,0,0,0,NA,0,5,2009,140000
595,88,7990.412797,7990,Inside,1Fam,1Story,5,6,1975,1975,HdBoard,HdBoard,None,0,TA,TA,CBlock,Gd,TA,No,Unf,0,0,924,924,Y,SBrkr,924,0,0,924,0,0,1,0,3,1,TA,5,Typ,0,NA,1981,Unf,1,280,TA,0,0,0,0,0,0,NA,0,4,2008,110000
596,69,11302.5036,11302,Inside,1Fam,1Story,8,5,2005,2006,VinylSd,Other,BrkFace,238,Gd,TA,PConc,Gd,TA,Gd,GLQ,1422,0,392,1814,Y,SBrkr,1826,0,0,1826,1,0,2,0,3,1,Gd,7,Typ,1,TA,2005,Fin,3,758,TA,180,75,0,0,120,0,NA,0,8,2006,319000
597,60,3600.725832,3600,Inside,1Fam,2Story,6,7,1910,1993,VinylSd,VinylSd,None,0,TA,TA,CBlock,TA,TA,No,Unf,0,0,684,684,N,FuseA,684,684,0,1368,0,0,1,0,3,1,TA,7,Typ,0,NA,1930,Unf,1,216,TA,0,158,0,0,0,0,NA,0,10,2006,114504
598,53,3922.872194,3922,Inside,TwnhsE,1Story,7,5,2006,2007,VinylSd,VinylSd,BrkFace,72,Gd,TA,PConc,Ex,TA,Av,Unf,0,0,1258,1258,Y,SBrkr,1402,0,0,1402,0,2,0,2,2,1,Gd,7,Typ,1,Gd,2006,Fin,3,648,TA,120,16,0,0,0,0,NA,0,2,2007,194201
599,80,12984.07234,12984,Inside,1Fam,1Story,5,6,1977,1977,Plywood,Plywood,BrkFace,459,TA,TA,CBlock,Gd,TA,Mn,ALQ,1283,147,0,1430,Y,SBrkr,1647,0,0,1647,1,0,2,0,3,1,Gd,7,Typ,1,TA,1977,Fin,2,621,TA,0,0,0,0,0,0,NA,0,3,2006,217500
600,24,1950.161296,1950,Inside,Twnhs,2Story,6,6,1980,1980,MetalSd,MetalSd,None,0,TA,Gd,CBlock,Gd,TA,No,LwQ,81,612,23,716,Y,SBrkr,716,840,0,1556,1,0,2,1,3,1,TA,6,Typ,1,TA,1980,Fin,2,452,TA,161,0,0,0,0,0,NA,0,7,2008,151000
601,74,10927.44315,10927,Inside,1Fam,2Story,8,5,2005,2005,VinylSd,VinylSd,BrkFace,280,Gd,TA,PConc,Gd,TA,Av,GLQ,546,0,512,1058,Y,SBrkr,1058,846,0,1904,1,0,2,1,3,1,Ex,8,Typ,1,Gd,2003,Fin,2,736,TA,179,60,0,0,0,0,NA,0,6,2006,275000
602,50,9000.105503,9000,Inside,1Fam,1.5Fin,6,6,1937,1950,Wd Sdng,Wd Sdng,None,0,TA,Gd,PConc,TA,TA,No,Unf,0,0,780,780,Y,SBrkr,780,595,0,1375,0,0,1,1,3,1,Gd,6,Typ,1,Gd,1979,Unf,1,544,TA,0,162,0,0,126,0,NA,0,12,2007,141000
603,80,10041.36992,10041,Inside,1Fam,2Story,8,5,1992,1992,HdBoard,HdBoard,None,0,Gd,TA,PConc,Gd,TA,Mn,GLQ,789,0,119,908,Y,SBrkr,927,988,0,1915,1,0,2,1,3,1,Gd,8,Typ,1,TA,1992,Fin,2,506,TA,120,150,0,0,0,0,NA,0,2,2006,220000
604,30,3182.641825,3182,Inside,TwnhsE,2Story,7,5,2004,2005,MetalSd,MetalSd,None,0,Gd,TA,PConc,Gd,TA,No,Unf,0,0,600,600,Y,SBrkr,600,600,0,1200,0,0,2,1,2,1,Gd,4,Typ,0,NA,2004,RFn,2,480,TA,0,172,0,0,0,0,NA,0,6,2010,151000
605,88,12803.15084,12803,Inside,1Fam,1Story,7,5,2002,2002,VinylSd,VinylSd,BrkFace,99,Gd,TA,PConc,Gd,TA,Mn,GLQ,922,0,572,1494,Y,SBrkr,1494,0,0,1494,1,0,2,0,3,1,Gd,6,Typ,1,TA,2002,RFn,2,530,TA,192,36,0,0,0,0,NA,0,9,2008,221000
606,85,13600.07159,13600,Inside,1Fam,2Story,7,6,1965,1990,HdBoard,HdBoard,BrkFace,176,TA,TA,CBlock,TA,TA,No,BLQ,454,0,314,768,Y,SBrkr,1186,800,0,1986,0,0,2,1,3,1,TA,7,Typ,3,Fa,1965,Unf,2,486,TA,0,42,0,0,189,0,NA,0,10,2009,205000
607,82,12464.65448,12464,Corner,1Fam,1Story,5,5,1996,1996,VinylSd,VinylSd,None,0,TA,Gd,PConc,Gd,TA,No,GLQ,732,0,308,1040,Y,SBrkr,1040,0,0,1040,1,0,1,0,3,1,Gd,6,Typ,0,NA,2000,Unf,2,576,TA,168,0,0,0,0,0,NA,0,11,2009,152000
608,78,7800.173948,7800,Inside,1Fam,2Story,5,8,1948,2002,MetalSd,MetalSd,None,0,TA,Gd,CBlock,TA,Gd,No,GLQ,603,0,293,896,Y,SBrkr,1112,896,0,2008,1,0,3,0,3,1,Ex,8,Typ,0,NA,1948,Unf,1,230,TA,103,0,0,0,0,0,NA,0,8,2006,225000
609,78,12168.15699,12168,Inside,1Fam,2Story,8,6,1934,1998,BrkFace,Wd Sdng,None,0,TA,TA,PConc,Gd,TA,Mn,BLQ,428,0,537,965,Y,SBrkr,1940,1254,0,3194,0,0,2,1,4,1,TA,10,Typ,2,Gd,1934,Unf,2,380,TA,0,0,0,0,0,0,NA,0,9,2007,359100
610,61,7943.897982,7943,Inside,1Fam,1Story,4,5,1961,1961,VinylSd,VinylSd,BrkCmn,192,TA,Fa,CBlock,TA,TA,Mn,Rec,903,0,126,1029,Y,SBrkr,1029,0,0,1029,1,0,1,0,3,1,TA,5,Typ,0,NA,1961,Unf,1,261,TA,64,0,39,0,0,0,NA,0,4,2007,118500
611,,11050.52548,11050,Inside,1Fam,2Story,9,5,2000,2000,VinylSd,VinylSd,BrkFace,204,Gd,TA,PConc,Ex,TA,Mn,GLQ,904,0,536,1440,Y,SBrkr,1476,677,0,2153,1,0,2,1,3,1,Ex,8,Typ,2,Ex,2000,Fin,3,736,TA,253,142,0,0,0,0,NA,0,5,2009,313000
612,,10395.07237,10395,FR2,1Fam,SLvl,6,6,1978,1978,HdBoard,HdBoard,BrkFace,233,TA,TA,CBlock,Gd,TA,Av,ALQ,605,0,427,1032,Y,SBrkr,1032,0,0,1032,0,1,2,0,3,1,TA,6,Typ,1,TA,1978,Unf,2,564,TA,0,0,0,0,0,0,Shed,500,7,2007,148000
613,,11885.28544,11885,Inside,1Fam,2Story,8,5,2001,2001,VinylSd,VinylSd,BrkFace,108,Gd,TA,PConc,Gd,TA,Av,GLQ,990,0,309,1299,Y,SBrkr,1299,573,0,1872,1,0,2,1,3,1,Ex,7,Typ,1,TA,2001,RFn,2,531,TA,160,122,0,0,0,0,NA,0,11,2009,261500
614,70,8402.450522,8402,Inside,1Fam,1Story,5,5,2007,2007,VinylSd,VinylSd,None,0,TA,TA,PConc,Gd,TA,No,ALQ,206,0,914,1120,Y,SBrkr,1120,0,0,1120,0,0,1,0,3,1,TA,6,Typ,0,NA,NA,NA,0,0,NA,0,30,0,0,0,0,NA,0,12,2007,147000
615,21,1491.120306,1491,Inside,TwnhsE,SFoyer,4,6,1972,1972,CemntBd,CmentBd,None,0,TA,TA,CBlock,Gd,TA,Av,LwQ,150,480,0,630,Y,SBrkr,630,0,0,630,1,0,1,0,1,1,TA,3,Typ,0,NA,NA,NA,0,0,NA,96,24,0,0,0,0,NA,0,5,2010,75500
616,80,8800.843797,8800,Inside,1Fam,SFoyer,6,7,1963,1963,MetalSd,MetalSd,BrkFace,156,TA,Gd,PConc,TA,TA,Gd,GLQ,763,0,173,936,Y,SBrkr,1054,0,0,1054,1,0,1,0,3,1,Gd,6,Typ,0,NA,1963,RFn,2,480,TA,120,0,0,0,0,0,NA,0,5,2010,137500
617,,7861.020213,7861,Inside,1Fam,2Story,6,5,2002,2003,VinylSd,VinylSd,None,0,Gd,TA,PConc,Gd,TA,No,GLQ,457,0,326,783,Y,SBrkr,807,702,0,1509,1,0,2,1,3,1,Gd,7,Typ,1,Gd,2002,Fin,2,393,TA,100,75,0,0,0,0,NA,0,6,2006,183200
618,59,7227.153472,7227,Corner,1Fam,1.5Unf,6,6,1954,1954,MetalSd,MetalSd,None,0,TA,TA,CBlock,TA,TA,No,Unf,0,0,832,832,Y,SBrkr,832,0,0,832,0,0,1,0,2,1,Gd,4,Typ,0,NA,1962,Unf,2,528,TA,0,0,0,0,0,0,NA,0,6,2008,105500
619,90,11694.19898,11694,Inside,1Fam,1Story,9,5,2007,2007,CemntBd,CmentBd,BrkFace,452,Ex,TA,PConc,Ex,TA,Av,GLQ,48,0,1774,1822,Y,SBrkr,1828,0,0,1828,0,0,2,0,3,1,Gd,9,Typ,1,Gd,2007,Unf,3,774,TA,0,108,0,0,260,0,NA,0,7,2007,314813
620,85,12244.68927,12244,Inside,1Fam,2Story,8,5,2003,2003,VinylSd,VinylSd,Stone,226,Gd,TA,PConc,Gd,TA,Gd,GLQ,871,0,611,1482,Y,SBrkr,1482,780,0,2262,1,0,2,1,4,1,Gd,10,Typ,2,Gd,2003,Fin,3,749,TA,168,0,0,0,0,0,NA,0,8,2008,305000
621,45,8248.561478,8248,Inside,1Fam,1Story,3,3,1914,1950,Stucco,Stucco,None,0,TA,TA,BrkTil,TA,TA,No,BLQ,41,0,823,864,N,FuseF,864,0,0,864,1,0,1,0,2,1,TA,5,Typ,0,NA,NA,NA,0,0,NA,0,0,100,0,0,0,NA,0,9,2008,67000
622,90,10800.23158,10800,Inside,1Fam,2Story,6,7,1974,1997,HdBoard,HdBoard,None,0,TA,TA,CBlock,TA,TA,No,ALQ,956,182,384,1522,Y,SBrkr,1548,1066,0,2614,0,0,2,1,4,1,TA,9,Typ,1,TA,1974,RFn,2,624,TA,38,243,0,0,0,0,NA,0,6,2008,240000
623,71,7064.660321,7064,Inside,1Fam,1Story,5,6,1977,1977,Plywood,Plywood,BrkFace,153,TA,TA,CBlock,TA,TA,No,BLQ,560,0,420,980,Y,SBrkr,980,0,0,980,0,0,1,0,3,1,TA,6,Typ,0,NA,1986,Unf,2,484,TA,192,0,0,0,0,0,NA,0,7,2009,135000
624,,2117.158396,2117,Inside,TwnhsE,2Story,6,5,2000,2000,MetalSd,MetalSd,BrkFace,513,Gd,TA,PConc,Gd,TA,No,GLQ,420,0,336,756,Y,SBrkr,756,756,0,1512,0,0,2,1,2,1,Gd,4,Typ,1,TA,2000,Unf,2,440,TA,0,32,0,0,0,0,NA,0,6,2007,168500
625,80,10400.91448,10400,Inside,1Fam,2Story,6,5,1972,1972,VinylSd,VinylSd,None,288,TA,TA,CBlock,TA,TA,No,Rec,247,0,485,732,Y,SBrkr,1012,778,0,1790,1,0,1,2,4,1,TA,8,Min2,1,TA,1972,RFn,2,484,TA,148,0,0,0,147,0,NA,0,11,2006,165150
626,87,10000.49557,10000,Corner,1Fam,1Story,6,6,1962,1962,Wd Sdng,Wd Sdng,BrkFace,261,TA,TA,CBlock,TA,TA,No,Unf,0,0,1116,1116,Y,SBrkr,1116,0,0,1116,0,0,1,1,3,1,TA,5,Typ,0,NA,1962,Unf,2,440,TA,0,0,0,0,385,0,NA,0,2,2010,160000
627,,12342.26191,12342,Inside,1Fam,1Story,5,5,1960,1978,Wd Sdng,Wd Sdng,None,0,TA,TA,CBlock,TA,TA,No,Unf,0,0,978,978,Y,SBrkr,1422,0,0,1422,0,0,1,0,3,1,TA,6,Min1,1,TA,1960,RFn,1,286,TA,0,0,36,0,0,0,Shed,600,8,2007,139900
628,80,9600.669431,9600,Inside,1Fam,SLvl,6,6,1955,1972,AsbShng,AsbShng,BrkFace,164,TA,TA,CBlock,TA,TA,Av,BLQ,674,132,350,1156,Y,SBrkr,1520,0,0,1520,1,0,1,0,3,1,TA,7,Typ,2,Gd,1955,RFn,1,364,TA,0,0,189,0,0,0,NA,0,3,2010,153000
629,70,11606.22332,11606,Inside,1Fam,2Story,5,5,1969,1969,Plywood,Plywood,BrkFace,192,TA,TA,PConc,Gd,TA,Av,Rec,650,0,390,1040,Y,SBrkr,1040,1040,0,2080,0,1,1,2,5,1,Fa,9,Typ,2,TA,1969,Unf,2,504,TA,335,0,0,0,0,0,NA,0,9,2007,135000
630,82,9020.828611,9020,Corner,1Fam,SLvl,6,5,1964,1964,Plywood,Wd Sdng,BrkFace,259,TA,TA,CBlock,TA,TA,Gd,GLQ,624,336,288,1248,Y,SBrkr,1350,0,0,1350,1,0,1,1,3,1,TA,6,Typ,0,NA,1964,RFn,2,520,TA,176,0,0,0,0,0,NA,0,6,2008,168500
631,50,9000.609742,9000,Corner,1Fam,2Story,5,6,1880,1991,VinylSd,VinylSd,None,0,TA,TA,BrkTil,Fa,Fa,No,Unf,0,0,636,636,Y,FuseA,1089,661,0,1750,0,0,1,0,3,1,Ex,8,Typ,0,NA,1937,Unf,1,240,Fa,0,0,293,0,0,0,NA,0,6,2006,124000
632,34,4590.973074,4590,Inside,Twnhs,1Story,8,5,2006,2006,VinylSd,VinylSd,Stone,108,Gd,TA,PConc,Gd,Gd,Mn,GLQ,24,0,1530,1554,Y,SBrkr,1554,0,0,1554,0,0,2,0,2,1,Gd,6,Typ,1,Gd,2006,RFn,2,627,TA,156,73,0,0,0,0,NA,0,8,2007,209500
633,85,11900.30876,11900,Inside,1Fam,1Story,7,5,1977,1977,Plywood,Plywood,BrkFace,209,TA,Gd,CBlock,TA,TA,No,ALQ,822,0,564,1386,Y,SBrkr,1411,0,0,1411,0,0,2,0,3,1,TA,6,Typ,1,TA,1977,Fin,2,544,TA,192,0,0,0,0,0,NA,0,4,2009,82500
634,80,9250.473911,9250,Corner,1Fam,1Story,5,7,1954,2005,Wd Sdng,Wd Sdng,None,0,TA,TA,CBlock,TA,TA,No,BLQ,480,468,108,1056,Y,SBrkr,1056,0,0,1056,0,1,1,0,3,1,TA,6,Typ,0,NA,1954,Unf,1,260,TA,390,0,0,0,0,0,NA,0,7,2007,139400
635,64,6979.933984,6979,Inside,Duplex,SFoyer,6,5,1980,1980,Plywood,Plywood,None,0,TA,TA,CBlock,TA,TA,No,GLQ,1056,0,0,1056,Y,SBrkr,1056,0,0,1056,2,0,0,0,0,2,TA,4,Typ,0,NA,1980,Unf,2,576,TA,264,56,0,0,0,0,Shed,600,6,2010,144000
636,60,10896.40864,10896,Inside,2fmCon,2.5Fin,6,7,1914,1995,VinylSd,VinylSd,None,0,Fa,TA,CBlock,TA,Fa,No,LwQ,256,0,1184,1440,Y,FuseA,1440,1440,515,3395,0,0,2,0,8,2,Fa,14,Typ,0,NA,NA,NA,0,0,NA,0,110,0,0,0,0,NA,0,3,2007,200000
637,51,6120.77264,6120,Inside,1Fam,1Story,2,3,1936,1950,AsbShng,AsbShng,None,0,Fa,Fa,BrkTil,TA,Fa,No,Unf,0,0,264,264,N,FuseA,800,0,0,800,0,0,1,0,1,1,Fa,4,Maj1,1,Po,NA,NA,0,0,NA,0,0,0,0,0,0,NA,0,1,2009,60000
638,50,6000.071947,6000,Inside,2fmCon,1.5Fin,5,4,1954,1954,Wd Sdng,Wd Sdng,None,0,TA,TA,CBlock,TA,TA,No,Unf,0,0,811,811,Y,FuseA,811,576,0,1387,0,0,2,0,3,2,Gd,7,Typ,0,NA,1954,Unf,1,256,TA,0,0,0,0,0,0,NA,0,11,2009,93000
639,67,8777.773435,8777,Inside,1Fam,1Story,5,7,1910,1950,MetalSd,Wd Sdng,None,0,TA,TA,CBlock,Fa,TA,No,Unf,0,0,796,796,Y,FuseA,796,0,0,796,0,0,1,0,2,1,TA,4,Typ,0,NA,NA,NA,0,0,NA,328,0,164,0,0,0,NA,0,5,2008,85000
640,53,3982.977849,3982,Inside,TwnhsE,1Story,8,5,2006,2006,VinylSd,VinylSd,None,0,Gd,TA,PConc,Gd,Gd,Av,GLQ,1154,0,366,1520,Y,SBrkr,1567,0,0,1567,1,0,2,0,1,1,Ex,7,Typ,1,Gd,2006,Fin,3,648,TA,312,0,0,0,0,0,NA,0,10,2006,264561
641,62,12677.09071,12677,Inside,TwnhsE,1Story,8,5,2003,2004,MetalSd,MetalSd,BrkFace,472,Ex,TA,PConc,Ex,TA,Gd,GLQ,1218,0,300,1518,Y,SBrkr,1518,0,0,1518,0,0,1,1,1,1,Ex,6,Typ,1,Gd,2003,RFn,2,588,TA,185,140,0,0,0,0,NA,0,4,2008,274000
642,,7050.150904,7050,Inside,1Fam,2Story,7,5,2001,2001,VinylSd,VinylSd,None,0,Gd,TA,PConc,Gd,TA,No,GLQ,738,0,319,1057,Y,SBrkr,1057,872,0,1929,1,0,2,1,3,1,Gd,7,Typ,1,TA,2001,Fin,2,650,TA,0,235,0,0,0,0,NA,0,5,2007,226000
643,75,13860.45417,13860,Inside,1Fam,SLvl,8,7,1972,1995,Plywood,Wd Sdng,None,0,Gd,TA,CBlock,Gd,TA,Gd,GLQ,1410,0,542,1952,Y,SBrkr,2000,704,0,2704,1,0,2,1,4,1,Ex,9,Typ,3,TA,1972,Fin,2,538,TA,269,111,0,0,0,0,NA,0,7,2009,345000
644,80,10793.84456,10793,Inside,1Fam,2Story,5,5,1969,1969,WdShing,HdBoard,BrkFace,263,TA,TA,CBlock,TA,TA,No,Rec,493,287,0,780,Y,SBrkr,780,840,0,1620,0,0,2,1,4,1,TA,7,Min1,0,NA,1969,Fin,2,462,TA,208,0,0,0,0,0,NA,0,4,2007,152000
645,85,9187.831921,9187,Inside,1Fam,1Story,9,5,2009,2009,CemntBd,CmentBd,Stone,162,Ex,TA,PConc,Ex,TA,Mn,GLQ,1121,0,645,1766,Y,SBrkr,1766,0,0,1766,1,0,2,1,2,1,Ex,7,Typ,1,Gd,2009,Fin,3,478,TA,195,130,0,0,0,0,NA,0,10,2009,370878
646,,10530.43499,10530,Corner,1Fam,1Story,6,5,1971,1971,Plywood,Plywood,None,0,TA,TA,CBlock,TA,TA,No,ALQ,282,35,664,981,Y,SBrkr,981,0,0,981,1,0,1,1,3,1,TA,5,Typ,0,NA,1979,Unf,2,576,TA,0,312,40,0,0,0,NA,0,3,2007,143250
647,60,7200.166686,7200,Inside,1Fam,1Story,5,5,1950,1950,MetalSd,MetalSd,None,0,TA,TA,CBlock,NA,NA,NA,NA,0,0,0,0,Y,SBrkr,1048,0,0,1048,0,0,1,0,3,1,TA,7,Min1,0,NA,1950,Unf,2,420,TA,0,27,0,0,0,0,NA,0,7,2008,98300
648,85,10452.85801,10452,Inside,1Fam,1Story,6,5,1953,1953,Wd Sdng,Wd Sdng,Stone,216,TA,TA,CBlock,TA,TA,Mn,Rec,500,0,594,1094,Y,SBrkr,1094,0,0,1094,0,0,1,0,3,1,TA,5,Typ,2,Gd,1953,RFn,2,495,TA,0,0,0,0,287,0,NA,0,6,2008,155000
649,70,7700.514041,7700,Inside,1Fam,2Story,6,5,1966,1966,MetalSd,MetalSd,BrkFace,351,TA,TA,CBlock,TA,TA,No,Unf,0,0,756,756,Y,SBrkr,1051,788,0,1839,0,0,1,1,4,1,TA,7,Typ,1,TA,1966,Unf,2,442,TA,0,124,216,0,0,0,NA,0,6,2010,155000
650,21,1936.90265,1936,Inside,Twnhs,SFoyer,4,6,1970,1970,CemntBd,CmentBd,None,0,TA,TA,CBlock,Gd,TA,Av,BLQ,131,499,0,630,Y,SBrkr,630,0,0,630,1,0,1,0,1,1,TA,3,Typ,0,NA,NA,NA,0,0,NA,0,0,0,0,0,0,NA,0,12,2007,84500
651,65,8125.521087,8125,Inside,1Fam,2Story,7,6,2007,2007,CemntBd,CmentBd,NA,NA,Gd,TA,PConc,Gd,TA,No,Unf,0,0,813,813,Y,SBrkr,822,843,0,1665,0,0,2,1,3,1,Gd,7,Typ,0,NA,2007,RFn,2,562,TA,0,0,0,0,0,0,NA,0,5,2008,205950
652,60,9084.092605,9084,Inside,1Fam,2Story,4,5,1940,1950,MetalSd,MetalSd,None,0,TA,TA,CBlock,TA,TA,Mn,Unf,0,0,755,755,Y,SBrkr,755,755,0,1510,1,0,1,0,4,1,TA,7,Typ,1,Gd,1940,Unf,1,296,Fa,120,0,0,0,0,0,NA,0,10,2009,108000
653,70,8750.633726,8750,Inside,1Fam,2Story,7,5,1996,1996,VinylSd,VinylSd,None,0,Gd,TA,PConc,Gd,TA,No,Unf,0,0,880,880,Y,SBrkr,909,807,0,1716,0,0,2,1,2,1,Gd,7,Typ,1,TA,1996,RFn,2,512,TA,0,120,0,0,0,0,NA,0,7,2009,191000
654,60,10320.00031,10320,Inside,1Fam,1.5Fin,6,7,1906,1995,MetalSd,MetalSd,None,0,TA,TA,CBlock,TA,TA,No,Unf,0,0,756,756,Y,SBrkr,756,713,0,1469,0,0,1,0,3,1,TA,7,Typ,0,NA,1906,Unf,1,216,TA,57,0,239,0,0,0,NA,0,6,2008,135000
655,91,10437.69134,10437,Inside,1Fam,1Story,8,6,1995,1995,MetalSd,MetalSd,BrkFace,660,Gd,Gd,PConc,Gd,TA,Gd,GLQ,1696,0,413,2109,Y,SBrkr,2113,0,0,2113,1,0,2,1,2,1,Gd,7,Typ,1,TA,1995,Fin,3,839,TA,236,46,0,0,0,0,NA,0,8,2008,350000
656,21,1680.199149,1680,Inside,Twnhs,2Story,6,5,1971,1971,HdBoard,ImStucc,BrkFace,381,TA,TA,CBlock,TA,TA,No,Unf,0,0,525,525,Y,SBrkr,525,567,0,1092,0,0,1,1,3,1,TA,6,Typ,0,NA,1971,Unf,1,264,TA,0,0,0,0,0,0,NA,0,3,2010,88000
657,72,10007.09403,10007,Inside,1Fam,1Story,5,7,1959,2006,HdBoard,HdBoard,BrkFace,54,Gd,TA,CBlock,TA,TA,No,ALQ,806,0,247,1053,Y,SBrkr,1053,0,0,1053,1,0,1,1,3,1,Gd,5,Typ,0,NA,1959,RFn,1,312,TA,0,0,0,0,0,0,NA,0,8,2008,145500
658,60,7200.797315,7200,Inside,1Fam,2Story,7,6,1931,2000,Stucco,Wd Shng,None,0,TA,Fa,BrkTil,Gd,TA,No,Unf,0,0,776,776,Y,SBrkr,851,651,0,1502,0,0,1,1,3,1,TA,6,Typ,1,Gd,1931,RFn,1,270,TA,0,0,112,0,0,0,NA,0,2,2008,149000
659,78,17503.64726,17503,Inside,1Fam,1.5Fin,6,5,1948,1950,VinylSd,VinylSd,None,0,TA,TA,CBlock,TA,TA,No,Unf,0,0,912,912,Y,SBrkr,912,546,0,1458,0,1,1,0,3,1,TA,6,Typ,1,Gd,1948,Unf,1,330,TA,192,0,0,0,0,0,NA,0,1,2010,97500
660,75,9937.570308,9937,Corner,1Fam,1Story,5,7,1964,1999,MetalSd,MetalSd,None,0,TA,Gd,PConc,TA,TA,No,BLQ,637,0,849,1486,Y,SBrkr,1486,0,0,1486,1,0,1,0,3,1,TA,7,Typ,0,NA,1968,Fin,2,480,TA,0,0,0,0,0,0,NA,0,3,2009,167000
661,,12384.59283,12384,CulDSac,1Fam,2Story,7,7,1976,1976,Plywood,Plywood,BrkFace,233,TA,TA,CBlock,Gd,TA,No,Unf,0,0,793,793,Y,SBrkr,1142,793,0,1935,0,0,2,1,3,1,TA,7,Typ,1,TA,1976,RFn,2,550,TA,0,113,252,0,0,0,NA,0,11,2007,197900
662,52,46589.15358,46589,CulDSac,1Fam,2Story,8,7,1994,2005,VinylSd,VinylSd,BrkFace,528,Gd,TA,PConc,Gd,Gd,No,GLQ,1361,180,88,1629,Y,SBrkr,1686,762,0,2448,1,0,2,1,4,1,Gd,8,Typ,1,TA,1994,RFn,3,711,TA,517,76,0,0,0,0,NA,0,7,2009,402000
663,120,13560.51684,13560,Corner,1Fam,1Story,6,3,1968,1968,Wd Sdng,Wd Sdng,BrkFace,216,TA,TA,CBlock,Fa,Fa,No,Unf,0,0,1392,1392,Y,SBrkr,1392,0,0,1392,1,0,1,0,2,1,TA,5,Maj2,2,TA,1968,RFn,2,576,TA,0,0,240,0,0,0,NA,0,7,2009,110000
664,90,10012.9374,10012,Inside,1Fam,SFoyer,4,5,1972,1972,Plywood,Plywood,None,0,TA,TA,CBlock,Gd,TA,Av,BLQ,920,180,38,1138,Y,SBrkr,1181,0,0,1181,1,0,2,0,3,1,TA,6,Typ,0,NA,1974,RFn,2,588,TA,0,0,180,0,0,0,NA,0,4,2008,137500
665,49,20896.53299,20896,CulDSac,1Fam,1Story,8,5,2005,2006,VinylSd,VinylSd,None,0,Gd,TA,PConc,Ex,TA,Mn,GLQ,1721,0,356,2077,Y,SBrkr,2097,0,0,2097,1,0,1,1,1,1,Ex,8,Typ,1,Ex,2005,Fin,3,1134,TA,192,267,0,0,0,0,NA,0,1,2006,423000
666,106,11194.16423,11194,Corner,1Fam,2Story,8,5,2000,2000,VinylSd,VinylSd,BrkFace,40,Gd,TA,PConc,Gd,TA,No,Unf,0,0,1406,1406,Y,SBrkr,1454,482,0,1936,0,0,2,1,3,1,Gd,7,Typ,1,TA,2000,RFn,2,504,TA,188,124,0,0,0,0,NA,0,11,2006,230500
667,,18450.82182,18450,Inside,1Fam,2Story,6,5,1965,1979,Plywood,Plywood,BrkCmn,113,TA,Gd,CBlock,Gd,TA,No,LwQ,187,723,111,1021,Y,SBrkr,1465,915,0,2380,0,0,2,1,3,1,TA,7,Sev,1,Po,1965,Unf,2,596,TA,0,265,0,0,0,0,NA,0,8,2007,129000
668,65,8125.036144,8125,Inside,1Fam,1Story,6,5,1994,1998,HdBoard,HdBoard,BrkFace,258,TA,TA,PConc,Gd,TA,No,GLQ,1138,0,270,1408,Y,SBrkr,1679,0,0,1679,1,0,2,0,3,1,Gd,7,Typ,1,Fa,1994,RFn,2,575,TA,224,42,0,0,0,0,NA,0,10,2008,193500
669,,14175.66818,14175,Corner,1Fam,1Story,5,6,1956,1987,CemntBd,Wd Sdng,None,0,TA,TA,CBlock,TA,TA,No,Rec,988,0,200,1188,Y,SBrkr,1437,0,0,1437,1,0,1,1,3,1,TA,6,Min2,1,TA,1999,Unf,2,576,TA,304,0,0,0,0,0,NA,0,11,2006,168000
670,80,11600.24368,11600,Inside,1Fam,1Story,4,5,1922,1950,MetalSd,MetalSd,None,0,TA,TA,BrkTil,Fa,TA,No,Unf,0,0,700,700,Y,SBrkr,1180,0,0,1180,0,0,1,0,2,1,Fa,5,Typ,1,Gd,1922,Unf,1,252,TA,0,0,67,0,0,0,NA,0,7,2006,137500
671,64,8633.185673,8633,FR2,1Fam,2Story,6,5,2005,2005,VinylSd,VinylSd,None,0,Gd,TA,PConc,Gd,TA,No,GLQ,193,0,545,738,Y,SBrkr,738,738,0,1476,1,0,2,1,3,1,Gd,7,Typ,0,NA,2005,Fin,2,540,TA,100,35,0,0,0,0,NA,0,2,2009,173500
672,54,6629.405713,6629,Inside,1Fam,2Story,6,6,1925,1950,Wd Sdng,Wd Sdng,None,0,TA,Gd,BrkTil,TA,TA,No,BLQ,551,0,121,672,N,SBrkr,697,672,0,1369,1,0,2,0,3,1,TA,6,Typ,0,NA,1930,Unf,1,300,TA,147,0,0,0,0,0,NA,0,7,2009,103600
673,,11250.008,11250,Inside,1Fam,1Story,6,6,1977,1977,Plywood,Plywood,None,0,Gd,TA,CBlock,Gd,TA,No,ALQ,767,0,441,1208,Y,SBrkr,1208,0,0,1208,1,0,1,1,3,1,TA,6,Typ,1,TA,1977,RFn,2,546,TA,198,42,0,0,0,0,NA,0,6,2006,165000
674,110,14442.21701,14442,Inside,1Fam,1Story,6,7,1957,2004,CemntBd,CmentBd,BrkFace,106,TA,TA,PConc,TA,TA,No,GLQ,1186,0,291,1477,Y,SBrkr,1839,0,0,1839,1,0,2,0,3,1,Gd,7,Typ,2,TA,1957,Fin,2,416,TA,0,87,0,0,200,0,NA,0,6,2007,257500
675,80,9200.126097,9200,Inside,1Fam,1Story,6,6,1965,1965,HdBoard,HdBoard,None,0,TA,TA,CBlock,TA,TA,No,Rec,892,0,244,1136,Y,SBrkr,1136,0,0,1136,1,0,1,0,3,1,TA,5,Typ,1,Gd,1965,RFn,1,384,TA,426,0,0,0,0,0,NA,0,7,2008,140000
676,24,2289.218451,2289,Inside,Twnhs,2Story,6,6,1978,1978,Plywood,Brk Cmn,None,0,TA,TA,CBlock,TA,TA,No,ALQ,311,0,544,855,Y,SBrkr,855,586,0,1441,0,0,2,1,3,1,TA,7,Typ,1,TA,1978,Unf,2,440,TA,28,0,0,0,0,0,NA,0,4,2009,148500
677,60,9600.471785,9600,Inside,1Fam,2Story,4,2,1900,1950,AsbShng,Stucco,None,0,TA,TA,BrkTil,TA,Fa,No,Unf,0,0,1095,1095,N,SBrkr,1095,679,0,1774,1,0,2,0,4,2,TA,8,Min2,0,NA,1920,Unf,3,779,Fa,0,0,90,0,0,0,NA,0,5,2006,87000
678,52,9022.697129,9022,Inside,1Fam,1Story,5,8,1924,2006,VinylSd,VinylSd,None,0,Gd,TA,BrkTil,TA,TA,No,Unf,0,0,768,768,Y,SBrkr,792,0,0,792,0,0,1,0,2,1,Gd,5,Typ,0,NA,1924,Unf,1,240,Fa,316,0,120,0,0,0,NA,0,5,2009,109500
679,80,11844.71279,11844,Inside,1Fam,1Story,8,5,2008,2008,VinylSd,VinylSd,Stone,464,Gd,TA,PConc,Ex,TA,Mn,Unf,0,0,2046,2046,Y,SBrkr,2046,0,0,2046,0,0,2,1,3,1,Gd,7,Typ,1,Gd,2008,Fin,3,834,TA,322,82,0,0,0,0,NA,0,7,2009,372500
680,,9945.276905,9945,Inside,1Fam,1Story,5,5,1961,1961,Wd Sdng,Wd Sdng,BrkFace,57,TA,TA,CBlock,TA,TA,No,Rec,827,0,161,988,Y,SBrkr,988,0,0,988,1,0,1,0,3,1,TA,5,Typ,0,NA,1963,Unf,2,572,TA,0,0,0,0,0,0,NA,0,10,2007,128500
681,50,8012.402655,8012,Inside,TwnhsE,1Story,6,5,1980,1980,Plywood,Plywood,None,0,TA,TA,CBlock,Gd,TA,No,BLQ,543,119,261,923,Y,SBrkr,923,0,0,923,0,0,2,0,2,1,TA,5,Typ,1,TA,1980,RFn,1,264,TA,80,0,0,0,0,0,NA,0,5,2010,143000
682,55,4500.843969,4500,Inside,1Fam,1.5Fin,5,5,1932,2000,VinylSd,Stucco,None,0,TA,TA,BrkTil,TA,TA,No,Rec,182,0,611,793,Y,SBrkr,848,672,0,1520,0,0,1,0,3,1,TA,6,Typ,0,NA,1968,Unf,1,281,TA,0,0,56,0,0,0,NA,0,7,2009,159434
683,,2887.196745,2887,Inside,1Fam,1Story,6,5,1996,1997,Wd Sdng,Wd Sdng,None,0,TA,TA,PConc,Gd,TA,Mn,GLQ,1003,0,288,1291,Y,SBrkr,1291,0,0,1291,1,0,1,0,2,1,Gd,6,Typ,1,Gd,1996,Unf,2,431,TA,307,0,0,0,0,0,NA,0,11,2008,173000
684,90,11248.96029,11248,Corner,1Fam,1Story,9,5,2002,2002,VinylSd,VinylSd,Stone,215,Gd,TA,PConc,Gd,TA,Av,GLQ,1059,0,567,1626,Y,SBrkr,1668,0,0,1668,1,0,2,0,3,1,Gd,7,Typ,1,TA,2002,Fin,3,702,TA,257,45,0,0,0,0,NA,0,7,2007,285000
685,58,16770.33146,16770,CulDSac,1Fam,2Story,7,5,1998,1998,VinylSd,VinylSd,BrkFace,30,Gd,TA,PConc,Gd,TA,No,Unf,0,0,1195,1195,Y,SBrkr,1195,644,0,1839,0,0,2,1,4,1,TA,7,Typ,0,NA,1998,Fin,2,486,TA,0,81,0,0,0,0,NA,0,6,2010,221000
686,,5062.325336,5062,CulDSac,TwnhsE,2Story,7,5,1984,1984,HdBoard,HdBoard,None,0,Gd,TA,CBlock,Gd,TA,Mn,GLQ,828,182,180,1190,Y,SBrkr,1190,900,0,2090,1,0,2,0,3,1,Gd,6,Min1,1,TA,1984,Fin,2,577,TA,219,0,0,0,0,0,NA,0,9,2007,207500
687,84,10207.19852,10207,Inside,1Fam,2Story,7,6,2007,2007,VinylSd,VinylSd,None,0,Gd,TA,PConc,Gd,TA,No,Unf,0,0,874,874,Y,SBrkr,874,887,0,1761,0,0,3,0,3,1,Gd,7,Typ,0,NA,2007,Fin,2,578,TA,144,105,0,0,0,0,NA,0,8,2007,227875
688,,5105.954278,5105,FR2,TwnhsE,2Story,7,5,2004,2004,MetalSd,MetalSd,None,0,Gd,TA,PConc,Gd,TA,No,GLQ,239,0,312,551,Y,SBrkr,551,551,0,1102,0,0,2,1,2,1,Gd,4,Typ,0,NA,2004,Unf,2,480,TA,0,60,0,0,0,0,NA,0,3,2007,148800
689,60,8089.315129,8089,Inside,1Fam,1Story,8,6,2007,2007,MetalSd,MetalSd,BrkFace,0,Gd,TA,PConc,Gd,TA,Av,GLQ,945,0,474,1419,Y,SBrkr,1419,0,0,1419,1,0,2,0,2,1,Gd,7,Typ,1,Gd,2007,RFn,2,567,TA,140,0,0,0,0,0,NA,0,10,2007,392000
690,61,7577.929141,7577,Corner,TwnhsE,1Story,6,5,2005,2006,VinylSd,VinylSd,Stone,256,Gd,TA,PConc,Gd,TA,Av,ALQ,20,0,1342,1362,Y,SBrkr,1362,0,0,1362,0,0,2,0,2,1,Gd,6,Typ,1,Gd,2005,RFn,2,460,TA,192,28,0,0,0,0,NA,0,6,2007,194700
691,,4426.680816,4426,Inside,TwnhsE,1Story,6,5,2004,2004,VinylSd,VinylSd,BrkFace,147,Gd,TA,PConc,Gd,TA,Gd,GLQ,697,0,151,848,Y,SBrkr,848,0,0,848,1,0,1,0,1,1,Gd,3,Typ,1,TA,2004,RFn,2,420,TA,149,0,0,0,0,0,NA,0,5,2008,141000
692,104,21535.05603,21535,Corner,1Fam,2Story,10,6,1994,1995,HdBoard,HdBoard,BrkFace,1170,Ex,TA,PConc,Ex,TA,Gd,GLQ,1455,0,989,2444,Y,SBrkr,2444,1872,0,4316,0,1,3,1,4,1,Ex,10,Typ,2,Ex,1994,Fin,3,832,TA,382,50,0,0,0,0,NA,0,1,2007,755000
693,42,26178.76457,26178,Inside,1Fam,2Story,7,5,1989,1990,MetalSd,MetalSd,BrkFace,293,Gd,TA,PConc,Gd,TA,Gd,GLQ,965,0,245,1210,Y,SBrkr,1238,1281,0,2519,1,0,2,1,4,1,Gd,9,Typ,2,Gd,1989,RFn,2,628,TA,320,27,0,0,0,0,NA,0,4,2006,335000
694,60,5400.812674,5400,Corner,1Fam,1Story,5,6,1921,1968,MetalSd,MetalSd,None,0,TA,TA,BrkTil,TA,TA,No,Unf,0,0,1073,1073,Y,SBrkr,1073,0,0,1073,0,0,1,0,2,1,TA,4,Typ,0,NA,1968,Unf,1,326,TA,0,0,112,0,0,0,NA,0,12,2006,108480
695,51,6120.724481,6120,Corner,1Fam,1.5Fin,5,6,1936,1950,Wd Sdng,Wd Sdng,None,0,TA,Fa,BrkTil,TA,TA,No,Unf,0,0,927,927,Y,SBrkr,1067,472,0,1539,0,0,1,1,3,1,TA,5,Typ,0,NA,1995,Unf,2,576,TA,112,0,0,0,0,0,NA,0,4,2009,141500
696,54,13811.21059,13811,Inside,1Fam,1Story,6,6,1987,1987,HdBoard,HdBoard,BrkFace,72,TA,TA,CBlock,Gd,Gd,No,GLQ,980,40,92,1112,Y,SBrkr,1137,0,0,1137,1,0,2,0,2,1,Gd,5,Typ,1,TA,1987,Unf,2,551,TA,125,0,0,0,0,0,NA,0,7,2006,176000
697,50,6000.924347,6000,Inside,1Fam,1Story,5,7,1921,1950,Wd Sdng,Wd Shng,None,0,TA,TA,CBlock,TA,TA,No,LwQ,616,0,0,616,Y,SBrkr,616,0,0,616,0,0,1,0,2,1,TA,4,Typ,0,NA,1921,Unf,1,205,TA,0,0,129,0,0,0,NA,0,6,2006,89000
698,57,6420.817098,6420,Inside,1Fam,1Story,5,7,1952,1952,Wd Sdng,Wd Sdng,None,0,TA,TA,PConc,Ex,Gd,Mn,LwQ,210,551,219,980,Y,FuseA,1148,0,0,1148,0,1,1,0,2,1,TA,6,Typ,0,NA,1952,Unf,1,308,TA,0,0,0,0,0,0,NA,0,9,2006,123500
699,65,8450.077401,8450,Inside,1Fam,1Story,5,8,1965,2009,MetalSd,MetalSd,None,0,TA,Gd,CBlock,TA,TA,No,GLQ,553,117,224,894,Y,SBrkr,894,0,0,894,1,0,1,0,3,1,TA,5,Typ,1,Gd,1973,Unf,1,336,TA,416,144,0,0,0,0,NA,0,4,2010,138500
700,59,4282.205396,4282,Inside,TwnhsE,1Story,7,5,2004,2004,MetalSd,MetalSd,None,0,Gd,TA,PConc,Gd,TA,Mn,GLQ,16,0,1375,1391,Y,SBrkr,1391,0,0,1391,0,0,2,0,2,1,Gd,5,Typ,0,NA,2004,RFn,2,530,TA,156,158,0,0,0,0,NA,0,7,2008,196000
701,85,14331.06976,14331,Inside,1Fam,1Story,8,5,2002,2002,VinylSd,VinylSd,BrkFace,630,Gd,TA,PConc,Ex,TA,Gd,GLQ,1274,0,526,1800,Y,SBrkr,1800,0,0,1800,1,0,2,0,3,1,Gd,7,Typ,1,Gd,2002,Fin,3,765,TA,270,78,0,0,0,0,NA,0,5,2006,312500
702,80,9600.6239,9600,Inside,1Fam,1Story,7,5,1969,1969,HdBoard,HdBoard,BrkFace,168,TA,TA,CBlock,TA,TA,No,Unf,0,0,1164,1164,Y,SBrkr,1164,0,0,1164,0,0,1,1,3,1,TA,6,Typ,0,NA,1969,Unf,2,528,TA,0,0,0,0,0,0,NA,0,7,2006,140000
703,82,12438.55206,12438,Inside,1Fam,2Story,8,5,2006,2006,VinylSd,VinylSd,BrkFace,466,Ex,TA,PConc,Ex,Gd,No,Unf,0,0,1234,1234,Y,SBrkr,1264,1312,0,2576,0,0,2,1,4,1,Ex,10,Typ,1,Gd,2006,Fin,3,666,TA,324,100,0,0,0,0,NA,0,7,2006,361919
704,76,7630.126177,7630,Inside,2fmCon,2Story,5,9,1900,1996,Wd Sdng,Wd Sdng,None,0,TA,Gd,BrkTil,Gd,TA,No,Unf,0,0,360,360,Y,SBrkr,1032,780,0,1812,0,0,2,0,4,2,Gd,8,Typ,1,Po,1999,Unf,2,672,TA,344,0,40,0,0,0,NA,0,5,2010,140000
705,70,8400.046466,8400,Inside,1Fam,1Story,7,5,2004,2005,VinylSd,VinylSd,BrkFace,109,Gd,TA,PConc,Gd,TA,Av,GLQ,712,0,761,1473,Y,SBrkr,1484,0,0,1484,1,0,2,0,3,1,Gd,7,Typ,0,NA,2004,RFn,2,606,TA,0,35,0,144,0,0,NA,0,5,2010,213000
706,70,5600.784972,5600,Inside,2fmCon,2Story,4,5,1930,1950,VinylSd,Wd Shng,None,0,Fa,Fa,Slab,NA,NA,NA,NA,0,0,0,0,N,SBrkr,372,720,0,1092,0,0,2,0,3,2,Fa,7,Mod,0,NA,NA,NA,0,0,NA,0,0,0,0,0,0,Othr,3500,7,2010,55000
707,,115149.6103,115149,CulDSac,1Fam,1Story,7,5,1971,2002,Plywood,Plywood,Stone,351,TA,TA,CBlock,Gd,TA,Gd,GLQ,1219,0,424,1643,Y,SBrkr,1824,0,0,1824,1,0,2,0,2,1,Gd,5,Typ,2,TA,1971,Unf,2,739,TA,380,48,0,0,0,0,NA,0,6,2007,302000
708,48,6240.760847,6240,Inside,TwnhsE,1Story,8,5,2006,2006,MetalSd,MetalSd,BrkFace,176,Gd,TA,PConc,Gd,TA,No,GLQ,863,0,461,1324,Y,SBrkr,1324,0,0,1324,1,0,2,0,2,1,Gd,6,Typ,1,Gd,2006,Fin,2,550,TA,192,38,0,0,0,0,NA,0,12,2009,254000
709,65,9018.993633,9018,Inside,1Fam,2Story,7,5,2007,2007,VinylSd,VinylSd,None,0,Gd,TA,PConc,Gd,TA,Av,Unf,0,0,728,728,Y,SBrkr,728,728,0,1456,0,0,2,1,3,1,Gd,8,Typ,1,Gd,2007,Fin,2,400,TA,100,24,0,0,0,0,NA,0,7,2007,179540
710,,7162.819075,7162,Inside,1Fam,1Story,5,7,1966,1966,HdBoard,HdBoard,BrkCmn,41,TA,TA,PConc,TA,TA,No,Unf,0,0,876,876,Y,SBrkr,904,0,0,904,0,0,1,0,3,1,TA,6,Typ,0,NA,1966,Unf,1,408,TA,0,0,0,0,0,0,NA,0,12,2008,109900
711,56,4130.892979,4130,Inside,1Fam,1Story,3,6,1935,2003,VinylSd,VinylSd,None,0,Gd,TA,CBlock,TA,TA,No,Unf,0,0,270,270,Y,SBrkr,729,0,0,729,0,0,1,0,2,1,TA,5,Maj2,0,NA,NA,NA,0,0,NA,0,0,0,0,0,0,NA,0,7,2008,52000
712,66,8712.626953,8712,Inside,1Fam,1.5Fin,4,7,1900,1950,MetalSd,MetalSd,None,0,TA,TA,Stone,TA,TA,Mn,Unf,0,0,859,859,Y,SBrkr,859,319,0,1178,0,0,1,0,2,1,TA,7,Typ,0,NA,1964,RFn,1,384,TA,68,0,98,0,0,0,NA,0,1,2010,102776
713,40,4671.963612,4671,Inside,TwnhsE,1Story,8,5,1988,1989,HdBoard,HdBoard,None,0,Gd,TA,PConc,Gd,TA,Mn,GLQ,767,0,461,1228,Y,SBrkr,1228,0,0,1228,1,0,2,0,2,1,Gd,5,Typ,1,Gd,1988,Fin,2,472,TA,168,120,0,0,0,0,NA,0,10,2008,189000
714,60,9873.634869,9873,Inside,2fmCon,1Story,4,5,1970,1970,HdBoard,HdBoard,BrkFace,160,TA,TA,CBlock,TA,TA,Av,ALQ,789,0,171,960,N,SBrkr,960,0,0,960,1,0,1,0,3,1,TA,6,Typ,0,NA,1970,Unf,2,576,TA,0,288,0,0,0,0,NA,0,5,2006,129000
715,,13517.02649,13517,CulDSac,1Fam,2Story,6,8,1976,2005,HdBoard,Plywood,BrkFace,289,Gd,TA,CBlock,TA,TA,No,GLQ,533,0,192,725,Y,SBrkr,725,754,0,1479,0,0,2,1,3,1,Gd,6,Typ,0,NA,1976,RFn,2,475,TA,0,44,0,0,0,0,NA,0,3,2010,130500
716,78,10140.19394,10140,Inside,1Fam,1Story,6,5,1974,1974,HdBoard,HdBoard,BrkFace,174,TA,TA,CBlock,Gd,TA,No,Unf,0,0,1064,1064,Y,SBrkr,1350,0,0,1350,0,0,2,0,3,1,TA,7,Typ,1,TA,1974,RFn,2,478,TA,0,0,0,0,0,0,NA,0,8,2009,165000
717,60,10800.67956,10800,Inside,1Fam,2Story,7,8,1890,1998,Wd Sdng,VinylSd,None,0,TA,Gd,BrkTil,TA,TA,No,Unf,0,0,718,718,Y,SBrkr,1576,978,0,2554,0,0,1,1,3,1,TA,8,Typ,0,NA,1996,Unf,2,704,TA,0,48,143,0,0,0,NA,0,7,2007,159500
718,80,10000.5143,10000,Inside,1Fam,1Story,5,6,1973,2000,HdBoard,HdBoard,None,0,TA,TA,CBlock,Gd,TA,No,BLQ,1084,0,92,1176,Y,SBrkr,1178,0,0,1178,0,1,1,1,3,1,Gd,5,Typ,1,Fa,1973,Unf,2,439,TA,224,0,0,0,0,0,NA,0,11,2008,157000
719,96,10542.77146,10542,Inside,1Fam,2Story,7,5,1993,1994,Wd Sdng,ImStucc,BrkFace,651,Gd,TA,PConc,Gd,TA,Gd,GLQ,1173,0,138,1311,Y,SBrkr,1325,1093,0,2418,1,0,2,1,3,1,Gd,9,Typ,1,TA,1993,RFn,3,983,TA,250,154,216,0,0,0,NA,0,8,2008,341000
720,69,9920.173147,9920,Inside,1Fam,1Story,5,6,1969,1969,HdBoard,Plywood,None,0,TA,TA,CBlock,Gd,TA,Gd,ALQ,523,0,448,971,Y,SBrkr,971,0,0,971,0,0,1,1,3,1,TA,5,Typ,1,Po,1969,Unf,1,300,TA,0,0,0,0,0,0,NA,0,5,2006,128500
721,,6563.856929,6563,CulDSac,1Fam,1Story,8,5,1985,1985,HdBoard,HdBoard,None,0,Gd,TA,PConc,Gd,TA,Gd,GLQ,1148,0,594,1742,Y,SBrkr,1742,0,0,1742,1,0,2,0,2,1,Gd,5,Typ,1,TA,1985,RFn,2,564,TA,114,28,234,0,0,0,NA,0,12,2006,275000
722,,4426.769991,4426,Inside,TwnhsE,1Story,6,5,2004,2004,VinylSd,VinylSd,BrkFace,169,Gd,TA,PConc,Gd,TA,Av,GLQ,662,0,186,848,Y,SBrkr,848,0,0,848,1,0,1,0,1,1,Gd,3,Typ,0,NA,2004,RFn,2,420,TA,160,0,0,0,0,0,NA,0,5,2010,143000
723,70,8120.46421,8120,Inside,1Fam,1Story,4,7,1970,1970,MetalSd,MetalSd,None,0,TA,Gd,CBlock,TA,TA,No,ALQ,191,0,673,864,Y,SBrkr,864,0,0,864,0,0,1,0,3,1,TA,5,Typ,0,NA,1994,Unf,2,463,TA,0,0,0,0,0,0,NA,0,7,2009,124500
724,60,8172.456568,8172,Inside,1Fam,1.5Fin,4,6,1954,1972,MetalSd,MetalSd,None,0,TA,TA,PConc,TA,TA,No,Unf,0,0,941,941,Y,SBrkr,997,473,0,1470,0,0,2,0,4,1,TA,7,Typ,0,NA,1958,Unf,1,548,TA,0,0,0,0,156,0,NA,0,5,2008,135000
725,86,13286.35551,13286,Inside,1Fam,1Story,9,5,2007,2008,CemntBd,CmentBd,Stone,340,Ex,TA,PConc,Ex,TA,No,GLQ,1234,0,464,1698,Y,SBrkr,1698,0,0,1698,1,0,2,0,3,1,Ex,8,Typ,1,Gd,2007,Fin,3,768,TA,327,64,0,0,0,0,NA,0,2,2009,320000
726,60,6960.976534,6960,Inside,1Fam,1Story,4,6,1970,1970,HdBoard,Plywood,None,0,TA,TA,CBlock,TA,TA,No,ALQ,375,239,250,864,Y,SBrkr,864,0,0,864,0,0,1,0,3,1,Gd,5,Typ,0,NA,1989,Unf,2,660,TA,96,0,0,0,0,0,Shed,500,11,2009,120500
727,,21695.74753,21695,Corner,1Fam,1Story,6,9,1988,2007,Wd Sdng,Plywood,BrkFace,260,Gd,Gd,CBlock,Gd,TA,No,GLQ,808,0,72,880,Y,SBrkr,1680,0,0,1680,1,0,2,0,3,1,Gd,5,Typ,1,Gd,1988,Fin,2,540,TA,292,44,0,182,0,0,NA,0,12,2009,222000
728,64,7314.399489,7314,Inside,1Fam,1Story,7,5,2007,2007,VinylSd,VinylSd,Stone,82,Gd,TA,PConc,Gd,TA,Av,GLQ,724,0,508,1232,Y,SBrkr,1232,0,0,1232,1,0,2,0,2,1,Gd,6,Typ,0,NA,2007,RFn,2,632,TA,132,0,0,0,0,0,NA,0,2,2009,194500
729,85,11475.92597,11475,Corner,Duplex,1Story,5,5,1958,1958,VinylSd,VinylSd,BrkFace,95,TA,TA,CBlock,TA,TA,No,Unf,0,0,1584,1584,Y,SBrkr,1776,0,0,1776,1,0,2,0,4,2,TA,9,Typ,0,NA,1968,Unf,3,888,TA,0,25,0,0,0,0,NA,0,7,2009,110000
730,52,6240.367745,6240,Inside,1Fam,1.5Fin,4,5,1925,1950,MetalSd,MetalSd,None,0,TA,TA,CBlock,TA,TA,No,BLQ,152,0,628,780,Y,FuseA,848,0,360,1208,0,0,1,0,2,1,TA,5,Typ,0,NA,1962,Unf,2,539,TA,0,23,112,0,0,0,NA,0,1,2009,103000
731,39,5389.78639,5389,Inside,TwnhsE,1Story,8,5,1995,1996,CemntBd,CmentBd,None,0,Gd,TA,PConc,Gd,TA,No,GLQ,1180,0,415,1595,Y,SBrkr,1616,0,0,1616,1,0,2,0,2,1,Gd,5,Typ,1,TA,1995,RFn,2,608,TA,237,152,0,0,0,0,NA,0,3,2010,236500
732,73,9590.662837,9590,Corner,1Fam,SLvl,7,5,2003,2003,VinylSd,VinylSd,BrkFace,442,Gd,TA,PConc,Ex,TA,Av,GLQ,786,0,82,868,Y,SBrkr,1146,0,0,1146,1,0,2,0,3,1,Gd,6,Typ,1,Gd,2003,Fin,2,438,TA,160,22,0,0,0,0,NA,0,5,2007,187500
733,75,11404.46795,11404,Inside,1Fam,2Story,7,5,1998,1999,VinylSd,VinylSd,BrkFace,202,Gd,TA,PConc,Gd,TA,Av,ALQ,252,0,901,1153,Y,SBrkr,1153,878,0,2031,0,0,2,1,3,1,Gd,8,Typ,1,TA,1998,Fin,2,541,TA,192,84,0,0,0,0,NA,0,7,2008,222500
734,80,10000.59083,10000,Corner,1Fam,1Story,5,6,1961,1983,HdBoard,HdBoard,None,0,TA,TA,CBlock,TA,TA,No,BLQ,594,0,270,864,Y,SBrkr,1144,0,0,1144,1,0,1,0,3,1,TA,6,Typ,1,TA,1961,RFn,1,264,TA,165,0,0,0,0,0,Shed,400,3,2009,131400
735,,8978.521057,8978,Corner,1Fam,1Story,5,5,1968,1968,Plywood,Plywood,None,0,TA,TA,PConc,TA,TA,No,Unf,0,0,948,948,Y,SBrkr,948,0,0,948,0,0,1,0,3,1,TA,6,Typ,0,NA,1968,Unf,1,300,TA,147,0,0,0,0,0,NA,0,5,2007,108000
736,60,10800.75767,10800,Inside,1Fam,2.5Unf,7,7,1914,1970,Wd Sdng,Wd Sdng,None,0,TA,TA,BrkTil,Gd,TA,Mn,Rec,390,0,490,880,N,SBrkr,880,888,0,1768,0,0,1,1,2,1,TA,6,Typ,2,TA,1914,Unf,2,320,TA,0,341,0,0,0,0,NA,0,10,2006,163000
737,60,8544.526446,8544,Inside,Duplex,1Story,3,4,1950,1950,Stucco,Stone,None,0,TA,TA,CBlock,NA,NA,NA,NA,0,0,0,0,N,FuseF,1040,0,0,1040,0,0,2,0,2,2,TA,6,Typ,0,NA,1949,Unf,2,400,TA,0,0,0,0,0,0,NA,0,7,2006,93500
738,72,10463.51312,10463,CulDSac,1Fam,2Story,8,5,2005,2005,VinylSd,VinylSd,None,0,Gd,TA,PConc,Gd,TA,No,Unf,0,0,893,893,Y,SBrkr,901,900,0,1801,0,0,2,1,3,1,Gd,8,Typ,1,Gd,2005,Fin,3,800,TA,0,116,0,0,0,0,NA,0,6,2006,239900
739,60,10800.02277,10800,Inside,Duplex,1Story,5,5,1987,1988,Plywood,Plywood,None,0,TA,TA,CBlock,Gd,Gd,Gd,GLQ,1200,0,0,1200,Y,SBrkr,1200,0,0,1200,3,0,3,0,3,1,TA,5,Typ,0,NA,NA,NA,0,0,NA,120,0,0,0,0,0,NA,0,3,2009,179000
740,65,9313.767287,9313,Inside,1Fam,2Story,7,5,2004,2004,VinylSd,VinylSd,None,0,Gd,TA,PConc,Gd,TA,No,Unf,0,0,864,864,Y,SBrkr,864,864,0,1728,0,0,2,1,3,1,Gd,7,Typ,0,NA,2004,RFn,2,572,TA,187,56,0,0,0,0,NA,0,4,2009,190000
741,60,9600.219011,9600,Inside,1Fam,2Story,5,7,1910,2002,Wd Sdng,Wd Shng,None,0,TA,Gd,BrkTil,Fa,Fa,No,Unf,0,0,264,264,Y,SBrkr,768,664,0,1432,0,0,2,0,2,1,TA,7,Typ,0,NA,1910,Unf,2,360,TA,270,0,112,0,0,0,NA,0,5,2007,132000
742,65,6768.188169,6768,Inside,1Fam,1Story,6,8,1961,1996,HdBoard,HdBoard,None,0,TA,Gd,CBlock,TA,TA,Mn,GLQ,832,0,80,912,Y,SBrkr,912,0,0,912,1,1,1,0,3,1,Gd,5,Typ,0,NA,1962,Unf,1,288,TA,168,0,0,0,0,0,NA,0,5,2008,142000
743,65,8450.685891,8450,Inside,1Fam,1Story,7,5,2000,2001,VinylSd,VinylSd,BrkFace,108,TA,TA,PConc,Gd,TA,No,Unf,0,0,1349,1349,Y,SBrkr,1349,0,0,1349,0,0,2,0,3,1,TA,6,Typ,0,NA,2000,Unf,2,539,TA,120,55,0,0,0,0,NA,0,12,2007,179000
744,70,12886.46181,12886,Inside,1Fam,SLvl,5,6,1963,1999,HdBoard,HdBoard,None,0,TA,TA,CBlock,Gd,TA,Av,ALQ,444,0,76,520,Y,SBrkr,1464,0,0,1464,0,1,2,0,3,1,TA,6,Min2,1,TA,1997,RFn,2,480,TA,302,0,0,0,100,0,NA,0,10,2009,175000
745,41,5395.908418,5395,Inside,TwnhsE,1Story,8,5,1993,1993,HdBoard,HdBoard,None,0,Gd,TA,PConc,Gd,TA,No,GLQ,733,0,604,1337,Y,SBrkr,1337,0,0,1337,1,0,2,0,2,1,Gd,5,Typ,1,TA,1993,RFn,2,462,TA,96,0,70,168,0,0,NA,0,10,2008,180000
746,,8963.40559,8963,Inside,1Fam,2Story,8,9,1976,1996,VinylSd,VinylSd,BrkFace,289,Ex,Gd,CBlock,TA,Gd,No,GLQ,575,80,487,1142,Y,SBrkr,1175,1540,0,2715,0,1,3,1,4,1,Gd,11,Typ,2,TA,1994,Fin,2,831,TA,0,204,0,0,0,0,NA,0,7,2008,299800
747,,8795.815915,8795,Inside,1Fam,2Story,7,5,2000,2000,VinylSd,VinylSd,None,0,Gd,TA,PConc,Gd,TA,No,GLQ,300,0,652,952,Y,SBrkr,980,1276,0,2256,0,0,2,1,4,1,Gd,8,Typ,1,TA,2000,Fin,2,554,TA,224,54,0,0,0,0,NA,0,4,2009,236000
748,65,11700.16533,11700,Corner,1Fam,2Story,7,7,1880,2003,Stucco,Stucco,None,0,Gd,TA,Stone,TA,Fa,No,Unf,0,0,1240,1240,N,SBrkr,1320,1320,0,2640,0,0,1,1,4,1,Gd,8,Typ,1,Gd,1950,Unf,4,864,TA,181,0,386,0,0,0,NA,0,5,2009,265979
749,59,10593.71367,10593,Inside,1Fam,1Story,7,5,1996,1996,VinylSd,VinylSd,BrkFace,338,Gd,TA,PConc,Gd,TA,No,GLQ,919,0,801,1720,Y,SBrkr,1720,0,0,1720,1,0,2,0,3,1,Gd,7,Typ,1,TA,1996,Fin,2,527,TA,240,56,154,0,0,0,NA,0,3,2010,260400
750,50,8405.47227,8405,Inside,1Fam,1.5Fin,4,3,1945,1950,WdShing,Wd Shng,None,0,TA,TA,Slab,NA,NA,NA,NA,0,0,0,0,N,FuseF,1088,441,0,1529,0,0,2,0,4,1,TA,9,Mod,0,NA,1945,Unf,1,240,TA,92,0,185,0,0,0,NA,0,4,2009,98000
751,55,8800.153852,8800,Corner,1Fam,1.5Fin,4,7,1910,2004,Wd Sdng,Wd Sdng,None,0,TA,TA,BrkTil,TA,Fa,No,Unf,0,0,576,576,Y,SBrkr,792,348,0,1140,0,0,1,0,3,1,TA,7,Min2,0,NA,NA,NA,0,0,NA,0,160,0,0,0,0,NA,0,6,2010,96500
752,,7750.287821,7750,Inside,1Fam,2Story,7,5,2003,2003,VinylSd,VinylSd,None,0,Gd,TA,PConc,Gd,TA,No,Unf,0,0,660,660,Y,SBrkr,660,660,0,1320,0,0,2,1,3,1,Gd,6,Typ,0,NA,2003,Fin,2,400,TA,0,48,0,0,0,0,NA,0,8,2007,162000
753,79,9236.386863,9236,Inside,1Fam,1Story,6,5,1997,1997,VinylSd,VinylSd,None,0,TA,Gd,PConc,Gd,TA,Gd,GLQ,1200,0,279,1479,Y,SBrkr,1494,0,0,1494,1,0,2,0,3,1,Gd,6,Typ,0,NA,1997,RFn,2,576,TA,168,27,0,0,0,0,NA,0,7,2006,217000
754,80,10240.00291,10240,Inside,1Fam,2Story,8,5,2005,2005,VinylSd,VinylSd,BrkFace,178,Gd,TA,PConc,Gd,TA,Mn,Unf,0,0,1030,1030,Y,SBrkr,1038,1060,0,2098,0,0,2,1,3,1,Ex,8,Typ,1,Gd,2005,RFn,3,878,TA,192,52,0,0,0,0,NA,0,3,2006,275500
755,61,7930.015512,7930,Inside,1Fam,1Story,6,8,1969,2005,Plywood,Plywood,None,0,TA,TA,CBlock,TA,TA,No,GLQ,439,472,115,1026,Y,SBrkr,1026,0,0,1026,1,0,1,0,3,1,Gd,5,Typ,0,NA,1969,RFn,2,440,TA,171,48,0,0,0,0,NA,0,7,2009,156000
756,34,3230.391666,3230,Inside,TwnhsE,2Story,6,5,1999,1999,MetalSd,MetalSd,BrkFace,894,TA,TA,PConc,Gd,TA,No,GLQ,381,0,348,729,Y,SBrkr,742,729,0,1471,0,0,2,1,3,1,TA,6,Typ,0,NA,1999,Unf,2,440,TA,0,24,0,0,0,0,NA,0,3,2009,172500
757,68,10769.17423,10769,Inside,1Fam,2Story,8,5,2007,2007,VinylSd,VinylSd,None,0,Gd,TA,PConc,Gd,TA,Av,GLQ,20,0,846,866,Y,SBrkr,866,902,0,1768,0,0,2,1,3,1,Gd,7,Typ,0,NA,2007,RFn,2,578,TA,144,105,0,0,0,0,NA,0,4,2009,212000
758,,11616.53361,11616,CulDSac,1Fam,2Story,6,5,1978,1978,HdBoard,HdBoard,BrkCmn,328,TA,TA,CBlock,TA,TA,Mn,Rec,438,0,234,672,Y,SBrkr,672,714,0,1386,0,0,2,1,3,1,TA,6,Typ,1,TA,1978,Fin,2,440,TA,335,0,0,0,0,0,NA,0,4,2010,158900
759,24,2280.017915,2280,Inside,Twnhs,2Story,7,5,1999,1999,MetalSd,MetalSd,BrkFace,360,TA,TA,PConc,Gd,TA,No,ALQ,549,0,195,744,Y,SBrkr,757,744,0,1501,0,0,2,1,3,1,TA,6,Typ,0,NA,1999,Unf,2,440,TA,0,0,0,0,0,0,NA,0,8,2008,179400
760,65,12257.02727,12257,Inside,1Fam,2Story,8,5,1995,1995,VinylSd,VinylSd,BrkFace,513,Gd,TA,PConc,Gd,TA,Av,LwQ,56,64,1198,1318,Y,SBrkr,1328,1203,0,2531,0,0,2,1,4,1,Gd,9,Typ,1,TA,1995,RFn,3,752,TA,222,98,0,0,0,0,NA,0,11,2007,290000
761,70,9100.026758,9100,Inside,1Fam,1Story,6,6,1959,1959,Wd Sdng,Wd Sdng,None,0,TA,TA,CBlock,TA,TA,No,Rec,612,0,252,864,Y,SBrkr,864,0,0,864,0,0,1,0,2,1,TA,5,Typ,0,NA,2008,Unf,1,300,Ex,0,0,0,0,0,0,Shed,450,10,2009,127500
762,60,6911.71491,6911,FR2,1Fam,1Story,5,5,1924,1950,Wd Sdng,Wd Sdng,None,0,TA,TA,PConc,TA,TA,Mn,LwQ,405,0,740,1145,Y,SBrkr,1301,0,0,1301,0,0,1,0,2,1,Fa,5,Min1,0,NA,1965,Unf,2,440,TA,0,0,0,0,0,0,NA,0,10,2009,100000
763,72,8640.815377,8640,Inside,1Fam,2Story,7,5,2009,2009,VinylSd,VinylSd,None,0,TA,TA,PConc,Gd,TA,Mn,GLQ,24,0,732,756,Y,SBrkr,764,783,0,1547,0,0,2,1,3,1,Gd,7,Typ,0,NA,2009,Unf,2,614,TA,169,45,0,0,0,0,NA,0,6,2010,215200
764,82,9430.34237,9430,Inside,1Fam,2Story,8,5,1999,1999,VinylSd,VinylSd,BrkFace,673,Gd,TA,PConc,Gd,TA,Mn,GLQ,1163,0,89,1252,Y,SBrkr,1268,1097,0,2365,1,0,2,1,3,1,Gd,8,Typ,1,Gd,1999,RFn,3,856,TA,0,128,0,0,180,0,NA,0,7,2009,337000
765,30,9549.929021,9549,CulDSac,TwnhsE,1Story,8,5,1995,1996,BrkFace,BrkFace,None,0,Gd,Gd,PConc,Gd,Gd,Av,LwQ,437,1057,0,1494,Y,SBrkr,1494,0,0,1494,1,0,1,1,2,1,Ex,6,Typ,1,Gd,1995,Fin,2,481,TA,0,30,0,0,216,0,NA,0,4,2006,270000
766,75,14587.68896,14587,Inside,1Fam,1Story,9,5,2008,2008,VinylSd,VinylSd,Stone,284,Gd,TA,PConc,Gd,TA,No,Unf,0,0,1498,1498,Y,SBrkr,1506,0,0,1506,0,0,2,0,2,1,Ex,6,Typ,1,Gd,2008,Fin,2,592,TA,0,174,0,0,0,0,NA,0,8,2008,264132
767,80,10421.87423,10421,Inside,1Fam,2Story,7,5,1988,1988,HdBoard,HdBoard,BrkFace,42,TA,TA,CBlock,Gd,TA,No,GLQ,394,0,586,980,Y,SBrkr,980,734,0,1714,0,0,2,1,3,1,TA,7,Typ,1,TA,1988,Unf,2,496,TA,228,66,156,0,0,0,Shed,500,3,2010,196500
768,75,12508.64671,12508,Inside,1Fam,1.5Fin,6,7,1940,1985,VinylSd,VinylSd,None,0,TA,TA,CBlock,Gd,TA,Mn,ALQ,660,0,323,983,Y,SBrkr,983,767,0,1750,1,0,2,0,4,1,TA,7,Mod,0,NA,1989,Unf,1,423,TA,245,0,156,0,0,0,Shed,1300,7,2008,160000
769,70,9100.174633,9100,Inside,1Fam,1Story,7,5,2004,2005,VinylSd,VinylSd,None,0,Gd,TA,PConc,Gd,TA,No,GLQ,24,0,1836,1860,Y,SBrkr,1836,0,0,1836,0,0,2,0,3,1,Gd,8,Typ,1,Gd,2004,Fin,2,484,TA,120,33,0,0,0,0,NA,0,10,2006,216837
770,47,53504.01081,53504,CulDSac,1Fam,2Story,8,5,2003,2003,CemntBd,Wd Shng,BrkFace,603,Ex,TA,PConc,Gd,TA,Gd,ALQ,1416,0,234,1650,Y,SBrkr,1690,1589,0,3279,1,0,3,1,4,1,Ex,12,Mod,1,Gd,2003,Fin,3,841,TA,503,36,0,0,210,0,NA,0,6,2010,538000
771,,7252.077834,7252,CulDSac,1Fam,SFoyer,5,5,1982,1982,Wd Sdng,Wd Sdng,None,0,TA,TA,CBlock,Gd,TA,Av,GLQ,685,0,173,858,Y,SBrkr,858,0,0,858,1,0,1,0,2,1,TA,5,Typ,0,NA,1983,Unf,2,576,TA,120,0,0,0,0,0,NA,0,4,2009,134900
772,67,8877.696595,8877,Inside,1Fam,1Story,4,5,1951,1951,Wd Sdng,Wd Sdng,None,0,TA,TA,CBlock,Fa,Fa,No,LwQ,836,0,0,836,Y,FuseF,1220,0,0,1220,0,0,1,0,2,1,TA,6,Typ,0,NA,1951,Unf,2,396,TA,0,0,0,0,0,0,NA,0,4,2006,102000
773,94,7819.132294,7819,Inside,1Fam,SLvl,6,5,1976,1976,Plywood,Plywood,None,0,TA,TA,CBlock,TA,TA,Av,ALQ,422,127,480,1029,Y,SBrkr,1117,0,0,1117,1,0,1,0,3,1,TA,6,Typ,1,TA,1976,Unf,2,672,TA,144,0,0,0,0,0,NA,0,3,2010,107000
774,70,10150.13464,10150,Inside,1Fam,1Story,5,5,1958,1958,Wd Sdng,Wd Sdng,None,1,TA,TA,CBlock,TA,TA,No,Rec,456,0,456,912,Y,FuseA,912,0,0,912,0,0,1,0,2,1,TA,5,Typ,0,NA,1958,RFn,1,275,TA,0,0,0,0,0,0,NA,0,7,2007,114500
775,110,14226.87247,14226,Corner,1Fam,1Story,8,5,2006,2006,VinylSd,VinylSd,BrkFace,375,Gd,TA,PConc,Gd,TA,Av,Unf,0,0,1935,1935,Y,SBrkr,1973,0,0,1973,0,0,2,0,3,1,Gd,9,Typ,1,Gd,2006,Fin,3,895,TA,315,45,0,0,0,0,NA,0,7,2007,395000
776,32,4500.453134,4500,FR2,TwnhsE,1Story,6,5,1998,1998,VinylSd,VinylSd,BrkFace,320,TA,TA,PConc,Ex,TA,No,GLQ,866,0,338,1204,Y,SBrkr,1204,0,0,1204,1,0,2,0,2,1,TA,5,Typ,0,NA,1998,Fin,2,412,TA,0,247,0,0,0,0,NA,0,6,2009,162000
777,86,11210.41866,11210,Inside,1Fam,1Story,7,5,2005,2006,VinylSd,VinylSd,BrkFace,240,Gd,TA,PConc,Gd,TA,Av,GLQ,20,0,1594,1614,Y,SBrkr,1614,0,0,1614,0,0,2,0,3,1,Gd,7,Typ,0,NA,2005,RFn,3,865,TA,144,59,0,0,0,0,NA,0,7,2006,221500
778,100,13350.05311,13350,Inside,1Fam,1Story,5,5,1974,1974,HdBoard,Plywood,None,0,TA,TA,CBlock,TA,TA,No,ALQ,762,0,102,864,Y,SBrkr,894,0,0,894,1,0,1,0,3,1,TA,5,Typ,1,Fa,1974,Unf,2,440,TA,241,0,0,0,0,0,NA,0,6,2006,142500
779,60,8400.739922,8400,Inside,Duplex,1Story,5,5,1977,1977,Plywood,Plywood,BrkFace,320,TA,TA,Slab,NA,NA,NA,NA,0,0,0,0,Y,SBrkr,2020,0,0,2020,0,0,2,0,4,2,TA,10,Typ,2,TA,1977,Unf,2,630,TA,0,0,0,0,0,0,NA,0,10,2007,144000
780,78,10530.46352,10530,Inside,Duplex,SFoyer,6,5,1977,1977,Plywood,ImStucc,BrkFace,90,TA,TA,CBlock,Gd,TA,Gd,GLQ,975,0,0,975,Y,SBrkr,1004,0,0,1004,1,0,1,0,2,1,TA,4,Typ,0,NA,1977,Unf,2,504,TA,0,0,0,0,0,0,NA,0,5,2006,135000
781,63,7875.42251,7875,Inside,1Fam,1Story,7,5,1995,1996,HdBoard,HdBoard,BrkFace,38,TA,TA,PConc,Gd,Gd,No,Unf,0,0,1237,1237,Y,SBrkr,1253,0,0,1253,0,0,2,0,3,1,TA,6,Typ,1,TA,1995,Fin,2,402,TA,220,21,0,0,0,0,NA,0,6,2007,176000
782,65,7153.151958,7153,Inside,1Fam,2Story,6,5,1992,1992,VinylSd,VinylSd,None,0,Gd,Gd,PConc,Gd,TA,No,ALQ,387,0,374,761,Y,SBrkr,810,793,0,1603,0,0,2,1,3,1,Gd,7,Typ,0,NA,1992,RFn,2,484,TA,0,124,0,0,0,0,NA,0,7,2006,175900
783,67,16285.01401,16285,Inside,1Fam,1Story,7,5,2001,2002,VinylSd,VinylSd,None,0,Gd,TA,PConc,Gd,TA,No,Unf,0,0,1413,1413,Y,SBrkr,1430,0,0,1430,0,0,2,0,3,1,Gd,6,Typ,0,NA,2001,RFn,2,605,TA,0,33,0,0,0,0,NA,0,6,2009,187100
784,,9101.816379,9101,Corner,1Fam,SFoyer,5,6,1978,1978,Plywood,Plywood,BrkFace,104,TA,Gd,PConc,Gd,TA,Av,GLQ,1097,0,0,1097,Y,SBrkr,1110,0,0,1110,1,0,1,0,1,1,Gd,4,Typ,1,TA,1978,Fin,2,602,TA,303,30,0,0,0,0,NA,0,7,2009,165500
785,35,6300.809292,6300,Inside,1Fam,2.5Unf,6,6,1914,2001,Wd Sdng,Wd Shng,None,0,TA,TA,CBlock,TA,TA,No,Unf,0,0,742,742,Y,SBrkr,742,742,0,1484,0,0,2,0,3,1,TA,9,Typ,1,Gd,NA,NA,0,0,NA,0,291,134,0,0,0,NA,0,6,2008,128000
786,,9790.721465,9790,Inside,1Fam,1Story,6,5,1967,1967,BrkFace,Wd Sdng,None,0,TA,TA,CBlock,TA,TA,No,Rec,251,630,491,1372,Y,SBrkr,1342,0,0,1342,0,0,2,0,3,1,TA,7,Typ,1,Gd,1967,Unf,2,457,TA,0,0,0,0,197,0,NA,0,9,2009,161500
787,60,10800.44598,10800,Inside,1Fam,1.5Fin,5,6,1915,1950,MetalSd,MetalSd,None,0,TA,Gd,PConc,Fa,TA,No,LwQ,686,0,0,686,Y,SBrkr,966,686,0,1652,1,0,2,0,4,1,TA,7,Typ,0,NA,1961,Unf,1,416,TA,0,0,196,0,0,0,Shed,1200,6,2010,139000
788,76,10142.83038,10142,Inside,1Fam,2Story,7,5,2004,2004,VinylSd,VinylSd,None,0,Gd,TA,PConc,Gd,TA,No,GLQ,656,0,300,956,Y,SBrkr,956,1128,0,2084,1,0,2,1,4,1,Gd,8,Typ,0,NA,2004,RFn,2,618,TA,0,45,0,0,0,0,NA,0,1,2010,233000
789,50,6000.975878,6000,Corner,1Fam,1Story,4,7,1954,2000,MetalSd,MetalSd,None,0,TA,TA,CBlock,TA,TA,No,Unf,0,0,901,901,Y,SBrkr,901,0,0,901,0,0,1,0,2,1,TA,4,Typ,0,NA,1954,Unf,1,281,Fa,0,0,0,0,0,0,NA,0,8,2008,107900
790,,12205.85285,12205,Inside,1Fam,2Story,6,8,1966,2007,HdBoard,HdBoard,BrkFace,157,TA,TA,CBlock,TA,Fa,Gd,LwQ,568,0,264,832,Y,SBrkr,976,1111,0,2087,0,0,2,1,5,1,Gd,9,Typ,0,NA,1966,Fin,2,444,TA,133,168,0,0,0,0,NA,0,7,2007,187500
791,43,3182.46759,3182,Inside,TwnhsE,1Story,7,5,2005,2006,VinylSd,VinylSd,BrkFace,11,Gd,TA,PConc,Gd,TA,No,GLQ,16,0,1129,1145,Y,SBrkr,1145,0,0,1145,0,0,2,0,2,1,Gd,5,Typ,1,Gd,2005,Fin,2,397,TA,100,16,0,0,0,0,NA,0,9,2009,160200
792,,11333.24927,11333,Corner,1Fam,SLvl,6,5,1976,1976,HdBoard,HdBoard,None,0,TA,TA,PConc,Gd,TA,Av,ALQ,539,0,490,1029,Y,SBrkr,1062,0,0,1062,1,0,1,0,3,1,TA,5,Typ,2,TA,1976,RFn,2,539,TA,120,0,0,0,0,0,NA,0,5,2007,146800
793,92,9920.422521,9920,CulDSac,1Fam,2Story,7,5,1996,1997,MetalSd,MetalSd,None,0,Gd,TA,PConc,Gd,TA,Av,GLQ,862,0,255,1117,Y,SBrkr,1127,886,0,2013,1,0,2,1,3,1,TA,8,Typ,1,TA,1997,Unf,2,455,TA,180,130,0,0,0,0,NA,0,6,2007,269790
794,76,9158.639802,9158,Inside,1Fam,1Story,8,5,2007,2007,CemntBd,CmentBd,Stone,140,Gd,TA,PConc,Gd,TA,Av,Unf,0,0,1496,1496,Y,SBrkr,1496,0,0,1496,0,0,2,0,3,1,Gd,7,Typ,0,NA,2007,Fin,2,474,TA,168,130,0,0,0,0,NA,0,6,2007,225000
795,,10832.80114,10832,Corner,1Fam,2Story,7,5,1994,1996,MetalSd,MetalSd,None,0,Gd,TA,PConc,Gd,TA,No,Unf,0,0,712,712,Y,SBrkr,1086,809,0,1895,0,0,2,1,3,1,Gd,7,Typ,1,TA,1994,Fin,2,409,TA,143,46,0,0,0,0,Shed,500,10,2008,194500
796,70,8400.737424,8400,Inside,1Fam,2Story,6,6,1980,1981,HdBoard,HdBoard,BrkFace,130,TA,TA,CBlock,Gd,TA,No,Unf,0,0,650,650,Y,SBrkr,888,676,0,1564,0,0,2,1,3,1,TA,7,Typ,1,TA,1980,Unf,2,476,TA,0,50,0,0,204,0,NA,0,4,2010,171000
797,71,8197.662278,8197,Inside,1Fam,1Story,6,5,1977,1977,Plywood,Plywood,BrkFace,148,TA,TA,CBlock,TA,TA,No,Unf,0,0,660,660,Y,SBrkr,1285,0,0,1285,0,0,1,1,3,1,TA,7,Typ,1,TA,1977,RFn,2,528,TA,138,0,0,0,0,0,NA,0,4,2007,143500
798,57,7677.70424,7677,Inside,1Fam,1Story,5,5,1953,1953,VinylSd,VinylSd,None,0,TA,TA,CBlock,TA,TA,No,BLQ,570,0,203,773,Y,SBrkr,773,0,0,773,0,0,1,0,2,1,TA,4,Typ,0,NA,1953,Unf,1,240,TA,0,0,0,0,0,0,NA,0,4,2008,110000
799,104,13518.92176,13518,Inside,1Fam,2Story,9,5,2008,2009,VinylSd,VinylSd,Stone,860,Ex,TA,PConc,Ex,TA,No,Unf,0,0,1926,1926,Y,SBrkr,1966,1174,0,3140,0,0,3,1,4,1,Ex,11,Typ,2,Gd,2009,Fin,3,820,TA,144,78,0,0,0,0,NA,0,7,2009,485000
800,60,7200.896273,7200,Corner,1Fam,1.5Fin,5,7,1937,1950,Wd Sdng,Wd Sdng,BrkFace,252,TA,TA,BrkTil,Gd,TA,No,ALQ,569,0,162,731,Y,SBrkr,981,787,0,1768,1,0,1,1,3,1,Gd,7,Typ,2,TA,1939,Unf,1,240,TA,0,0,264,0,0,0,NA,0,6,2007,175000
801,79,12798.59771,12798,Inside,1Fam,2Story,6,5,1997,1997,VinylSd,VinylSd,None,0,TA,TA,PConc,Gd,TA,Gd,GLQ,462,0,154,616,Y,SBrkr,616,1072,0,1688,1,0,2,1,4,1,Gd,8,Typ,0,NA,1997,RFn,2,603,TA,403,114,185,0,0,0,Shed,400,5,2008,200000
802,40,4800.069962,4800,Inside,1Fam,1Story,4,7,1916,1990,MetalSd,MetalSd,None,0,TA,TA,CBlock,TA,TA,No,LwQ,197,0,999,1196,Y,FuseA,1196,0,0,1196,1,0,1,0,2,1,TA,5,Typ,0,NA,1957,Unf,2,440,TA,0,0,0,0,0,0,NA,0,7,2007,109900
803,63,8199.8903,8199,Inside,1Fam,2Story,7,5,2005,2005,WdShing,Wd Shng,None,0,Gd,TA,PConc,Gd,TA,Av,GLQ,648,0,80,728,Y,SBrkr,728,728,0,1456,1,0,2,1,3,1,Gd,7,Typ,1,Gd,2005,Fin,2,410,TA,36,18,0,0,0,0,NA,0,10,2008,189000
804,107,13891.85545,13891,Inside,1Fam,2Story,9,5,2008,2009,VinylSd,VinylSd,Stone,424,Ex,TA,PConc,Ex,TA,Gd,Unf,0,0,1734,1734,Y,SBrkr,1734,1088,0,2822,0,0,3,1,4,1,Ex,12,Typ,1,Gd,2009,RFn,3,1020,TA,52,170,0,0,192,0,NA,0,1,2009,582933
805,75,9000.260571,9000,Inside,1Fam,1Story,5,5,1954,1954,Wd Sdng,Wd Sdng,None,0,TA,TA,CBlock,TA,TA,No,LwQ,812,0,124,936,Y,SBrkr,1128,0,0,1128,0,0,1,0,2,1,TA,5,Min1,0,NA,1954,Unf,1,286,TA,0,0,0,0,0,0,NA,0,6,2006,118000
806,91,12274.31931,12274,FR2,1Fam,1Story,7,5,2008,2008,VinylSd,VinylSd,Stone,256,Gd,TA,PConc,Gd,TA,No,Unf,0,0,1417,1417,Y,SBrkr,1428,0,0,1428,0,0,2,0,3,1,Ex,6,Typ,0,NA,2008,RFn,2,554,TA,0,60,0,0,0,0,NA,0,7,2008,227680
807,75,9750.24395,9750,Inside,1Fam,SLvl,5,5,1967,1967,VinylSd,VinylSd,None,0,TA,TA,PConc,TA,TA,Av,ALQ,400,480,100,980,Y,SBrkr,980,0,0,980,0,0,2,0,3,1,TA,6,Typ,0,NA,1967,Fin,1,384,TA,68,0,0,0,0,0,NA,0,10,2006,135500
808,144,21384.7314,21384,Inside,1Fam,2Story,5,6,1923,2004,Wd Sdng,Wd Sdng,None,0,TA,TA,CBlock,TA,TA,Gd,GLQ,1309,0,15,1324,Y,SBrkr,1072,504,0,1576,2,0,1,1,3,1,Gd,6,Typ,1,TA,1923,RFn,2,528,TA,0,312,0,0,0,0,NA,0,5,2009,223500
809,85,13400.43213,13400,Inside,1Fam,SLvl,5,5,1966,1966,VinylSd,VinylSd,BrkFace,1047,TA,TA,CBlock,TA,TA,Av,ALQ,516,128,380,1024,Y,SBrkr,1086,0,0,1086,1,0,1,0,3,1,TA,6,Typ,1,Gd,1966,RFn,2,484,TA,0,0,0,0,0,0,NA,0,6,2006,159950
810,90,8100.785107,8100,Corner,1Fam,2.5Unf,5,5,1898,1965,AsbShng,AsbShng,None,0,TA,TA,PConc,TA,TA,No,Unf,0,0,849,849,N,FuseA,1075,1063,0,2138,0,0,2,0,2,3,TA,11,Typ,0,NA,1910,Unf,2,360,Fa,40,156,0,0,0,0,NA,0,11,2009,106000
811,78,10140.95699,10140,Inside,1Fam,1Story,6,6,1974,1999,HdBoard,HdBoard,BrkFace,99,TA,TA,CBlock,TA,TA,No,ALQ,663,377,0,1040,Y,SBrkr,1309,0,0,1309,1,0,1,1,3,1,Gd,5,Typ,1,Fa,1974,RFn,2,484,TA,265,0,0,0,0,648,NA,0,1,2006,181000
812,,4438.891824,4438,Inside,TwnhsE,1Story,6,5,2004,2004,VinylSd,VinylSd,BrkFace,169,Gd,TA,PConc,Gd,TA,Gd,GLQ,662,0,186,848,Y,SBrkr,848,0,0,848,1,0,1,0,1,1,Gd,4,Typ,1,Gd,2004,Fin,2,420,TA,140,0,0,0,0,0,NA,0,6,2008,144500
813,66,8712.940319,8712,Inside,1Fam,1Story,5,5,1952,1952,Wd Sdng,Wd Sdng,None,0,Fa,TA,CBlock,TA,TA,Av,Unf,0,0,540,540,N,FuseA,1044,0,0,1044,0,0,1,0,2,1,Fa,4,Typ,0,NA,1952,Unf,2,504,TA,0,0,0,0,0,0,Shed,54,6,2010,55993
814,75,9750.253883,9750,Inside,1Fam,1Story,6,6,1958,1958,MetalSd,MetalSd,BrkFace,243,TA,TA,CBlock,TA,TA,No,Rec,608,0,834,1442,Y,SBrkr,1442,0,0,1442,0,0,1,1,4,1,TA,7,Typ,0,NA,1958,RFn,1,301,TA,0,0,275,0,0,0,Shed,500,4,2007,157900
815,45,8248.965377,8248,Inside,1Fam,1.5Fin,5,7,1918,1950,Stucco,Stucco,None,0,TA,TA,BrkTil,TA,TA,No,Unf,0,0,686,686,Y,SBrkr,686,564,0,1250,0,1,1,1,3,1,Fa,7,Typ,0,NA,1955,Unf,1,280,TA,207,0,96,0,0,0,NA,0,7,2006,116000
816,48,12137.01624,12137,CulDSac,1Fam,1Story,7,5,1998,1998,VinylSd,VinylSd,BrkFace,442,TA,TA,PConc,Gd,TA,No,Unf,0,0,1649,1649,Y,SBrkr,1661,0,0,1661,0,0,2,0,3,1,Gd,6,Typ,0,NA,1998,RFn,2,598,TA,0,34,0,0,0,0,NA,0,5,2010,224900
817,,11425.36414,11425,Corner,1Fam,1Story,5,6,1954,1954,BrkFace,BrkFace,None,0,TA,TA,CBlock,TA,TA,No,BLQ,486,0,522,1008,Y,SBrkr,1008,0,0,1008,0,0,1,0,2,1,TA,4,Typ,1,Gd,1954,RFn,1,275,TA,0,0,120,0,0,0,NA,0,7,2006,137000
818,,13265.28624,13265,CulDSac,1Fam,1Story,8,5,2002,2002,CemntBd,CmentBd,BrkFace,148,Gd,TA,PConc,Gd,TA,No,GLQ,1218,0,350,1568,Y,SBrkr,1689,0,0,1689,1,0,2,0,3,1,Gd,7,Typ,2,Gd,2002,RFn,3,857,TA,150,59,0,0,0,0,NA,0,7,2008,271000
819,80,8816.386813,8816,Inside,1Fam,SLvl,6,7,1971,1971,HdBoard,HdBoard,BrkFace,80,TA,TA,CBlock,TA,TA,Av,GLQ,504,0,506,1010,Y,SBrkr,1052,0,0,1052,1,0,1,0,3,1,TA,6,Typ,0,NA,1971,Unf,2,440,TA,0,0,0,0,0,0,NA,0,6,2010,155000
820,44,6371.400653,6371,Inside,TwnhsE,1Story,7,5,2009,2010,VinylSd,VinylSd,Stone,128,Gd,TA,PConc,Gd,TA,Mn,GLQ,733,0,625,1358,Y,SBrkr,1358,0,0,1358,1,0,2,0,2,1,Gd,6,Typ,1,Gd,2010,RFn,2,484,TA,192,35,0,0,0,0,NA,0,6,2010,224000
821,72,7226.466962,7226,CulDSac,1Fam,2Story,7,5,2003,2003,VinylSd,VinylSd,None,0,Gd,TA,PConc,Gd,TA,No,Unf,0,0,798,798,Y,SBrkr,798,842,0,1640,0,0,2,1,3,1,Gd,6,Typ,0,NA,2003,RFn,2,595,TA,0,45,0,0,0,0,NA,0,6,2008,183000
822,60,6000.796351,6000,Inside,2fmCon,1Story,4,4,1953,1953,MetalSd,MetalSd,None,0,Fa,TA,CBlock,Fa,TA,No,Unf,0,0,936,936,N,SBrkr,936,0,0,936,0,0,1,0,2,1,TA,4,Min2,0,NA,1974,Unf,2,576,TA,0,32,112,0,0,0,NA,0,2,2009,93000
823,,12394.36158,12394,Corner,1Fam,2Story,7,5,2003,2003,VinylSd,VinylSd,None,0,Gd,TA,PConc,Gd,TA,Gd,Unf,0,0,847,847,Y,SBrkr,847,886,0,1733,0,0,2,1,3,1,Gd,7,Typ,1,Gd,2003,Fin,2,433,TA,100,48,0,0,0,0,NA,0,10,2007,225000
824,60,9900.818818,9900,Inside,1Fam,1.5Fin,6,7,1940,1950,VinylSd,VinylSd,None,0,TA,TA,BrkTil,TA,TA,No,Unf,0,0,778,778,Y,SBrkr,944,545,0,1489,0,0,2,0,3,1,TA,7,Typ,1,Gd,1940,Unf,1,240,TA,335,0,0,0,0,0,NA,0,7,2009,139500
825,81,11216.92709,11216,Inside,1Fam,1Story,8,5,2006,2006,VinylSd,VinylSd,None,0,Gd,TA,PConc,Gd,Gd,No,Unf,0,0,1489,1489,Y,SBrkr,1489,0,0,1489,0,0,2,0,3,1,Gd,7,Typ,1,Gd,2006,RFn,2,776,TA,0,140,0,0,0,0,NA,0,6,2006,232600
826,114,14803.97504,14803,Inside,1Fam,1Story,10,5,2007,2008,CemntBd,CmentBd,BrkFace,816,Ex,TA,PConc,Ex,TA,Av,GLQ,1636,0,442,2078,Y,SBrkr,2084,0,0,2084,1,0,2,0,2,1,Ex,7,Typ,1,Gd,2007,Fin,3,1220,TA,188,45,0,0,0,0,NA,0,6,2008,385000
827,50,6130.389921,6130,Inside,1Fam,1.5Unf,5,6,1924,1950,MetalSd,MetalSd,None,0,TA,TA,BrkTil,TA,TA,No,ALQ,784,0,0,784,Y,SBrkr,784,0,0,784,1,0,1,0,2,1,Gd,5,Typ,0,NA,NA,NA,0,0,NA,0,0,116,0,0,0,NA,0,5,2008,109500
828,65,8529.523028,8529,Inside,1Fam,1Story,7,5,2001,2001,VinylSd,VinylSd,None,0,Gd,TA,PConc,Gd,TA,No,GLQ,20,0,1434,1454,Y,SBrkr,1434,0,0,1434,0,0,2,0,3,1,Gd,6,Typ,1,TA,2001,RFn,2,527,TA,290,39,0,0,0,0,NA,0,4,2009,189000
829,,28698.83747,28698,CulDSac,1Fam,2Story,5,5,1967,1967,Plywood,Plywood,None,0,TA,TA,PConc,TA,Gd,Gd,LwQ,249,764,0,1013,Y,SBrkr,1160,966,0,2126,0,1,2,1,3,1,TA,7,Min2,0,NA,1967,Fin,2,538,TA,486,0,0,0,225,0,NA,0,6,2009,185000
830,24,2544.989314,2544,Inside,Twnhs,2Story,7,5,2005,2005,MetalSd,MetalSd,None,0,Gd,TA,PConc,Gd,TA,No,Unf,0,0,600,600,Y,SBrkr,520,623,80,1223,0,0,2,1,2,1,Gd,4,Typ,0,NA,2005,RFn,2,480,TA,0,166,0,0,0,0,NA,0,7,2006,147400
831,80,11900.14796,11900,Corner,1Fam,1Story,6,5,1957,1957,HdBoard,HdBoard,BrkFace,387,TA,TA,CBlock,TA,TA,No,Rec,1040,0,352,1392,Y,FuseA,1392,0,0,1392,1,0,1,1,3,1,TA,6,Typ,2,Gd,1957,RFn,2,458,TA,0,0,0,0,192,0,NA,0,6,2008,166000
832,30,3180.64406,3180,Inside,TwnhsE,2Story,7,5,2005,2005,MetalSd,MetalSd,None,0,TA,TA,PConc,Gd,TA,No,Unf,0,0,600,600,Y,SBrkr,520,600,80,1200,0,0,2,1,2,1,Gd,4,Typ,0,NA,2005,RFn,2,480,TA,0,166,0,0,0,0,NA,0,6,2006,151000
833,44,9548.006001,9548,CulDSac,1Fam,2Story,7,6,2003,2003,VinylSd,VinylSd,BrkFace,223,Gd,TA,PConc,Gd,TA,No,GLQ,483,0,458,941,Y,SBrkr,941,888,0,1829,1,0,2,1,3,1,Gd,7,Typ,1,TA,2003,RFn,2,613,TA,192,39,0,0,0,0,NA,0,1,2010,237000
834,100,10004.14641,10004,Inside,1Fam,1Story,6,6,1964,1964,HdBoard,Plywood,BrkFace,180,TA,TA,CBlock,TA,TA,No,Rec,196,345,975,1516,Y,SBrkr,1516,0,0,1516,0,0,1,1,3,1,TA,6,Typ,0,NA,1964,RFn,2,472,TA,0,0,0,0,152,0,NA,0,2,2009,167000
835,75,7875.027001,7875,Inside,1Fam,1Story,5,6,1961,1961,VinylSd,VinylSd,BrkFace,136,TA,TA,CBlock,TA,TA,No,Rec,572,0,572,1144,Y,SBrkr,1144,0,0,1144,1,0,1,0,3,1,TA,6,Typ,0,NA,1961,Unf,2,456,TA,0,0,0,0,0,0,NA,0,9,2008,139950
836,60,9600.332975,9600,Inside,1Fam,1Story,4,7,1950,1995,VinylSd,HdBoard,None,0,TA,TA,CBlock,Gd,TA,No,BLQ,442,0,625,1067,Y,SBrkr,1067,0,0,1067,0,0,2,0,2,1,Gd,4,Min2,0,NA,1996,Unf,2,436,TA,290,0,0,0,0,0,NA,0,2,2010,128000
837,90,8100.303528,8100,Inside,1Fam,1Story,5,6,1948,1973,VinylSd,VinylSd,None,0,TA,TA,BrkTil,TA,TA,No,Rec,338,0,1221,1559,Y,SBrkr,1559,0,0,1559,1,0,1,0,2,1,TA,5,Min2,0,NA,1948,Unf,2,812,TA,0,116,230,0,0,0,NA,0,6,2007,153500
838,21,1680.371266,1680,Inside,Twnhs,2Story,6,5,1973,1973,HdBoard,HdBoard,BrkFace,158,TA,TA,CBlock,TA,TA,No,BLQ,330,0,153,483,Y,SBrkr,483,504,0,987,1,0,1,1,2,1,TA,5,Typ,0,NA,1973,Unf,1,264,TA,0,0,0,0,0,0,NA,0,11,2008,100000
839,75,9525.059894,9525,Inside,1Fam,1Story,5,6,1995,2006,VinylSd,VinylSd,None,0,TA,TA,PConc,Gd,TA,No,Unf,0,0,1099,1099,Y,SBrkr,1099,0,0,1099,0,0,1,1,3,1,Gd,6,Typ,0,NA,1999,Unf,1,352,TA,278,0,0,0,0,0,NA,0,6,2008,144000
840,70,11767.47672,11767,Inside,1Fam,1.5Fin,5,6,1946,1995,MetalSd,MetalSd,None,0,TA,TA,CBlock,TA,TA,No,BLQ,352,0,416,768,Y,SBrkr,768,432,0,1200,0,0,1,0,3,1,TA,6,Typ,0,NA,1946,Unf,1,240,TA,0,0,0,0,0,0,NA,0,5,2008,130500
841,,12155.17899,12155,Inside,1Fam,2Story,6,8,1925,1950,Wd Sdng,Wd Sdng,None,0,TA,TA,BrkTil,TA,TA,No,BLQ,156,0,516,672,N,SBrkr,810,672,0,1482,0,0,2,0,4,1,Fa,7,Typ,0,NA,1934,Unf,1,400,TA,0,0,254,0,0,0,NA,0,3,2008,140000
842,60,10440.91388,10440,Inside,1Fam,2Story,5,8,1904,2002,MetalSd,MetalSd,None,0,TA,TA,PConc,TA,TA,No,Unf,0,0,650,650,Y,SBrkr,958,581,0,1539,0,0,2,0,3,1,Gd,8,Typ,1,Po,1983,Unf,2,686,Gd,70,78,68,0,0,0,NA,0,6,2008,157500
843,82,9020.473411,9020,Inside,1Fam,SLvl,6,7,1966,1966,HdBoard,HdBoard,BrkFace,183,TA,TA,CBlock,TA,TA,Gd,Rec,312,539,276,1127,Y,SBrkr,1165,0,0,1165,1,0,1,1,3,1,TA,6,Typ,0,NA,1966,RFn,2,490,Gd,0,129,0,0,0,0,NA,0,5,2008,174900
844,80,8000.71499,8000,Corner,Duplex,1Story,5,4,1961,1961,BrkFace,BrkFace,None,0,TA,TA,CBlock,TA,TA,No,Unf,0,0,1800,1800,N,SBrkr,1800,0,0,1800,0,0,2,0,6,2,TA,10,Typ,0,NA,NA,NA,0,0,NA,0,0,0,0,0,0,NA,0,7,2007,141000
845,100,12665.98921,12665,Inside,1Fam,1.5Fin,5,8,1915,1950,Wd Sdng,Wd Sdng,None,0,TA,TA,BrkTil,TA,TA,Mn,Unf,0,0,876,876,Y,SBrkr,876,540,0,1416,0,0,1,1,4,1,TA,7,Typ,1,Gd,1949,Unf,3,720,TA,418,0,194,0,0,0,NA,0,6,2008,153900
846,,16647.17659,16647,CulDSac,1Fam,SFoyer,5,5,1975,1981,HdBoard,HdBoard,None,0,TA,TA,CBlock,Gd,TA,Gd,ALQ,1390,0,0,1390,Y,SBrkr,1701,0,0,1701,1,0,2,0,3,1,TA,6,Min2,2,TA,1975,Fin,2,611,TA,0,0,0,0,0,0,NA,0,1,2007,171000
847,75,9317.836991,9317,Inside,1Fam,2Story,7,5,1993,1993,HdBoard,HdBoard,BrkFace,137,Gd,TA,PConc,Gd,TA,No,ALQ,513,0,227,740,Y,SBrkr,1006,769,0,1775,1,0,2,1,3,1,Gd,7,Typ,1,TA,1993,Unf,2,425,TA,234,72,192,0,0,0,NA,0,7,2009,213000
848,36,15523.78749,15523,CulDSac,1Fam,1Story,5,6,1972,1972,HdBoard,Plywood,None,0,TA,TA,CBlock,TA,TA,Av,BLQ,460,0,404,864,Y,SBrkr,864,0,0,864,1,0,1,0,3,1,TA,5,Typ,1,Fa,1972,Unf,1,338,TA,0,0,0,0,0,0,NA,0,8,2009,133500
849,75,45600.97552,45600,Inside,1Fam,1.5Fin,6,8,1908,1997,Wd Sdng,Wd Sdng,None,0,TA,TA,BrkTil,TA,TA,No,Unf,0,0,907,907,Y,SBrkr,1307,1051,0,2358,0,0,3,0,5,1,TA,10,Typ,1,Gd,1908,Unf,2,360,Fa,486,40,0,0,175,0,NA,0,9,2008,240000
850,80,9600.431218,9600,FR2,1Fam,SLvl,6,7,1976,1994,Plywood,Plywood,BrkFace,360,Gd,Gd,CBlock,TA,TA,No,Unf,0,0,528,528,Y,SBrkr,1094,761,0,1855,0,0,2,1,3,1,TA,7,Typ,1,TA,1976,RFn,2,512,TA,113,100,0,0,0,0,NA,0,8,2007,187000
851,36,4435.665926,4435,Inside,TwnhsE,1Story,6,5,2003,2003,VinylSd,VinylSd,BrkFace,170,Gd,TA,PConc,Gd,TA,Av,GLQ,659,0,189,848,Y,SBrkr,848,0,0,848,1,0,1,0,1,1,Gd,3,Typ,0,NA,2003,Fin,2,420,TA,140,0,0,0,0,0,NA,0,11,2007,131500
852,,3196.948907,3196,Inside,TwnhsE,1Story,8,5,2003,2003,VinylSd,VinylSd,BrkFace,40,Gd,TA,PConc,Gd,TA,Gd,Unf,0,0,1273,1273,Y,SBrkr,1456,0,0,1456,0,0,2,0,2,1,Gd,7,Typ,1,TA,2003,Fin,2,400,TA,143,20,0,0,0,0,NA,0,5,2006,215000
853,53,7128.560302,7128,Inside,1Fam,2.5Unf,7,5,1941,1950,MetalSd,MetalSd,None,0,TA,Gd,CBlock,TA,TA,No,Rec,364,0,554,918,Y,SBrkr,918,728,0,1646,0,0,2,0,4,1,TA,7,Typ,2,Gd,1941,Unf,1,240,TA,0,0,0,0,126,0,NA,0,8,2007,164000
854,,12095.98213,12095,Corner,1Fam,SLvl,6,6,1964,1964,MetalSd,HdBoard,BrkFace,115,TA,Gd,CBlock,TA,TA,Gd,Rec,564,0,563,1127,Y,SBrkr,1445,0,0,1445,0,0,1,1,3,1,TA,7,Typ,1,Fa,1964,RFn,2,645,TA,180,0,0,0,0,0,NA,0,8,2009,158000
855,102,17920.38098,17920,Inside,1Fam,1Story,5,4,1955,1974,Wd Sdng,Plywood,None,0,TA,TA,CBlock,TA,TA,Mn,ALQ,306,1085,372,1763,Y,SBrkr,1779,0,0,1779,1,0,1,1,3,1,TA,6,Typ,1,Gd,1955,Unf,2,454,TA,0,418,0,0,312,0,NA,0,7,2006,170000
856,,6897.303023,6897,Corner,1Fam,1Story,5,8,1962,2010,HdBoard,HdBoard,None,0,TA,Gd,CBlock,TA,TA,No,ALQ,659,0,381,1040,Y,SBrkr,1040,0,0,1040,1,0,1,1,3,1,TA,6,Typ,0,NA,1962,Unf,1,260,TA,0,104,0,0,0,0,NA,0,4,2010,127000
857,,10970.13346,10970,Inside,1Fam,SLvl,6,6,1978,1978,Plywood,HdBoard,None,0,TA,TA,CBlock,Gd,Gd,Gd,GLQ,505,435,0,940,Y,SBrkr,1026,0,0,1026,1,0,1,0,3,1,TA,5,Typ,0,NA,1981,Unf,2,576,TA,0,0,34,0,0,0,NA,0,10,2008,147000
858,65,8125.023594,8125,Inside,1Fam,2Story,6,5,1994,1995,HdBoard,HdBoard,None,0,TA,TA,PConc,Gd,TA,No,Unf,0,0,702,702,Y,SBrkr,702,779,0,1481,0,0,2,1,3,1,TA,6,Typ,1,TA,1994,Fin,2,343,TA,0,36,0,0,0,0,NA,0,3,2009,174000
859,80,10400.72665,10400,Inside,1Fam,1Story,7,5,1976,1976,HdBoard,HdBoard,BrkFace,189,TA,TA,CBlock,Gd,TA,No,Unf,0,0,1090,1090,Y,SBrkr,1370,0,0,1370,0,0,2,0,3,1,TA,6,Typ,1,TA,1976,RFn,2,479,TA,0,0,0,0,0,0,NA,0,6,2009,152000
860,,11029.42788,11029,Corner,1Fam,2Story,6,7,1968,1984,HdBoard,HdBoard,BrkFace,220,TA,TA,CBlock,TA,TA,Mn,BLQ,619,0,435,1054,Y,SBrkr,1512,1142,0,2654,1,0,2,1,4,1,Gd,9,Typ,1,Gd,1968,Unf,2,619,TA,0,65,0,0,222,0,NA,0,8,2006,250000
861,55,7642.652178,7642,Corner,1Fam,1.5Fin,7,8,1918,1998,Wd Sdng,Wd Sdng,None,0,Gd,TA,BrkTil,TA,TA,No,Unf,0,0,912,912,Y,SBrkr,912,514,0,1426,0,0,1,1,3,1,Gd,7,Typ,1,Gd,1925,Unf,1,216,TA,0,240,0,0,0,0,NA,0,6,2007,189950
862,75,11625.03868,11625,Inside,2fmCon,1Story,5,4,1965,1965,Plywood,HdBoard,None,0,TA,TA,PConc,TA,TA,Mn,BLQ,841,0,198,1039,Y,SBrkr,1039,0,0,1039,1,0,1,1,3,1,TA,6,Typ,0,NA,1965,Unf,2,504,TA,0,0,0,0,0,0,NA,0,4,2010,131500
863,81,9672.106752,9672,Corner,1Fam,1Story,6,5,1984,1985,HdBoard,Plywood,None,0,TA,TA,PConc,Gd,TA,No,GLQ,338,0,702,1040,Y,SBrkr,1097,0,0,1097,0,0,2,0,3,1,TA,6,Typ,0,NA,1986,Unf,2,480,TA,0,0,0,0,0,0,NA,0,5,2010,152000
864,70,7931.590848,7931,Inside,1Fam,1Story,5,5,1959,1959,BrkFace,Plywood,None,0,TA,TA,CBlock,TA,TA,No,BLQ,1148,0,0,1148,Y,SBrkr,1148,0,0,1148,1,0,1,0,3,1,TA,6,Typ,0,NA,1959,Unf,1,672,TA,0,0,0,0,0,0,NA,0,7,2009,132500
865,72,8640.187071,8640,Inside,1Fam,1Story,7,5,2007,2008,VinylSd,VinylSd,None,0,Gd,TA,PConc,Ex,TA,No,Unf,0,0,1372,1372,Y,SBrkr,1372,0,0,1372,0,0,2,0,3,1,Gd,6,Typ,0,NA,2008,Fin,2,529,TA,0,140,0,0,0,0,NA,0,5,2008,250580
866,,8750.091421,8750,Inside,1Fam,1Story,5,6,1970,1970,MetalSd,MetalSd,BrkFace,76,TA,TA,CBlock,TA,TA,No,BLQ,828,0,174,1002,Y,SBrkr,1002,0,0,1002,1,0,1,0,3,1,TA,5,Typ,0,NA,1973,Unf,2,902,TA,0,0,0,0,0,0,NA,0,8,2009,148500
867,67,10656.80861,10656,Inside,1Fam,1Story,8,5,2006,2007,VinylSd,VinylSd,Stone,274,Gd,TA,PConc,Gd,TA,Av,Unf,0,0,1638,1638,Y,SBrkr,1646,0,0,1646,0,0,2,0,3,1,Gd,6,Typ,1,Gd,2007,RFn,3,870,TA,192,80,0,0,0,0,NA,0,11,2007,248900
868,85,6970.185267,6970,Corner,1Fam,1Story,4,5,1961,1961,VinylSd,VinylSd,None,0,TA,TA,CBlock,TA,TA,No,ALQ,932,0,108,1040,Y,SBrkr,1120,0,0,1120,1,0,1,1,3,1,Fa,5,Typ,0,NA,1961,RFn,2,544,TA,168,0,0,0,0,0,Shed,400,5,2007,129000
869,,14762.01333,14762,Corner,1Fam,2Story,5,6,1948,1950,Plywood,Plywood,None,0,TA,TA,Slab,NA,NA,NA,NA,0,0,0,0,Y,SBrkr,1547,720,53,2320,0,0,2,0,2,1,TA,7,Typ,1,TA,1979,Unf,2,672,TA,120,144,0,0,0,0,NA,0,5,2006,169000
870,80,9938.775585,9938,Inside,1Fam,2Story,7,5,1993,1994,MetalSd,MetalSd,BrkFace,246,Gd,TA,PConc,Gd,TA,No,GLQ,750,0,300,1050,Y,SBrkr,1062,887,0,1949,1,0,2,1,3,1,Gd,8,Typ,1,TA,1993,Fin,2,574,TA,156,90,0,0,0,0,NA,0,6,2010,236000
871,60,6600.756171,6600,Inside,1Fam,1Story,5,5,1962,1962,MetalSd,MetalSd,None,0,TA,TA,CBlock,TA,TA,No,Unf,0,0,894,894,N,SBrkr,894,0,0,894,0,0,1,0,2,1,TA,5,Typ,0,NA,1962,Unf,1,308,TA,0,0,0,0,0,0,NA,0,8,2009,109500
872,70,8750.759685,8750,Inside,1Fam,2Story,6,5,1998,1998,VinylSd,VinylSd,BrkFace,116,TA,TA,PConc,Gd,TA,No,GLQ,505,0,299,804,Y,SBrkr,804,878,0,1682,0,0,2,1,3,1,Gd,7,Typ,0,NA,1998,RFn,2,523,TA,0,77,0,0,0,0,NA,0,6,2010,200500
873,74,8892.967862,8892,Corner,1Fam,1Story,5,7,1953,1996,WdShing,Wd Shng,None,0,Gd,TA,Stone,TA,TA,Av,Unf,0,0,105,105,Y,SBrkr,910,0,0,910,0,0,1,0,3,1,Gd,5,Typ,0,NA,1953,Unf,2,414,TA,196,0,150,0,0,0,NA,0,10,2008,116000
874,60,12144.9003,12144,Inside,1Fam,1Story,5,7,1949,1950,HdBoard,HdBoard,None,0,Gd,TA,CBlock,TA,TA,No,Rec,375,0,457,832,Y,SBrkr,1036,0,232,1268,0,0,1,0,3,1,TA,6,Typ,1,Gd,1949,Unf,1,288,TA,0,28,0,0,0,0,Othr,0,9,2009,133000
875,52,5720.257584,5720,Inside,1Fam,1.5Fin,5,6,1941,1950,Wd Sdng,Wd Sdng,None,0,TA,TA,CBlock,TA,TA,No,Unf,0,0,676,676,Y,SBrkr,676,455,0,1131,0,0,1,1,3,1,TA,5,Typ,0,NA,1941,Unf,1,200,TA,26,0,0,0,0,0,NA,0,8,2009,66500
876,75,9000.156197,9000,Inside,1Fam,2Story,8,5,2007,2007,CemntBd,CmentBd,None,0,Gd,TA,PConc,Gd,TA,Av,GLQ,64,0,1120,1184,Y,SBrkr,1184,1426,0,2610,0,0,2,1,4,1,Ex,11,Typ,1,Gd,2007,Fin,2,550,TA,208,364,0,0,0,0,NA,0,8,2007,303477
877,94,25286.57156,25286,Inside,1Fam,1Story,4,5,1963,1963,HdBoard,Plywood,None,0,TA,TA,PConc,TA,TA,Gd,ALQ,633,0,431,1064,Y,SBrkr,1040,0,0,1040,1,0,1,0,3,1,TA,5,Typ,0,NA,1963,Unf,2,648,TA,0,0,0,0,0,0,NA,0,1,2007,132250
878,74,8834.21682,8834,Inside,1Fam,2Story,9,5,2004,2005,VinylSd,VinylSd,Stone,216,Gd,TA,PConc,Ex,TA,No,GLQ,1170,0,292,1462,Y,SBrkr,1462,762,0,2224,1,0,2,1,4,1,Ex,10,Typ,1,Gd,2004,Fin,3,738,TA,184,0,0,0,0,0,NA,0,6,2009,350000
879,88,11782.19405,11782,Inside,1Fam,SFoyer,5,7,1961,1995,HdBoard,HdBoard,None,0,TA,TA,CBlock,TA,TA,Av,ALQ,899,0,210,1109,Y,SBrkr,1155,0,0,1155,1,0,1,0,3,1,Gd,6,Min2,0,NA,1987,Unf,2,576,TA,192,0,0,0,0,0,Shed,400,6,2010,148000
880,,7000.826166,7000,CulDSac,1Fam,1Story,5,8,1978,2005,VinylSd,VinylSd,BrkFace,90,Gd,Gd,CBlock,TA,TA,No,ALQ,646,0,218,864,Y,SBrkr,864,0,0,864,1,0,1,0,3,1,TA,6,Typ,0,NA,1978,Unf,1,336,TA,0,0,0,0,0,0,NA,0,7,2009,136500
881,60,7024.850368,7024,Inside,1Fam,1Story,5,5,2005,2006,VinylSd,VinylSd,None,0,TA,TA,PConc,Ex,Gd,No,ALQ,980,0,110,1090,Y,SBrkr,1090,0,0,1090,1,0,1,1,2,1,TA,5,Typ,0,NA,2005,Fin,2,450,TA,0,49,0,0,0,0,NA,0,6,2007,157000
882,44,13758.62029,13758,CulDSac,1Fam,1.5Fin,7,5,1990,1991,HdBoard,HdBoard,BrkFace,117,Gd,Gd,CBlock,Gd,TA,Mn,LwQ,902,0,254,1156,Y,SBrkr,1187,530,0,1717,0,0,2,1,3,1,Gd,7,Typ,1,TA,1990,RFn,2,400,TA,168,36,0,0,0,0,NA,0,4,2007,187500
883,,9636.234688,9636,Corner,1Fam,2Story,6,5,1992,1993,VinylSd,VinylSd,None,0,TA,TA,PConc,Gd,TA,No,Unf,0,0,808,808,Y,SBrkr,808,785,0,1593,0,0,2,1,3,1,TA,7,Typ,1,TA,1993,RFn,2,389,TA,342,40,0,0,0,0,NA,0,12,2009,178000
884,60,6204.349586,6204,Inside,1Fam,2.5Fin,4,5,1912,1950,Wd Sdng,Wd Sdng,None,0,Gd,TA,PConc,TA,Fa,No,Unf,0,0,795,795,N,SBrkr,954,795,481,2230,1,0,1,0,5,1,TA,10,Typ,0,NA,1997,Unf,1,440,TA,0,188,0,0,0,0,NA,0,3,2006,118500
885,65,7150.879882,7150,Inside,1Fam,1Story,5,5,1967,1967,HdBoard,HdBoard,BrkFace,60,TA,TA,CBlock,TA,TA,No,BLQ,432,0,460,892,Y,SBrkr,892,0,0,892,0,0,1,0,3,1,TA,5,Typ,0,NA,1967,RFn,1,288,TA,0,0,0,0,0,0,NA,0,7,2009,100000
886,50,5119.296741,5119,CulDSac,TwnhsE,1Story,9,5,1999,2000,MetalSd,MetalSd,BrkFace,60,Gd,TA,PConc,Ex,TA,Av,GLQ,1238,0,460,1698,Y,SBrkr,1709,0,0,1709,1,0,2,0,2,1,Gd,5,Typ,1,TA,1999,Fin,2,506,TA,97,65,0,0,0,0,NA,0,1,2008,328900
887,70,8393.955936,8393,Corner,Duplex,1Story,5,5,1959,2005,MetalSd,MetalSd,BrkFace,122,TA,TA,CBlock,TA,TA,No,LwQ,528,0,1098,1626,Y,SBrkr,1712,0,0,1712,0,0,2,0,4,2,TA,8,Typ,0,NA,2005,Fin,2,588,TA,272,54,0,0,0,0,NA,0,6,2006,145000
888,59,16466.54863,16466,Inside,1Fam,1.5Fin,5,7,1955,1955,MetalSd,MetalSd,None,0,TA,Gd,PConc,TA,TA,No,Unf,0,0,816,816,Y,SBrkr,872,521,0,1393,0,0,1,1,3,1,TA,8,Typ,0,NA,1955,Unf,1,300,TA,121,0,0,0,265,0,NA,0,4,2008,135500
889,95,15865.82492,15865,Inside,1Fam,1Story,8,6,1970,1970,Wd Sdng,Wd Sdng,None,0,Gd,Gd,PConc,TA,Gd,Gd,ALQ,351,823,1043,2217,Y,SBrkr,2217,0,0,2217,1,0,2,0,4,1,Gd,8,Typ,1,TA,1970,Unf,2,621,TA,81,207,0,0,224,0,NA,0,10,2007,268000
890,128,12160.22774,12160,Inside,1Fam,1Story,6,4,1953,1953,Wd Sdng,Wd Sdng,BrkFace,90,TA,TA,CBlock,TA,TA,No,BLQ,1024,0,481,1505,Y,SBrkr,1505,0,0,1505,1,0,1,0,2,1,TA,6,Typ,1,TA,1953,RFn,2,505,TA,0,0,0,162,0,0,NA,0,2,2009,149500
891,60,8064.194227,8064,Corner,1Fam,1.5Fin,5,7,1949,2006,MetalSd,MetalSd,None,0,TA,Gd,CBlock,TA,TA,Mn,Unf,0,0,672,672,Y,SBrkr,672,252,0,924,0,0,1,0,3,1,TA,6,Typ,1,Po,2003,Unf,2,576,TA,0,0,0,0,0,0,Shed,2000,7,2007,122900
892,70,11184.35641,11184,Inside,1Fam,2Story,6,5,1978,1978,HdBoard,HdBoard,BrkFace,92,TA,TA,CBlock,TA,TA,No,LwQ,226,500,192,918,Y,SBrkr,918,765,0,1683,0,0,2,1,3,1,TA,7,Typ,1,TA,1978,RFn,2,440,TA,243,0,0,0,0,0,NA,0,7,2009,172500
893,70,8414.649165,8414,Inside,1Fam,1Story,6,8,1963,2003,HdBoard,HdBoard,None,0,TA,TA,CBlock,TA,TA,No,GLQ,663,0,396,1059,Y,SBrkr,1068,0,0,1068,0,1,1,0,3,1,TA,6,Typ,0,NA,1963,RFn,1,264,TA,192,0,0,0,0,0,NA,0,2,2006,154500
894,,13284.31388,13284,Inside,1Fam,1Story,5,5,1954,1954,Wd Sdng,Plywood,None,0,TA,TA,PConc,Gd,TA,Mn,BLQ,1064,0,319,1383,Y,SBrkr,1383,0,0,1383,1,0,1,0,3,1,TA,6,Typ,1,Gd,1954,Unf,1,354,TA,511,116,0,0,0,0,NA,0,6,2008,165000
895,64,7018.56721,7018,Inside,Duplex,1Story,5,5,1979,1979,Plywood,Plywood,None,0,TA,TA,Slab,NA,NA,NA,NA,0,0,0,0,Y,SBrkr,1535,0,0,1535,0,0,2,0,4,2,TA,8,Typ,0,NA,1979,Unf,2,400,TA,0,0,0,0,0,0,NA,0,6,2009,118858
896,71,7056.778801,7056,Inside,1Fam,2Story,6,5,1963,1963,HdBoard,HdBoard,BrkFace,415,TA,TA,CBlock,TA,TA,No,BLQ,400,0,380,780,Y,SBrkr,983,813,0,1796,1,0,1,1,4,1,TA,8,Typ,1,TA,1963,RFn,2,483,TA,0,50,0,0,0,0,NA,0,10,2008,140000
897,50,8765.729386,8765,Inside,1Fam,1Story,4,6,1936,1950,Wd Sdng,Wd Sdng,None,0,TA,TA,BrkTil,TA,TA,No,ALQ,285,0,666,951,N,SBrkr,951,0,0,951,0,0,1,0,2,1,TA,6,Typ,0,NA,1936,Unf,1,327,TA,0,28,0,0,0,0,NA,0,4,2006,106500
898,64,7018.133097,7018,Inside,Duplex,2Story,5,5,1979,1979,Plywood,Plywood,None,0,TA,TA,Slab,NA,NA,NA,NA,0,0,0,0,Y,SBrkr,1120,1120,0,2240,0,0,2,0,6,2,TA,12,Typ,0,NA,1979,Unf,2,528,TA,154,0,0,0,0,0,NA,0,6,2009,142953
899,100,12919.86138,12919,Inside,1Fam,1Story,9,5,2009,2010,VinylSd,VinylSd,Stone,760,Ex,TA,PConc,Ex,TA,Gd,GLQ,2188,0,142,2330,Y,SBrkr,2364,0,0,2364,1,0,2,1,2,1,Ex,11,Typ,2,Gd,2009,Fin,3,820,TA,0,67,0,0,0,0,NA,0,3,2010,611657
900,65,6993.870011,6993,Inside,1Fam,1Story,5,7,1961,1994,HdBoard,Plywood,None,0,TA,TA,CBlock,TA,TA,No,BLQ,465,0,447,912,Y,SBrkr,1236,0,0,1236,0,0,1,0,3,1,TA,6,Typ,1,TA,1961,Unf,1,288,TA,0,0,0,0,0,0,NA,0,6,2006,135000
901,,7340.324496,7340,Inside,1Fam,1Story,4,6,1971,1971,HdBoard,HdBoard,None,0,TA,TA,CBlock,TA,TA,No,ALQ,322,0,536,858,Y,SBrkr,858,0,0,858,0,0,1,0,2,1,TA,4,Typ,0,NA,1979,Unf,1,684,TA,0,0,0,0,0,0,NA,0,6,2007,110000
902,64,8712.011009,8712,Inside,1Fam,1Story,5,7,1957,2000,MetalSd,MetalSd,None,0,TA,Gd,CBlock,TA,TA,Mn,BLQ,860,0,132,992,Y,SBrkr,1306,0,0,1306,1,0,1,0,2,1,TA,5,Typ,0,NA,1968,Unf,1,756,TA,0,0,0,0,0,0,NA,0,5,2009,153000
903,63,7875.902983,7875,Inside,1Fam,2Story,7,5,2003,2003,VinylSd,VinylSd,None,0,Gd,TA,PConc,Gd,TA,No,Unf,0,0,783,783,Y,SBrkr,807,702,0,1509,0,0,2,1,3,1,Gd,8,Typ,1,Gd,2003,Fin,2,393,TA,0,75,0,0,0,0,NA,0,7,2006,180000
904,50,14859.63214,14859,CulDSac,1Fam,1Story,7,5,2006,2006,VinylSd,VinylSd,BrkFace,27,Gd,TA,PConc,Gd,TA,No,Unf,0,0,1670,1670,Y,SBrkr,1670,0,0,1670,0,0,2,0,3,1,Gd,7,Typ,1,Gd,2006,RFn,3,690,TA,144,60,0,0,0,0,NA,0,8,2006,240000
905,,6173.221983,6173,Inside,1Fam,1Story,5,6,1967,1967,HdBoard,Wd Sdng,BrkFace,75,TA,TA,CBlock,TA,TA,No,GLQ,599,0,277,876,Y,SBrkr,902,0,0,902,0,0,1,0,3,1,TA,6,Typ,0,NA,1967,Unf,1,288,TA,0,0,0,0,0,0,NA,0,8,2007,125500
906,80,9920.647791,9920,Inside,1Fam,1Story,5,5,1954,1954,HdBoard,HdBoard,Stone,110,TA,TA,CBlock,TA,TA,No,Rec,354,290,412,1056,Y,SBrkr,1063,0,0,1063,1,0,1,0,3,1,TA,6,Typ,0,NA,1954,RFn,1,280,TA,0,0,164,0,0,0,NA,0,2,2010,128000
907,116,13501.60424,13501,Corner,1Fam,1Story,8,5,2006,2006,VinylSd,VinylSd,Stone,208,Gd,TA,PConc,Gd,TA,No,GLQ,63,0,1560,1623,Y,SBrkr,1636,0,0,1636,1,0,2,0,3,1,Gd,8,Typ,1,Gd,2006,RFn,3,865,TA,0,60,0,0,0,0,NA,0,6,2007,255000
908,86,11500.14415,11500,Inside,1Fam,1.5Fin,7,7,1936,1987,BrkFace,BrkFace,None,0,Gd,TA,CBlock,Gd,TA,No,Rec,223,0,794,1017,Y,SBrkr,1020,1037,0,2057,0,0,1,1,3,1,Gd,6,Typ,1,Gd,1936,Fin,1,180,Fa,0,0,0,0,322,0,NA,0,6,2006,250000
909,,8885.912378,8885,Inside,1Fam,1Story,5,5,1983,1983,HdBoard,HdBoard,None,0,TA,TA,CBlock,Gd,TA,Av,BLQ,301,324,239,864,Y,SBrkr,902,0,0,902,1,0,1,0,2,1,TA,5,Typ,0,NA,1983,Unf,2,484,TA,164,0,0,0,0,0,NA,0,6,2006,131000
910,149,12589.01975,12589,Inside,1Fam,2Story,6,5,2005,2005,VinylSd,VinylSd,None,0,Gd,TA,PConc,Gd,TA,No,Unf,0,0,742,742,Y,SBrkr,742,742,0,1484,0,0,2,1,3,1,Gd,8,Typ,1,Gd,2005,Fin,2,390,TA,36,24,0,0,0,0,NA,0,6,2009,174000
911,80,11600.10838,11600,Corner,Duplex,2Story,5,5,1960,1960,MetalSd,MetalSd,BrkFace,361,TA,TA,CBlock,TA,TA,No,Rec,443,0,662,1105,Y,FuseA,1105,1169,0,2274,0,0,2,0,5,2,TA,12,Typ,0,NA,1960,Unf,2,480,TA,0,0,0,0,0,0,NA,0,1,2010,154300
912,,9286.027638,9286,CulDSac,1Fam,1Story,5,7,1977,1989,HdBoard,Plywood,None,0,TA,TA,CBlock,Gd,Gd,Av,ALQ,196,0,1072,1268,Y,SBrkr,1268,0,0,1268,0,0,1,1,3,1,Gd,5,Typ,0,NA,1978,Unf,1,252,TA,173,0,0,0,0,0,NA,0,10,2009,143500
913,51,6120.327089,6120,Inside,1Fam,1Story,5,7,1925,1950,MetalSd,MetalSd,None,0,TA,TA,BrkTil,TA,TA,No,Rec,489,0,279,768,N,SBrkr,1015,0,0,1015,0,0,1,0,3,1,TA,6,Min1,0,NA,1925,Unf,1,450,TA,0,0,112,0,120,0,Shed,620,7,2006,88000
914,82,6270.65365,6270,Inside,Duplex,2Story,5,6,1949,1950,MetalSd,MetalSd,None,0,TA,TA,CBlock,TA,TA,No,BLQ,284,0,717,1001,N,FuseA,1001,1001,0,2002,0,0,2,0,4,2,TA,8,Typ,0,NA,1949,Unf,3,871,TA,0,0,0,0,0,0,NA,0,8,2007,145000
915,30,3000.344692,3000,Inside,TwnhsE,2Story,6,5,2009,2009,VinylSd,VinylSd,Stone,76,Gd,TA,PConc,Gd,TA,Av,GLQ,294,0,318,612,Y,SBrkr,612,612,0,1224,0,0,2,1,2,1,Gd,4,Typ,0,NA,2009,RFn,2,528,TA,0,234,0,0,0,0,NA,0,6,2009,173733
916,21,2001.564746,2001,Inside,Twnhs,2Story,4,5,1970,1970,CemntBd,CmentBd,BrkFace,80,TA,TA,CBlock,TA,TA,No,Unf,0,0,546,546,Y,SBrkr,546,546,0,1092,0,0,1,1,3,1,TA,6,Typ,0,NA,1970,Unf,1,286,TA,0,0,0,0,0,0,NA,0,1,2007,75000
917,50,9000.515739,9000,Inside,1Fam,1Story,2,3,1949,1950,AsbShng,AsbShng,None,0,TA,TA,CBlock,TA,TA,Av,BLQ,50,0,430,480,N,FuseA,480,0,0,480,1,0,0,0,1,1,TA,4,Typ,0,NA,1958,Unf,1,308,TA,0,0,0,0,0,0,NA,0,10,2006,35311
918,,17140.65804,17140,Inside,1Fam,1Story,4,6,1956,1956,VinylSd,VinylSd,None,0,TA,TA,CBlock,TA,TA,No,ALQ,1059,0,75,1134,Y,FuseA,1229,0,0,1229,0,0,1,0,3,1,TA,6,Typ,0,NA,1956,RFn,1,284,TA,0,0,0,0,0,0,NA,0,4,2009,135000
919,103,13125.8487,13125,Corner,1Fam,2Story,7,5,1991,1991,HdBoard,HdBoard,None,0,Gd,TA,PConc,Ex,TA,Mn,BLQ,48,634,422,1104,Y,SBrkr,912,1215,0,2127,1,0,2,1,4,1,Gd,8,Typ,1,TA,1991,RFn,3,833,TA,72,192,224,0,0,0,NA,0,11,2007,238000
920,87,11029.39782,11029,Corner,1Fam,1Story,6,8,1958,2002,MetalSd,MetalSd,None,0,Ex,TA,CBlock,Gd,TA,No,ALQ,528,411,245,1184,Y,SBrkr,1414,0,0,1414,1,0,1,0,3,1,TA,6,Min1,1,TA,1990,Unf,2,601,TA,0,51,0,0,190,0,NA,0,5,2008,176500
921,70,8462.636191,8462,Inside,1Fam,2Story,6,5,1994,1994,HdBoard,HdBoard,BrkFace,105,Gd,Gd,PConc,Gd,Gd,No,GLQ,814,0,114,928,Y,SBrkr,936,785,0,1721,0,1,2,1,3,1,Gd,7,Typ,0,NA,1994,RFn,2,471,TA,300,87,0,0,0,0,NA,0,7,2007,201000
922,67,8777.088008,8777,Inside,Duplex,1.5Fin,5,7,1900,2003,MetalSd,MetalSd,None,0,TA,TA,CBlock,TA,TA,No,ALQ,1084,0,188,1272,Y,SBrkr,1272,928,0,2200,2,0,2,2,4,2,TA,9,Typ,0,NA,NA,NA,0,0,NA,0,70,0,0,0,0,NA,0,9,2008,145900
923,65,10237.40278,10237,Inside,1Fam,1Story,6,5,2005,2006,VinylSd,VinylSd,None,0,Gd,TA,PConc,Gd,TA,No,GLQ,28,0,1288,1316,Y,SBrkr,1316,0,0,1316,0,0,2,0,3,1,Gd,6,Typ,1,Gd,2005,Fin,2,397,TA,100,0,0,23,0,0,NA,0,10,2006,169990
924,50,8012.76088,8012,Inside,TwnhsE,1Story,6,5,1993,1994,Plywood,Plywood,None,0,Gd,TA,PConc,Gd,TA,No,LwQ,165,841,598,1604,Y,SBrkr,1617,0,0,1617,1,0,2,0,2,1,Gd,5,Typ,1,Fa,1993,RFn,2,533,TA,0,69,0,0,0,0,NA,0,7,2008,193000
925,79,10240.2838,10240,Inside,1Fam,1Story,6,6,1980,1980,Plywood,Plywood,BrkFace,157,TA,Gd,CBlock,Gd,TA,No,BLQ,625,1061,0,1686,Y,SBrkr,1686,0,0,1686,1,0,2,0,3,1,TA,7,Typ,1,TA,1980,Unf,2,612,TA,384,131,0,0,0,0,NA,0,5,2006,207500
926,,15611.31875,15611,Corner,1Fam,1Story,5,6,1977,1977,VinylSd,VinylSd,None,0,TA,TA,PConc,Gd,TA,Av,ALQ,767,93,266,1126,Y,SBrkr,1126,0,0,1126,0,1,2,0,3,1,Ex,6,Typ,0,NA,1977,RFn,2,540,TA,180,0,0,0,0,0,NA,0,3,2008,175000
927,93,11999.90905,11999,Inside,1Fam,2Story,8,5,2003,2004,VinylSd,VinylSd,BrkFace,340,Gd,TA,PConc,Gd,TA,No,Unf,0,0,1181,1181,Y,SBrkr,1234,1140,0,2374,0,0,2,1,4,1,Ex,10,Typ,1,Gd,2003,Fin,3,656,TA,104,100,0,0,0,0,NA,0,5,2007,285000
928,,9900.619795,9900,Inside,1Fam,2Story,7,5,1968,1968,MetalSd,MetalSd,BrkFace,342,TA,TA,CBlock,TA,TA,No,BLQ,552,0,280,832,Y,SBrkr,1098,880,0,1978,0,0,2,1,4,1,TA,9,Typ,1,Gd,1968,RFn,2,486,TA,0,43,0,0,0,0,NA,0,4,2008,176000
929,,11838.49594,11838,Inside,1Fam,1Story,8,5,2001,2001,VinylSd,VinylSd,None,0,Gd,TA,PConc,Gd,TA,Av,Unf,0,0,1753,1753,Y,SBrkr,1788,0,0,1788,0,0,2,0,3,1,Ex,7,Typ,1,TA,2001,RFn,2,522,TA,202,151,0,0,0,0,NA,0,6,2009,236500
930,,13006.10785,13006,Corner,1Fam,2Story,7,5,1997,1997,HdBoard,HdBoard,BrkFace,285,TA,TA,PConc,Gd,TA,No,Unf,0,0,964,964,Y,SBrkr,993,1243,0,2236,0,0,2,1,4,1,Gd,8,Typ,1,TA,1997,Fin,2,642,TA,0,0,0,0,0,0,NA,0,11,2006,222000
931,73,8925.918934,8925,Inside,1Fam,1Story,8,5,2007,2007,VinylSd,VinylSd,None,0,Gd,TA,PConc,Gd,TA,Av,GLQ,16,0,1450,1466,Y,SBrkr,1466,0,0,1466,0,0,2,0,3,1,Gd,7,Typ,0,NA,2007,Fin,3,610,TA,100,18,0,0,0,0,NA,0,7,2009,201000
932,70,9100.931025,9100,Inside,1Fam,1Story,5,6,1965,1965,VinylSd,VinylSd,None,0,TA,TA,CBlock,TA,TA,No,BLQ,338,466,121,925,Y,SBrkr,925,0,0,925,0,1,1,0,2,1,TA,5,Typ,0,NA,1965,Unf,1,429,TA,0,0,0,0,0,0,NA,0,7,2009,117500
933,84,11670.7338,11670,Corner,1Fam,1Story,9,5,2006,2006,VinylSd,ImStucc,Stone,302,Ex,TA,PConc,Ex,Gd,No,Unf,0,0,1905,1905,Y,SBrkr,1905,0,0,1905,0,0,2,0,3,1,Ex,8,Typ,1,Gd,2006,Fin,3,788,TA,0,191,0,0,0,0,NA,0,3,2007,320000
934,63,8487.937649,8487,FR2,1Fam,1Story,7,5,2004,2004,VinylSd,VinylSd,BrkFace,210,Gd,TA,PConc,Gd,TA,Av,GLQ,20,0,1480,1500,Y,SBrkr,1500,0,0,1500,0,0,2,0,3,1,Gd,6,Typ,0,NA,2004,RFn,2,570,TA,192,36,0,0,0,0,NA,0,8,2009,190000
935,313,27650.41286,27650,Inside,1Fam,1Story,7,7,1960,2007,Wd Sdng,Wd Sdng,None,0,TA,TA,CBlock,Gd,TA,Gd,GLQ,425,0,160,585,Y,SBrkr,2069,0,0,2069,1,0,2,0,4,1,Gd,9,Typ,1,Gd,1960,RFn,2,505,TA,0,0,0,0,0,0,NA,0,11,2008,242000
936,52,5825.468055,5825,Inside,1Fam,1Story,4,5,1926,1953,MetalSd,MetalSd,BrkFace,108,TA,Gd,PConc,Fa,TA,Mn,Unf,0,0,600,600,Y,SBrkr,747,0,0,747,0,0,1,0,1,1,TA,5,Typ,0,NA,1953,Unf,2,528,TA,0,0,32,0,0,0,NA,0,6,2006,79900
937,67,10083.76534,10083,Inside,1Fam,1Story,7,5,2003,2003,VinylSd,VinylSd,NA,NA,Gd,TA,PConc,Gd,TA,No,GLQ,833,0,343,1176,Y,SBrkr,1200,0,0,1200,1,0,2,0,2,1,Gd,5,Typ,0,NA,2003,RFn,2,555,TA,0,41,0,0,0,0,NA,0,8,2009,184900
938,75,9675.046216,9675,Inside,1Fam,2Story,7,5,2005,2005,VinylSd,VinylSd,None,0,Gd,TA,PConc,Gd,TA,Mn,GLQ,341,0,772,1113,Y,SBrkr,1113,858,0,1971,0,0,2,1,3,1,Gd,8,Typ,1,Gd,2005,RFn,2,689,TA,0,48,0,0,0,0,NA,0,2,2009,253000
939,73,8760.748702,8760,Inside,1Fam,2Story,7,5,2006,2006,VinylSd,VinylSd,None,0,Gd,TA,PConc,Gd,Gd,Mn,GLQ,464,0,927,1391,Y,SBrkr,1391,571,0,1962,0,0,2,1,3,1,Gd,7,Typ,0,NA,2006,RFn,3,868,TA,0,90,0,0,0,0,NA,0,8,2006,239799
940,,24090.31016,24090,Inside,1Fam,2Story,7,7,1940,1950,MetalSd,MetalSd,None,0,TA,Gd,CBlock,TA,TA,Mn,Unf,0,0,1032,1032,Y,SBrkr,1207,1196,0,2403,0,0,2,0,4,1,TA,10,Typ,2,TA,1940,Unf,1,349,TA,56,0,318,0,0,0,NA,0,6,2010,244400
941,55,12640.65172,12640,Inside,Duplex,1Story,6,5,1976,1976,Plywood,Plywood,None,0,TA,TA,CBlock,TA,TA,Gd,Rec,936,396,396,1728,Y,SBrkr,1728,0,0,1728,0,0,2,0,4,2,TA,8,Typ,0,NA,1976,Unf,2,574,TA,40,0,0,0,0,0,NA,0,7,2006,150900
942,,8755.279127,8755,FR2,1Fam,2Story,7,5,1999,1999,VinylSd,VinylSd,BrkFace,298,Gd,TA,PConc,Gd,TA,No,ALQ,772,0,220,992,Y,SBrkr,1022,1038,0,2060,1,0,2,1,3,1,Gd,8,Typ,1,TA,1999,RFn,2,390,TA,0,0,0,168,0,0,NA,0,6,2009,214000
943,42,7711.178955,7711,Inside,Duplex,1Story,4,3,1977,1977,MetalSd,MetalSd,None,0,TA,TA,PConc,Gd,TA,Gd,GLQ,1440,0,0,1440,Y,SBrkr,1440,0,0,1440,2,0,2,0,4,2,TA,8,Typ,0,NA,NA,NA,0,0,NA,321,0,0,0,0,0,NA,0,8,2007,150000
944,100,25000.13987,25000,Inside,Duplex,1Story,5,4,1967,1967,HdBoard,Plywood,None,0,TA,TA,CBlock,TA,TA,Av,Unf,0,0,1632,1632,Y,SBrkr,1632,0,0,1632,0,0,2,0,4,2,TA,8,Typ,0,NA,1967,Unf,2,576,TA,0,0,0,0,0,0,NA,0,6,2007,143000
945,,14375.97417,14375,CulDSac,1Fam,SLvl,6,6,1958,1958,HdBoard,HdBoard,BrkFace,541,TA,TA,CBlock,TA,TA,No,GLQ,111,354,354,819,Y,FuseA,1344,0,0,1344,0,1,1,0,3,1,Gd,7,Typ,1,Gd,1958,RFn,2,525,TA,0,118,0,0,233,0,NA,0,1,2009,137500
946,98,8820.524267,8820,Corner,1Fam,1.5Fin,5,6,1890,1996,VinylSd,VinylSd,None,0,TA,TA,BrkTil,TA,TA,No,LwQ,1088,0,0,1088,Y,SBrkr,1188,561,120,1869,0,0,1,0,2,1,TA,7,Typ,0,NA,1963,Unf,2,456,TA,48,0,244,0,0,0,NA,0,9,2009,124900
947,70,8163.974509,8163,Inside,1Fam,SLvl,5,6,1959,1959,HdBoard,HdBoard,BrkFace,128,TA,Gd,CBlock,TA,TA,Av,ALQ,748,294,102,1144,Y,SBrkr,1144,0,0,1144,1,0,1,0,3,1,TA,6,Typ,1,TA,1959,RFn,1,796,TA,86,0,0,0,0,0,NA,0,3,2006,143000
948,85,14536.95361,14536,Inside,1Fam,1Story,8,5,2002,2003,VinylSd,VinylSd,BrkFace,236,Gd,TA,PConc,Gd,TA,Av,GLQ,1300,0,316,1616,Y,SBrkr,1629,0,0,1629,1,0,2,0,3,1,Gd,9,Typ,1,Gd,2002,Fin,3,808,TA,0,252,0,0,0,0,NA,0,11,2007,270000
949,65,14006.02885,14006,Inside,1Fam,2Story,7,5,2002,2002,VinylSd,VinylSd,BrkFace,144,Gd,TA,PConc,Gd,TA,NA,Unf,0,0,936,936,Y,SBrkr,936,840,0,1776,0,0,2,1,3,1,Gd,7,Typ,1,TA,2002,RFn,2,474,TA,144,96,0,0,0,0,NA,0,2,2006,192500
950,78,9360.027819,9360,Inside,1Fam,1Story,6,7,1972,2006,Plywood,Plywood,None,0,TA,TA,CBlock,TA,TA,No,ALQ,982,0,179,1161,Y,SBrkr,1381,0,0,1381,1,0,1,1,3,1,Gd,5,Typ,1,TA,1972,RFn,2,676,TA,0,0,0,0,0,0,NA,0,3,2010,197500
951,60,7200.986602,7200,Inside,1Fam,1Story,5,8,1950,2002,VinylSd,VinylSd,None,0,TA,TA,CBlock,TA,TA,No,ALQ,398,149,317,864,Y,SBrkr,864,0,0,864,1,0,1,0,3,1,Gd,5,Typ,0,NA,1980,RFn,2,720,TA,194,0,0,0,0,0,NA,0,7,2007,129000
952,60,7800.654039,7800,Corner,1Fam,1Story,5,5,1965,1965,VinylSd,VinylSd,None,0,TA,TA,CBlock,TA,TA,No,BLQ,641,0,187,828,Y,SBrkr,965,0,0,965,1,0,1,0,3,1,TA,6,Typ,0,NA,1979,Unf,1,300,TA,421,0,0,0,0,0,NA,0,7,2006,119900
953,60,7200.964563,7200,Inside,1Fam,SFoyer,5,8,1972,2003,WdShing,HdBoard,None,0,TA,Gd,CBlock,Gd,TA,Av,GLQ,660,0,108,768,Y,SBrkr,768,0,0,768,0,1,1,0,2,1,TA,5,Typ,0,NA,1974,Fin,1,396,TA,192,0,0,0,0,0,NA,0,4,2009,133900
954,,11075.3321,11075,Inside,1Fam,2Story,5,4,1969,1969,HdBoard,HdBoard,BrkFace,232,TA,TA,CBlock,TA,TA,Av,ALQ,562,193,29,784,Y,SBrkr,1168,800,0,1968,0,1,2,1,4,1,TA,7,Min2,1,Po,1969,RFn,2,530,TA,305,189,0,0,0,0,Shed,400,9,2008,172000
955,35,9400.428921,9400,CulDSac,Duplex,SFoyer,6,5,1975,1975,WdShing,Plywood,BrkFace,250,TA,TA,CBlock,Gd,Gd,Gd,GLQ,945,0,0,945,Y,SBrkr,980,0,0,980,0,2,2,0,4,0,TA,4,Typ,0,NA,NA,NA,0,0,NA,0,0,0,0,0,0,NA,0,10,2006,127500
956,82,7136.263402,7136,Inside,Duplex,2Story,6,6,1946,1950,MetalSd,MetalSd,BrkFace,423,TA,TA,CBlock,Gd,TA,No,Rec,484,0,495,979,N,FuseF,979,979,0,1958,0,0,2,0,4,2,TA,8,Typ,0,NA,1946,Unf,2,492,TA,0,0,0,0,0,0,NA,0,8,2007,145000
957,24,1300.741398,1300,Inside,TwnhsE,2Story,6,6,1980,1980,MetalSd,MetalSd,None,0,TA,TA,CBlock,Gd,TA,No,ALQ,285,0,276,561,Y,SBrkr,561,668,0,1229,0,0,1,1,2,1,TA,5,Typ,1,TA,1980,Fin,2,462,TA,150,0,0,0,0,0,NA,0,5,2009,124000
958,70,7420.924532,7420,Inside,1Fam,1Story,5,5,1962,1962,MetalSd,MetalSd,None,0,TA,TA,CBlock,TA,TA,No,Rec,417,0,640,1057,Y,SBrkr,1057,0,0,1057,0,0,1,0,3,1,TA,6,Typ,0,NA,1977,Fin,2,576,TA,0,0,0,0,0,0,NA,0,4,2007,132000
959,65,8450.768144,8450,Inside,1Fam,1Story,7,5,2003,2003,VinylSd,VinylSd,None,0,Gd,TA,PConc,Gd,TA,Mn,GLQ,699,0,638,1337,Y,SBrkr,1337,0,0,1337,1,0,2,0,3,1,Gd,6,Typ,0,NA,2003,RFn,2,531,TA,0,39,0,0,0,0,NA,0,10,2007,185000
960,24,2572.173731,2572,FR2,Twnhs,2Story,7,5,1999,1999,MetalSd,MetalSd,None,0,Gd,TA,PConc,Gd,TA,No,ALQ,604,0,92,696,Y,SBrkr,696,720,0,1416,1,0,2,1,3,1,Gd,6,Typ,0,NA,1999,Unf,2,484,TA,0,44,0,0,0,0,NA,0,5,2010,155000
961,50,7207.347871,7207,Inside,1Fam,1Story,5,7,1958,2008,Wd Sdng,Plywood,None,0,TA,Gd,CBlock,TA,TA,Gd,BLQ,696,0,162,858,Y,SBrkr,858,0,0,858,1,0,1,0,2,1,TA,4,Typ,0,NA,NA,NA,0,0,NA,117,0,0,0,0,0,NA,0,2,2010,116500
962,,12227.94181,12227,Corner,1Fam,2Story,6,7,1977,1995,HdBoard,HdBoard,BrkFace,424,TA,Gd,CBlock,Gd,Gd,No,ALQ,896,0,434,1330,Y,SBrkr,1542,1330,0,2872,1,0,2,1,4,1,TA,11,Typ,1,TA,1977,Fin,2,619,TA,550,282,0,0,0,0,NA,0,7,2008,272000
963,24,2308.873985,2308,Corner,TwnhsE,2Story,6,6,1976,1976,Plywood,Brk Cmn,None,0,TA,TA,CBlock,Gd,TA,No,ALQ,556,0,248,804,Y,SBrkr,804,744,0,1548,1,0,2,1,3,1,Gd,7,Typ,1,TA,1976,Unf,2,440,TA,48,0,0,0,0,0,NA,0,7,2007,155000
964,122,11923.93284,11923,Corner,1Fam,1Story,9,5,2007,2007,VinylSd,VinylSd,None,0,Gd,TA,PConc,Ex,TA,No,Unf,0,0,1800,1800,Y,SBrkr,1800,0,0,1800,0,0,2,0,2,1,Ex,7,Typ,0,NA,2007,Fin,2,702,TA,288,136,0,0,0,0,NA,0,5,2009,239000
965,80,11316.93014,11316,Corner,1Fam,2Story,7,5,2002,2003,VinylSd,VinylSd,BrkFace,44,Gd,TA,PConc,Gd,TA,No,GLQ,624,0,193,817,Y,SBrkr,824,1070,0,1894,1,0,2,1,4,1,Gd,8,Typ,1,Gd,2002,Fin,2,510,TA,0,40,0,0,0,0,NA,0,2,2010,214900
966,65,10237.43468,10237,Inside,1Fam,2Story,6,5,2005,2007,VinylSd,VinylSd,None,0,Gd,TA,PConc,Gd,TA,No,Unf,0,0,783,783,Y,SBrkr,783,701,0,1484,0,0,2,1,3,1,Gd,8,Typ,1,Gd,2005,Fin,2,393,TA,0,72,0,0,0,0,NA,0,7,2007,178900
967,130,9600.998688,9600,Inside,1Fam,1.5Fin,5,7,1940,1950,MetalSd,MetalSd,None,0,Gd,Gd,BrkTil,TA,Fa,No,Rec,428,0,300,728,Y,SBrkr,976,332,0,1308,1,0,1,1,2,1,TA,7,Min2,2,TA,1940,Unf,1,256,TA,0,70,0,0,0,0,NA,0,6,2009,160000
968,,7390.554308,7390,Inside,1Fam,1Story,5,7,1955,1955,Wd Sdng,Wd Sdng,BrkFace,151,TA,TA,CBlock,TA,TA,No,ALQ,902,0,196,1098,Y,SBrkr,1098,0,0,1098,1,0,1,0,3,1,TA,6,Typ,0,NA,1955,Unf,1,260,TA,0,0,0,0,0,0,NA,0,7,2008,135000
969,50,5925.358795,5925,Inside,1Fam,1.5Fin,3,6,1910,1950,VinylSd,VinylSd,None,0,TA,TA,BrkTil,TA,TA,No,Unf,0,0,600,600,N,SBrkr,600,368,0,968,0,0,1,0,2,1,TA,6,Typ,0,NA,NA,NA,0,0,NA,0,0,0,0,0,0,NA,0,5,2009,37900
970,75,10382.76587,10382,Inside,2fmCon,SLvl,6,5,1958,1958,HdBoard,HdBoard,BrkFace,105,TA,Fa,CBlock,TA,TA,Gd,ALQ,513,0,75,588,Y,SBrkr,1095,0,0,1095,1,0,1,0,2,1,TA,6,Typ,0,NA,1958,RFn,1,264,TA,0,0,0,0,0,0,NA,0,3,2006,140000
971,60,10800.73117,10800,Inside,1Fam,1.5Fin,4,4,1949,1950,AsbShng,AsbShng,None,0,TA,TA,CBlock,TA,TA,No,Unf,0,0,720,720,N,FuseA,720,472,0,1192,0,0,1,1,4,1,TA,6,Typ,0,NA,NA,NA,0,0,NA,0,0,0,0,0,0,NA,0,12,2006,135000
972,36,2268.235183,2268,Inside,Twnhs,2Story,7,5,2003,2004,VinylSd,Wd Shng,Stone,106,Gd,TA,PConc,Gd,TA,No,GLQ,567,0,197,764,Y,SBrkr,764,862,0,1626,0,0,2,0,2,1,Gd,6,Typ,0,NA,2003,RFn,2,474,TA,0,27,0,0,0,0,NA,0,7,2009,173000
973,55,7892.287044,7892,Inside,TwnhsE,1Story,6,5,1979,1979,Plywood,Plywood,None,0,TA,TA,CBlock,Gd,TA,No,Unf,0,0,918,918,Y,SBrkr,918,0,0,918,0,0,2,0,2,1,TA,5,Typ,1,TA,1979,Unf,1,264,TA,28,0,0,0,0,0,NA,0,4,2010,99500
974,95,11639.68753,11639,Corner,1Fam,1Story,7,5,2007,2008,CemntBd,CmentBd,NA,NA,Gd,TA,PConc,Gd,TA,No,Unf,0,0,1428,1428,Y,SBrkr,1428,0,0,1428,0,0,2,0,3,1,Gd,6,Typ,0,NA,2007,Fin,2,480,TA,0,120,0,0,0,0,NA,0,12,2008,182000
975,60,11414.80242,11414,Corner,1Fam,2Story,7,8,1910,1993,HdBoard,HdBoard,None,0,TA,Gd,BrkTil,Gd,TA,No,Unf,0,0,728,728,N,SBrkr,1136,883,0,2019,0,0,1,0,3,1,Gd,8,Typ,0,NA,1997,Unf,2,532,TA,509,135,0,0,0,0,NA,0,10,2009,167500
976,,2651.666788,2651,FR2,Twnhs,2Story,7,5,2000,2000,MetalSd,MetalSd,None,0,Gd,TA,PConc,Gd,TA,No,GLQ,641,0,32,673,Y,SBrkr,673,709,0,1382,1,0,2,1,3,1,Gd,6,Typ,0,NA,2000,Unf,2,490,TA,153,50,0,0,0,0,NA,0,4,2006,165000
977,51,5900.938822,5900,Inside,1Fam,1Story,4,7,1923,1958,Wd Sdng,Wd Sdng,None,0,TA,TA,PConc,Gd,TA,No,Unf,0,0,440,440,Y,FuseA,869,0,0,869,0,0,1,0,2,1,Fa,4,Typ,0,NA,NA,NA,0,0,NA,0,0,0,0,0,0,NA,0,8,2006,85500
978,35,4274.524322,4274,Inside,TwnhsE,1Story,7,5,2006,2007,VinylSd,VinylSd,NA,NA,Gd,TA,PConc,Gd,TA,No,GLQ,1106,0,135,1241,Y,SBrkr,1241,0,0,1241,1,0,1,1,1,1,Gd,4,Typ,0,NA,2007,Fin,2,569,TA,0,116,0,0,0,0,NA,0,11,2007,199900
979,68,9450.506444,9450,Inside,1Fam,1Story,4,5,1954,1954,MetalSd,MetalSd,None,0,TA,TA,CBlock,TA,TA,No,LwQ,552,0,342,894,Y,SBrkr,894,0,0,894,0,0,1,0,3,1,TA,5,Typ,0,NA,1999,Unf,2,400,TA,0,0,0,0,0,0,NA,0,5,2007,110000
980,80,8816.832159,8816,Corner,1Fam,1Story,5,6,1963,1963,VinylSd,VinylSd,None,0,TA,TA,PConc,TA,TA,No,Rec,651,0,470,1121,Y,SBrkr,1121,0,0,1121,1,0,1,0,3,1,TA,5,Typ,0,NA,1963,Unf,2,480,TA,0,80,0,0,0,0,NA,0,6,2009,139000
981,,12122.70599,12122,Corner,1Fam,SFoyer,7,9,1961,2007,CemntBd,CmentBd,Stone,210,Ex,TA,CBlock,TA,TA,Av,ALQ,867,0,77,944,Y,SBrkr,999,0,0,999,1,0,1,0,3,1,Ex,6,Typ,0,NA,1961,RFn,2,588,TA,144,76,0,0,0,0,NA,0,7,2008,178400
982,98,12203.67455,12203,Corner,1Fam,2Story,8,5,1998,1999,VinylSd,VinylSd,BrkFace,975,Gd,TA,PConc,Gd,TA,No,GLQ,854,0,371,1225,Y,SBrkr,1276,1336,0,2612,1,0,2,1,4,1,Gd,8,Typ,1,TA,1998,Fin,3,676,TA,250,0,0,0,0,0,NA,0,7,2009,336000
983,43,3182.545066,3182,Inside,1Fam,1Story,7,5,2007,2007,VinylSd,VinylSd,BrkFace,16,Gd,TA,PConc,Gd,TA,Av,Unf,0,0,1266,1266,Y,SBrkr,1266,0,0,1266,0,0,2,0,2,1,Gd,6,Typ,1,Gd,2007,Fin,2,388,TA,100,16,0,0,0,0,NA,0,3,2008,159895
984,,11250.29781,11250,Corner,1Fam,2Story,8,5,2002,2002,CemntBd,CmentBd,None,0,Gd,TA,PConc,Gd,TA,Mn,Unf,0,0,1128,1128,Y,SBrkr,1149,1141,0,2290,0,0,2,1,4,1,Gd,9,Typ,1,Gd,2002,Unf,2,779,TA,0,0,0,0,0,0,NA,0,5,2008,255900
985,75,10125.13101,10125,Inside,Duplex,1.5Fin,5,5,1977,1977,Plywood,Plywood,None,0,TA,TA,CBlock,NA,NA,NA,NA,0,0,0,0,Y,SBrkr,1302,432,0,1734,0,0,2,0,4,2,Gd,8,Typ,0,NA,1977,Unf,2,539,TA,0,0,0,0,0,0,NA,0,8,2009,126000
986,68,10880.33388,10880,Inside,2fmCon,1Story,5,5,1950,1950,MetalSd,MetalSd,None,0,TA,TA,CBlock,TA,TA,No,ALQ,1040,0,124,1164,N,SBrkr,1164,0,0,1164,1,0,1,0,3,1,TA,5,Typ,0,NA,1950,Unf,1,240,TA,0,48,0,0,0,0,NA,0,8,2008,125000
987,59,5310.304984,5310,Corner,1Fam,1.5Fin,6,8,1910,2003,VinylSd,VinylSd,None,0,TA,Gd,CBlock,TA,Fa,No,Unf,0,0,485,485,Y,SBrkr,1001,634,0,1635,0,0,1,0,2,1,Gd,5,Typ,0,NA,1950,Unf,1,255,Fa,394,0,0,0,0,0,NA,0,6,2006,117000
988,83,10159.52806,10159,Inside,1Fam,1Story,9,5,2009,2010,VinylSd,VinylSd,Stone,450,Ex,TA,PConc,Ex,TA,Av,GLQ,1646,0,284,1930,Y,SBrkr,1940,0,0,1940,1,0,2,1,3,1,Ex,8,Typ,1,Gd,2010,Fin,3,606,TA,168,95,0,0,0,0,NA,0,4,2010,395192
989,,12046.00465,12046,Inside,1Fam,2Story,6,6,1976,1976,Plywood,Plywood,BrkFace,298,TA,TA,CBlock,TA,TA,No,LwQ,156,0,692,848,Y,SBrkr,1118,912,0,2030,0,0,2,1,4,1,Gd,8,Typ,1,TA,1976,Fin,2,551,TA,0,224,0,0,0,0,NA,0,6,2007,195000
990,65,8125.945147,8125,Inside,1Fam,2Story,7,5,2006,2006,VinylSd,VinylSd,None,0,Gd,TA,PConc,Gd,Gd,No,Unf,0,0,770,770,Y,SBrkr,778,798,0,1576,0,0,2,1,3,1,Gd,6,Typ,0,NA,2006,RFn,2,614,TA,0,50,0,0,0,0,NA,0,8,2006,197000
991,82,9452.932019,9452,Inside,1Fam,2Story,8,5,1997,1998,VinylSd,VinylSd,BrkFace,423,Gd,TA,PConc,Gd,TA,No,GLQ,1074,0,322,1396,Y,SBrkr,1407,985,0,2392,1,0,2,1,3,1,Gd,7,Typ,1,TA,1997,Fin,3,870,TA,0,70,0,0,0,0,NA,0,6,2006,348000
992,121,17671.67686,17671,Corner,1Fam,2Story,8,9,1882,1986,Wd Sdng,Wd Sdng,None,0,Gd,Gd,BrkTil,TA,TA,No,BLQ,216,0,700,916,Y,SBrkr,916,826,0,1742,0,0,1,1,4,1,Gd,8,Typ,1,Gd,1925,Unf,2,424,TA,0,169,0,0,0,0,NA,0,11,2009,168000
993,80,9760.118126,9760,Inside,1Fam,2Story,6,8,1964,1993,Wd Sdng,Wd Sdng,BrkFace,340,TA,TA,CBlock,TA,TA,Gd,BLQ,536,117,169,822,Y,SBrkr,1020,831,0,1851,0,0,2,1,3,1,Gd,7,Typ,1,Fa,1964,RFn,2,440,TA,239,42,0,0,0,0,NA,0,7,2007,187000
994,68,8846.382315,8846,Inside,1Fam,2Story,6,5,2005,2006,VinylSd,VinylSd,None,0,TA,TA,PConc,Gd,TA,No,Unf,0,0,750,750,Y,SBrkr,750,750,0,1500,0,0,2,1,3,1,Gd,6,Typ,0,NA,2005,RFn,2,564,TA,0,35,0,0,0,0,NA,0,8,2006,173900
995,96,12456.08012,12456,FR2,1Fam,1Story,10,5,2006,2007,CemntBd,CmentBd,Stone,230,Ex,TA,PConc,Ex,TA,Gd,GLQ,1172,0,528,1700,Y,SBrkr,1718,0,0,1718,1,0,2,0,3,1,Ex,7,Typ,1,Gd,2008,Fin,3,786,TA,216,48,0,0,0,0,NA,0,7,2009,337500
996,51,4712.64526,4712,Inside,1Fam,1.5Fin,4,7,1946,1950,MetalSd,MetalSd,None,0,TA,TA,CBlock,TA,TA,No,ALQ,384,0,363,747,Y,SBrkr,774,456,0,1230,1,0,1,1,3,1,TA,5,Typ,0,NA,1946,Unf,1,305,TA,0,57,0,0,63,0,NA,0,8,2006,121600
997,,10659.67443,10659,Inside,1Fam,1Story,5,6,1961,1961,Wd Sdng,Wd Sdng,None,0,TA,TA,CBlock,TA,TA,No,Rec,915,0,135,1050,Y,SBrkr,1050,0,0,1050,1,0,1,0,3,1,TA,6,Typ,0,NA,1961,Unf,1,368,TA,0,319,0,0,0,0,NA,0,1,2006,136500
998,,11717.28802,11717,Inside,1Fam,1Story,6,6,1970,1970,HdBoard,HdBoard,BrkFace,571,TA,TA,CBlock,TA,TA,No,Unf,0,0,1442,1442,Y,SBrkr,1442,0,0,1442,0,0,2,0,2,1,TA,6,Typ,1,TA,1970,RFn,2,615,TA,371,0,0,0,0,0,NA,0,2,2009,185000
999,60,9786.881687,9786,Inside,1Fam,1Story,3,4,1922,1950,Wd Sdng,Wd Sdng,None,0,TA,TA,BrkTil,TA,Fa,No,Unf,0,0,1007,1007,N,SBrkr,1077,0,0,1077,0,0,1,0,3,1,TA,6,Typ,1,Gd,1922,Unf,1,210,TA,0,100,48,0,0,0,NA,0,5,2006,91000
1000,64,6762.931524,6762,Inside,1Fam,1Story,7,5,2006,2006,VinylSd,VinylSd,Stone,24,Gd,TA,PConc,Gd,TA,Av,GLQ,686,0,501,1187,Y,SBrkr,1208,0,0,1208,1,0,2,0,2,1,Gd,6,Typ,0,NA,2006,RFn,2,632,TA,105,61,0,0,0,0,NA,0,2,2010,206000
1001,74,10206.48623,10206,Corner,1Fam,1Story,3,3,1952,1952,BrkComm,Brk Cmn,None,0,TA,TA,Slab,NA,NA,NA,NA,0,0,0,0,N,FuseF,944,0,0,944,0,0,1,0,2,1,Fa,4,Min1,0,NA,1956,Unf,2,528,TA,0,0,0,0,0,0,NA,0,7,2009,82000
1002,60,5400.301395,5400,Corner,1Fam,1Story,5,6,1920,1950,Wd Sdng,Wd Sdng,None,0,TA,TA,BrkTil,Fa,TA,No,Unf,0,0,691,691,Y,FuseA,691,0,0,691,0,0,1,0,2,1,Ex,4,Typ,0,NA,1920,Unf,1,216,Fa,0,20,94,0,0,0,NA,0,1,2007,86000
1003,75,11957.51096,11957,Inside,1Fam,1Story,8,5,2006,2006,VinylSd,VinylSd,BrkFace,53,Gd,TA,PConc,Gd,TA,No,GLQ,24,0,1550,1574,Y,SBrkr,1574,0,0,1574,0,0,2,0,3,1,Gd,7,Typ,1,Gd,2006,RFn,3,824,TA,144,104,0,0,0,0,NA,0,7,2008,232000
1004,,11500.94693,11500,Corner,Duplex,1Story,5,6,1976,1976,VinylSd,VinylSd,BrkFace,164,TA,TA,CBlock,TA,TA,No,Unf,0,0,1680,1680,Y,SBrkr,1680,0,0,1680,0,0,2,0,4,2,TA,8,Typ,0,NA,1976,Unf,2,528,TA,0,0,0,0,0,0,NA,0,6,2007,136905
1005,43,3182.865596,3182,Inside,TwnhsE,1Story,7,5,2005,2006,VinylSd,VinylSd,BrkFace,16,Gd,TA,PConc,Gd,TA,No,GLQ,16,0,1330,1346,Y,SBrkr,1504,0,0,1504,0,0,2,0,1,1,Gd,7,Typ,1,Gd,2005,Fin,2,457,TA,156,0,0,0,0,0,NA,0,5,2009,181000
1006,65,8385.136497,8385,Inside,1Fam,SLvl,5,8,1977,1977,HdBoard,HdBoard,BrkFace,220,Gd,TA,CBlock,Gd,Gd,Av,GLQ,595,0,390,985,Y,SBrkr,985,0,0,985,0,0,2,0,3,1,TA,6,Typ,0,NA,1977,Unf,1,328,TA,210,0,0,0,0,0,NA,0,11,2008,149900
1007,,12155.69357,12155,Inside,1Fam,1Story,6,3,1970,1970,Plywood,Plywood,None,0,TA,TA,CBlock,Gd,TA,No,LwQ,1237,0,420,1657,Y,SBrkr,1657,0,0,1657,0,1,2,0,3,1,TA,7,Typ,1,TA,1970,Unf,2,484,TA,0,0,0,0,147,0,NA,0,3,2007,163500
1008,21,2217.021553,2217,Inside,TwnhsE,2Story,4,4,1970,1970,CemntBd,CmentBd,None,0,TA,TA,CBlock,TA,TA,No,BLQ,273,273,0,546,Y,SBrkr,546,546,0,1092,0,0,1,1,3,1,TA,6,Typ,0,NA,1970,RFn,1,286,TA,238,0,0,0,0,0,NA,0,8,2009,88000
1009,43,12118.54562,12118,CulDSac,1Fam,1Story,7,5,2004,2005,VinylSd,VinylSd,Stone,108,Gd,TA,PConc,Ex,TA,Mn,Unf,0,0,1710,1710,Y,SBrkr,1710,0,0,1710,0,0,2,0,3,1,Gd,7,Typ,1,Gd,2004,Fin,2,550,TA,100,48,0,0,180,0,NA,0,4,2009,240000
1010,60,6000.601656,6000,Inside,1Fam,1.5Fin,5,5,1926,1950,Wd Sdng,Wd Sdng,None,0,TA,Fa,BrkTil,TA,TA,No,Unf,0,0,1008,1008,Y,SBrkr,1008,0,514,1522,0,0,2,0,4,1,TA,7,Typ,0,NA,NA,NA,0,0,NA,0,0,138,0,0,0,NA,0,6,2006,102000
1011,115,21286.6533,21286,Inside,1Fam,1.5Fin,5,5,1948,1950,Wd Sdng,Wd Sdng,None,0,TA,TA,CBlock,TA,TA,No,Unf,0,0,720,720,Y,SBrkr,720,551,0,1271,0,0,2,0,4,1,TA,7,Typ,1,Gd,1948,Unf,1,312,TA,0,0,108,0,0,0,NA,0,8,2008,135000
1012,75,9825.282675,9825,Inside,Duplex,1Story,5,5,1965,1965,AsphShn,AsphShn,None,0,TA,TA,CBlock,NA,NA,NA,NA,0,0,0,0,N,SBrkr,1664,0,0,1664,0,0,2,0,4,2,TA,8,Typ,0,NA,NA,NA,0,0,NA,0,0,0,0,0,0,NA,0,5,2010,100000
1013,55,10592.06468,10592,Inside,1Fam,2Story,6,7,1923,1996,Wd Sdng,Wd Sdng,None,0,TA,Gd,PConc,TA,Fa,No,Unf,0,0,602,602,Y,SBrkr,900,602,0,1502,0,0,1,1,3,1,Gd,7,Typ,2,TA,1923,Unf,1,180,TA,96,0,112,0,53,0,NA,0,8,2007,165000
1014,60,7200.686047,7200,Inside,1Fam,1Story,5,4,1910,2006,MetalSd,Stucco,None,0,TA,TA,BrkTil,TA,TA,No,ALQ,247,465,310,1022,N,SBrkr,1022,0,0,1022,1,0,1,0,2,1,TA,4,Maj2,0,NA,1956,Unf,1,280,TA,0,30,226,0,0,0,NA,0,6,2009,85000
1015,60,11664.28062,11664,Inside,1Fam,1Story,6,5,1948,1950,MetalSd,MetalSd,BrkFace,206,TA,TA,CBlock,TA,Fa,No,BLQ,336,0,746,1082,Y,SBrkr,1082,0,0,1082,0,0,1,0,2,1,TA,5,Typ,1,Gd,1948,Unf,1,240,TA,0,130,0,0,0,0,NA,0,11,2007,119200
1016,70,8400.952569,8400,Inside,1Fam,2Story,8,6,2001,2001,VinylSd,VinylSd,None,0,Gd,TA,PConc,Gd,TA,No,GLQ,643,0,167,810,Y,SBrkr,810,855,0,1665,1,0,2,1,3,1,Gd,6,Typ,0,NA,2001,Fin,2,528,TA,0,45,0,0,0,0,NA,0,11,2009,227000
1017,73,11883.79133,11883,Inside,1Fam,1Story,7,5,1996,1996,VinylSd,VinylSd,BrkFace,196,Gd,TA,PConc,Gd,TA,Gd,GLQ,690,0,814,1504,Y,SBrkr,1504,0,0,1504,1,0,2,0,3,1,Gd,6,Typ,1,TA,1996,Fin,2,478,TA,115,66,0,0,0,0,NA,0,6,2009,203000
1018,,5814.782273,5814,CulDSac,TwnhsE,1Story,8,5,1984,1984,HdBoard,HdBoard,None,0,Gd,TA,CBlock,Gd,TA,Av,GLQ,1036,0,184,1220,Y,SBrkr,1360,0,0,1360,1,0,1,0,1,1,Gd,4,Typ,1,Ex,1984,RFn,2,565,TA,63,0,0,0,0,0,NA,0,8,2009,187500
1019,,10784.75831,10784,FR2,1Fam,SLvl,7,5,1991,1992,HdBoard,HdBoard,BrkFace,76,Gd,TA,PConc,Gd,TA,No,Unf,0,0,384,384,Y,SBrkr,802,670,0,1472,0,0,2,1,3,1,Gd,7,Typ,1,TA,1991,RFn,2,402,TA,164,0,0,0,0,0,NA,0,5,2007,160000
1020,43,3013.382944,3013,Inside,TwnhsE,1Story,7,5,2005,2005,VinylSd,VinylSd,BrkFace,145,Gd,TA,PConc,Gd,TA,Gd,GLQ,16,0,1346,1362,Y,SBrkr,1506,0,0,1506,0,0,2,0,2,1,Gd,6,Typ,1,Gd,2005,Fin,2,440,TA,142,20,0,0,0,0,NA,0,4,2006,213490
1021,60,7024.170979,7024,Inside,1Fam,1Story,4,5,2005,2005,VinylSd,VinylSd,None,0,TA,TA,PConc,Gd,TA,No,GLQ,1024,0,108,1132,Y,SBrkr,1132,0,0,1132,1,0,1,1,2,1,Gd,5,Typ,0,NA,2005,Fin,2,451,TA,252,64,0,0,0,0,NA,0,6,2008,176000
1022,64,7406.962345,7406,Inside,1Fam,1Story,7,5,2006,2006,VinylSd,VinylSd,Stone,84,Gd,TA,PConc,Gd,TA,Av,GLQ,684,0,515,1199,Y,SBrkr,1220,0,0,1220,1,0,2,0,2,1,Gd,6,Typ,0,NA,2006,RFn,2,632,TA,105,54,0,0,0,0,NA,0,7,2006,194000
1023,52,9439.485373,9439,Inside,1Fam,1.5Fin,5,5,1930,1950,Wd Sdng,Wd Sdng,None,0,TA,TA,CBlock,TA,TA,No,LwQ,324,0,588,912,Y,FuseA,912,336,0,1248,0,0,1,0,2,1,TA,6,Typ,0,NA,1957,Unf,1,160,Fa,0,0,192,0,0,0,NA,0,3,2007,87000
1024,43,3182.320116,3182,Inside,TwnhsE,1Story,7,5,2005,2006,VinylSd,VinylSd,BrkFace,14,Gd,TA,PConc,Gd,Gd,No,GLQ,16,0,1330,1346,Y,SBrkr,1504,0,0,1504,0,0,2,0,2,1,Gd,7,Typ,1,Gd,2005,Fin,2,437,TA,156,20,0,0,0,0,NA,0,5,2008,191000
1025,,15498.83506,15498,Corner,1Fam,1Story,8,6,1976,1976,Stone,HdBoard,None,0,Gd,TA,CBlock,Gd,TA,Av,ALQ,1165,400,0,1565,Y,SBrkr,2898,0,0,2898,1,0,2,0,2,1,Gd,10,Typ,1,Gd,1976,Fin,2,665,TA,0,72,174,0,0,0,NA,0,5,2008,287000
1026,70,7700.979329,7700,Corner,1Fam,1Story,5,5,1972,1972,VinylSd,VinylSd,None,0,TA,TA,CBlock,TA,TA,No,LwQ,138,468,276,882,Y,SBrkr,882,0,0,882,1,0,1,0,3,1,TA,5,Typ,0,NA,1980,Unf,2,461,TA,96,0,0,0,0,0,NA,0,3,2007,112500
1027,73,9300.90354,9300,Inside,1Fam,1Story,5,5,1960,1960,MetalSd,HdBoard,BrkFace,324,TA,TA,CBlock,TA,TA,No,Rec,697,0,571,1268,Y,SBrkr,1264,0,0,1264,1,0,1,0,3,1,TA,6,Typ,2,Gd,1960,Unf,2,461,TA,0,0,0,0,143,0,NA,0,4,2010,167500
1028,71,9520.477951,9520,Inside,1Fam,1Story,8,5,2007,2008,VinylSd,VinylSd,Stone,338,Gd,TA,PConc,Gd,TA,Gd,GLQ,1513,0,125,1638,Y,SBrkr,1646,0,0,1646,1,0,2,0,3,1,Gd,7,Typ,1,Gd,2008,RFn,3,800,TA,192,44,0,0,0,0,NA,0,4,2008,293077
1029,79,9492.929452,9492,Inside,1Fam,1.5Fin,5,5,1941,1950,WdShing,Wd Shng,None,0,TA,TA,CBlock,TA,TA,No,Rec,368,41,359,768,Y,SBrkr,968,408,0,1376,1,0,1,0,3,1,TA,6,Typ,1,Gd,1941,Unf,1,240,TA,0,0,0,0,0,0,NA,0,4,2007,105000
1030,21,1680.328068,1680,Inside,Twnhs,2Story,6,7,1972,1972,HdBoard,HdBoard,BrkFace,281,TA,TA,CBlock,TA,TA,No,BLQ,317,0,355,672,Y,SBrkr,672,546,0,1218,0,1,1,1,3,1,TA,7,Typ,0,NA,1972,Unf,1,264,TA,0,28,0,0,0,0,NA,0,5,2006,118000
1031,,7082.749446,7082,Inside,2fmCon,2Story,5,8,1916,1995,VinylSd,VinylSd,None,0,TA,TA,PConc,TA,TA,Mn,Unf,0,0,686,686,Y,SBrkr,948,980,0,1928,0,0,2,0,5,2,TA,10,Typ,0,NA,NA,NA,0,0,NA,0,0,228,0,0,0,NA,0,7,2006,160000
1032,102,15863.48489,15863,Corner,1Fam,2.5Fin,7,3,1920,1970,Wd Sdng,Plywood,None,0,TA,TA,BrkTil,TA,TA,No,GLQ,523,0,301,824,Y,SBrkr,1687,998,397,3082,1,0,2,1,5,1,TA,12,Typ,2,TA,1970,Fin,2,672,TA,136,63,0,0,0,0,NA,0,8,2009,197000
1033,,14541.39065,14541,Corner,1Fam,2Story,8,7,1993,1993,MetalSd,MetalSd,None,0,Gd,Gd,PConc,Gd,Gd,No,GLQ,1012,0,326,1338,Y,SBrkr,1352,1168,0,2520,1,0,2,1,5,1,Gd,10,Typ,1,TA,1993,RFn,3,796,TA,209,55,0,0,0,0,NA,0,11,2006,310000
1034,,8125.265753,8125,Inside,1Fam,1Story,7,5,2002,2002,VinylSd,VinylSd,Stone,295,Gd,TA,PConc,Gd,TA,No,GLQ,986,0,668,1654,Y,SBrkr,1654,0,0,1654,1,0,2,0,3,1,Gd,6,Typ,0,NA,2002,Unf,3,900,TA,0,136,0,0,0,0,NA,0,2,2006,230000
1035,50,6305.33074,6305,Inside,1Fam,1Story,5,7,1938,1950,MetalSd,MetalSd,None,0,TA,Gd,PConc,Fa,Fa,No,Unf,0,0,920,920,Y,SBrkr,954,0,0,954,0,0,1,0,2,1,Fa,5,Typ,1,Gd,1938,Unf,1,240,Fa,0,0,0,0,0,0,NA,0,6,2007,119750
1036,,11500.66691,11500,CulDSac,1Fam,1Story,4,3,1957,1957,Wd Sdng,Wd Sdng,None,0,TA,Gd,Slab,NA,NA,NA,NA,0,0,0,0,N,SBrkr,845,0,0,845,0,0,1,0,3,1,TA,5,Typ,0,NA,1957,Unf,1,290,TA,186,0,0,0,0,0,NA,0,1,2009,84000
1037,89,12898.92681,12898,Inside,1Fam,1Story,9,5,2007,2008,VinylSd,VinylSd,Stone,70,Gd,TA,PConc,Ex,TA,Gd,GLQ,1022,0,598,1620,Y,SBrkr,1620,0,0,1620,1,0,2,0,2,1,Ex,6,Typ,1,Ex,2008,Fin,3,912,TA,228,0,0,0,0,0,NA,0,9,2009,315500
1038,,9240.166786,9240,Inside,1Fam,2Story,8,5,2001,2002,VinylSd,VinylSd,BrkFace,396,Gd,TA,PConc,Gd,TA,No,Unf,0,0,1055,1055,Y,SBrkr,1055,1208,0,2263,0,0,2,1,3,1,Gd,7,Typ,1,TA,2001,Fin,2,905,TA,0,45,0,0,189,0,NA,0,9,2008,287000
1039,21,1533.655888,1533,Inside,Twnhs,2Story,4,6,1970,2008,CemntBd,CmentBd,None,0,TA,TA,CBlock,TA,TA,No,Unf,0,0,546,546,Y,SBrkr,798,546,0,1344,0,0,1,1,3,1,TA,6,Typ,1,TA,NA,NA,0,0,NA,0,0,0,0,0,0,NA,0,5,2009,97000
1040,21,1477.929921,1477,Inside,TwnhsE,SFoyer,4,4,1970,1970,CemntBd,CmentBd,None,0,TA,TA,CBlock,Gd,TA,Av,GLQ,509,0,121,630,Y,SBrkr,630,0,0,630,1,0,1,0,1,1,TA,3,Typ,0,NA,1970,Unf,1,286,TA,0,0,0,0,0,0,NA,0,4,2009,80000
1041,88,13125.14512,13125,Corner,1Fam,1Story,5,4,1957,2000,Wd Sdng,Wd Sdng,BrkCmn,67,TA,TA,CBlock,TA,TA,No,Rec,168,682,284,1134,Y,SBrkr,1803,0,0,1803,1,0,2,0,3,1,TA,8,Maj1,1,TA,1957,RFn,2,484,TA,0,0,0,0,0,0,NA,0,1,2006,155000
1042,,9130.966213,9130,Inside,1Fam,2Story,6,8,1966,2000,HdBoard,HdBoard,BrkFace,252,TA,TA,CBlock,TA,TA,No,GLQ,400,64,336,800,Y,SBrkr,800,832,0,1632,0,1,1,1,4,1,Gd,7,Typ,0,NA,1966,Unf,2,484,TA,0,40,0,0,0,0,NA,0,7,2008,173000
1043,34,5381.635126,5381,Inside,Twnhs,1Story,6,5,2005,2005,VinylSd,VinylSd,Stone,135,Gd,TA,PConc,Gd,TA,Av,ALQ,900,0,406,1306,Y,SBrkr,1306,0,0,1306,1,0,2,0,1,1,Gd,5,Typ,1,Gd,2005,RFn,2,624,TA,170,63,0,0,0,0,NA,0,8,2009,196000
1044,86,11839.21333,11839,Inside,1Fam,2Story,7,5,1990,1990,HdBoard,HdBoard,BrkFace,99,TA,TA,PConc,Gd,TA,No,GLQ,1085,0,390,1475,Y,SBrkr,1532,797,0,2329,1,0,2,1,4,1,Gd,10,Typ,1,Ex,1990,Unf,2,514,TA,192,121,0,0,0,0,NA,0,5,2008,262280
1045,80,9600.607971,9600,Inside,1Fam,1Story,8,5,1981,1981,BrkFace,BrkFace,None,0,Gd,TA,PConc,Gd,TA,No,ALQ,1104,0,1420,2524,Y,SBrkr,2524,0,0,2524,1,0,2,1,4,1,Gd,9,Typ,1,Gd,1981,Fin,2,542,TA,474,120,0,0,0,0,NA,0,7,2009,278000
1046,,13680.73218,13680,CulDSac,1Fam,1Story,3,5,1955,1955,BrkFace,Wd Sdng,None,0,TA,TA,Slab,NA,NA,NA,NA,0,0,0,0,Y,FuseA,1733,0,0,1733,0,0,2,0,4,1,TA,8,Min2,1,Gd,1955,Unf,2,452,TA,0,0,0,0,0,0,NA,0,6,2009,139600
1047,85,16056.11392,16056,Inside,1Fam,2Story,9,5,2005,2006,CemntBd,CmentBd,Stone,208,Gd,TA,PConc,Ex,TA,Av,GLQ,240,0,1752,1992,Y,SBrkr,1992,876,0,2868,0,0,3,1,4,1,Ex,11,Typ,1,Gd,2005,Fin,3,716,TA,214,108,0,0,0,0,NA,0,7,2006,556581
1048,57,9245.600459,9245,Inside,1Fam,1Story,5,5,1994,1995,VinylSd,VinylSd,None,0,TA,TA,PConc,Gd,TA,No,GLQ,686,0,304,990,Y,SBrkr,990,0,0,990,0,1,1,0,3,1,TA,5,Typ,0,NA,1996,Unf,2,672,TA,0,0,0,0,0,0,NA,0,2,2008,145000
1049,100,21750.5973,21750,Inside,1Fam,1Story,5,4,1960,2006,HdBoard,HdBoard,BrkFace,75,TA,Fa,Slab,NA,NA,NA,NA,0,0,0,0,Y,SBrkr,1771,0,0,1771,0,0,1,0,3,1,TA,9,Min1,1,TA,1960,Unf,2,336,TA,0,0,0,0,0,0,NA,0,11,2009,115000
1050,60,11100.60024,11100,Inside,1Fam,1Story,4,7,1946,2006,MetalSd,MetalSd,None,0,TA,TA,CBlock,NA,NA,NA,NA,0,0,0,0,Y,SBrkr,930,0,0,930,0,0,1,0,2,1,Gd,6,Typ,0,NA,1946,Unf,1,308,TA,0,0,0,0,0,0,NA,0,4,2010,84900
1051,73,8993.200501,8993,Inside,1Fam,1Story,7,5,2007,2007,VinylSd,VinylSd,None,0,Gd,TA,PConc,Gd,TA,Av,Unf,0,0,1302,1302,Y,SBrkr,1302,0,0,1302,0,0,2,0,3,1,Gd,6,Typ,0,NA,2007,Fin,2,436,TA,0,22,0,0,0,0,NA,0,8,2007,176485
1052,103,11175.19225,11175,Corner,1Fam,1Story,7,5,2007,2007,VinylSd,VinylSd,None,0,Gd,TA,PConc,Gd,TA,Av,Unf,0,0,1316,1316,Y,SBrkr,1316,0,0,1316,0,0,2,0,3,1,Gd,6,Typ,1,Gd,2007,Fin,2,440,TA,0,20,0,0,0,0,NA,0,10,2007,200141
1053,100,9500.019907,9500,Corner,1Fam,2Story,6,6,1964,1978,VinylSd,VinylSd,BrkCmn,272,TA,TA,CBlock,TA,TA,No,Rec,442,0,374,816,Y,SBrkr,1127,850,0,1977,0,1,1,1,4,1,TA,9,Typ,1,TA,1964,RFn,2,540,TA,0,52,0,0,0,0,NA,0,6,2007,165000
1054,68,8562.400911,8562,Inside,1Fam,1Story,5,6,1957,2002,HdBoard,HdBoard,Stone,145,TA,TA,CBlock,TA,TA,Av,Rec,383,0,833,1216,Y,FuseA,1526,0,0,1526,0,0,1,0,4,1,TA,7,Min2,1,Gd,1957,Unf,1,364,TA,116,78,0,0,0,0,NA,0,5,2010,144500
1055,90,11367.20558,11367,Corner,1Fam,2Story,8,5,2002,2002,VinylSd,VinylSd,BrkFace,210,Gd,TA,PConc,Gd,TA,Mn,GLQ,932,0,133,1065,Y,SBrkr,1091,898,0,1989,1,0,2,1,3,1,Gd,7,Typ,1,Gd,2002,Fin,2,586,TA,199,60,0,0,0,0,NA,0,11,2006,255000
1056,104,11361.2774,11361,Inside,1Fam,1Story,6,5,1976,1976,Plywood,Plywood,BrkFace,160,TA,TA,CBlock,Gd,TA,No,ALQ,644,0,549,1193,Y,SBrkr,1523,0,0,1523,0,1,2,0,3,1,TA,7,Typ,1,TA,1976,Fin,2,478,TA,0,0,0,0,189,0,NA,0,5,2008,180000
1057,43,7052.196096,7052,Inside,TwnhsE,1Story,7,5,2005,2005,VinylSd,VinylSd,Stone,240,Gd,TA,PConc,Gd,TA,Av,GLQ,659,0,705,1364,Y,SBrkr,1364,0,0,1364,1,0,2,0,2,1,Gd,6,Typ,1,Gd,2005,RFn,2,484,TA,192,36,0,0,0,0,NA,0,6,2006,185850
1058,,29959.31689,29959,FR2,1Fam,2Story,7,6,1994,1994,HdBoard,HdBoard,None,0,Gd,TA,PConc,Gd,TA,No,GLQ,595,0,378,973,Y,SBrkr,979,871,0,1850,0,0,2,1,3,1,Gd,7,Typ,1,Gd,1994,Fin,2,467,TA,168,98,0,0,0,0,NA,0,1,2009,248000
1059,96,11308.52484,11308,Inside,1Fam,2Story,9,5,2008,2008,VinylSd,VinylSd,Stone,154,Ex,TA,PConc,Ex,TA,Av,GLQ,936,0,168,1104,Y,SBrkr,1130,1054,0,2184,1,0,2,1,3,1,Ex,10,Typ,1,Gd,2008,Fin,3,836,TA,0,102,0,0,0,0,NA,0,7,2009,335000
1060,,11275.16499,11275,Corner,1Fam,1.5Fin,6,7,1932,1950,MetalSd,MetalSd,BrkFace,480,TA,TA,CBlock,TA,TA,Mn,Rec,297,557,0,854,Y,SBrkr,1096,895,0,1991,0,0,1,1,3,1,TA,7,Typ,1,Gd,1977,Unf,2,432,TA,0,0,19,0,0,0,NA,0,3,2007,220000
1061,41,4920.239794,4920,Inside,TwnhsE,1Story,8,5,2001,2001,CemntBd,CmentBd,None,0,Gd,TA,PConc,Gd,TA,Mn,GLQ,616,0,722,1338,Y,SBrkr,1338,0,0,1338,1,0,2,0,2,1,Gd,6,Typ,0,NA,2001,Fin,2,582,TA,0,0,170,0,0,0,NA,0,4,2010,213500
1062,120,18000.81734,18000,Inside,1Fam,1Story,3,4,1935,1950,MetalSd,MetalSd,None,0,Fa,TA,CBlock,TA,TA,No,Unf,0,0,894,894,Y,SBrkr,894,0,0,894,0,0,1,0,2,1,TA,6,Typ,0,NA,1994,RFn,3,1248,TA,0,20,0,0,0,0,Shed,560,8,2008,81000
1063,85,13600.96392,13600,Inside,2fmCon,2Story,5,5,1900,1950,Wd Sdng,Wd Sdng,None,0,TA,TA,BrkTil,TA,TA,No,Unf,0,0,662,662,N,SBrkr,1422,915,0,2337,0,0,2,0,5,2,TA,10,Min2,0,NA,1945,Unf,2,560,TA,0,57,0,0,0,0,NA,0,9,2007,90000
1064,50,6000.284982,6000,Inside,1Fam,1Story,6,6,1925,1980,MetalSd,MetalSd,None,0,TA,Gd,BrkTil,TA,TA,No,BLQ,397,0,706,1103,Y,SBrkr,1103,0,0,1103,0,0,1,0,2,1,Gd,5,Typ,1,Gd,1976,Unf,2,440,TA,166,120,0,0,0,0,NA,0,7,2006,110500
1065,,11000.36036,11000,CulDSac,1Fam,1Story,5,6,1966,1966,Plywood,Plywood,BrkFace,200,TA,TA,CBlock,TA,TA,Mn,BLQ,740,230,184,1154,Y,SBrkr,1154,0,0,1154,0,0,1,1,3,1,TA,6,Typ,1,Po,1966,RFn,2,480,TA,0,58,0,0,0,0,NA,0,11,2009,154000
1066,80,14000.93415,14000,Inside,1Fam,2Story,7,5,1996,1997,Wd Sdng,Wd Sdng,None,0,Gd,TA,PConc,Ex,TA,Gd,GLQ,1201,0,105,1306,Y,SBrkr,1306,954,0,2260,1,0,2,1,3,1,Gd,7,Typ,0,NA,1996,RFn,2,533,TA,296,44,0,0,0,0,NA,0,4,2010,328000
1067,59,7837.330838,7837,Inside,1Fam,2Story,6,7,1993,1994,VinylSd,VinylSd,None,0,Gd,TA,PConc,Gd,TA,No,Unf,0,0,799,799,Y,SBrkr,799,772,0,1571,0,0,2,1,3,1,TA,7,Typ,1,TA,1993,RFn,2,380,TA,0,40,0,0,0,0,NA,0,5,2009,178000
1068,80,9760.807499,9760,Inside,1Fam,2Story,6,6,1964,1964,HdBoard,HdBoard,BrkFace,360,TA,TA,CBlock,TA,TA,Gd,GLQ,674,106,0,780,Y,SBrkr,798,813,0,1611,1,0,1,1,4,1,TA,7,Typ,0,NA,1964,RFn,2,442,TA,328,128,0,0,189,0,NA,0,6,2008,167900
1069,42,3964.694657,3964,Inside,TwnhsE,2Story,6,4,1973,1973,CemntBd,CmentBd,None,0,TA,TA,CBlock,Gd,TA,No,ALQ,837,0,105,942,Y,SBrkr,1291,1230,0,2521,1,0,2,1,5,1,TA,10,Maj1,1,Gd,1973,Fin,2,576,TA,728,20,0,0,0,0,NA,0,6,2006,151400
1070,60,9600.668522,9600,Inside,1Fam,1.5Unf,5,7,1949,2003,MetalSd,MetalSd,None,0,TA,TA,CBlock,TA,TA,No,ALQ,220,0,625,845,Y,SBrkr,893,0,0,893,0,1,1,0,2,1,Gd,4,Typ,0,NA,1985,Unf,2,576,TA,0,0,0,0,0,0,NA,0,5,2007,135000
1071,72,10152.60202,10152,Inside,1Fam,1Story,5,5,1956,1956,MetalSd,MetalSd,BrkFace,120,TA,TA,CBlock,TA,TA,No,BLQ,586,0,462,1048,Y,SBrkr,1048,0,0,1048,1,0,1,0,3,1,TA,6,Typ,0,NA,1956,Unf,1,286,TA,0,20,0,0,192,0,NA,0,6,2007,135000
1072,78,11700.08355,11700,Inside,1Fam,2Story,6,6,1968,1968,MetalSd,MetalSd,None,0,TA,TA,CBlock,TA,TA,No,Rec,298,0,429,727,Y,SBrkr,829,727,0,1556,0,0,1,1,4,1,TA,8,Typ,0,NA,1968,Unf,2,441,TA,0,0,0,0,0,0,NA,0,5,2009,154000
1073,50,7585.2125,7585,Inside,1Fam,1.5Fin,5,3,1948,1950,MetalSd,MetalSd,None,0,TA,TA,CBlock,Fa,Fa,Mn,Unf,0,0,810,810,Y,FuseA,1002,454,0,1456,1,1,1,0,4,1,TA,7,Typ,1,TA,1954,Unf,1,280,TA,0,0,0,0,0,0,NA,0,8,2006,91500
1074,75,7950.946485,7950,Corner,1Fam,2Story,6,6,1977,1977,HdBoard,Plywood,BrkFace,140,TA,TA,CBlock,TA,TA,No,BLQ,535,0,155,690,Y,SBrkr,698,728,0,1426,0,0,1,1,3,1,TA,6,Typ,0,NA,1977,Fin,2,440,TA,252,0,0,0,0,0,NA,0,7,2009,159500
1075,74,8556.605987,8556,Inside,1Fam,1Story,7,5,2006,2006,VinylSd,VinylSd,None,0,Gd,TA,PConc,Gd,TA,Av,Unf,0,0,1240,1240,Y,SBrkr,1240,0,0,1240,0,0,2,0,2,1,Gd,5,Typ,0,NA,2006,RFn,3,826,TA,140,93,0,0,0,0,NA,0,5,2007,194000
1076,75,13125.66777,13125,Inside,1Fam,2Story,7,6,1940,1984,Wd Sdng,Wd Sdng,None,0,TA,TA,CBlock,TA,TA,No,BLQ,410,0,390,800,Y,SBrkr,960,780,0,1740,0,0,1,1,3,1,TA,6,Typ,2,Gd,1940,Unf,1,240,TA,0,0,0,0,0,0,NA,0,7,2007,219500
1077,60,10800.82942,10800,Inside,1Fam,1.5Fin,5,8,1936,1989,Wd Sdng,Wd Sdng,None,0,TA,TA,CBlock,Fa,TA,No,ALQ,626,0,170,796,Y,SBrkr,1096,370,0,1466,0,1,2,0,3,1,Gd,7,Min1,1,TA,1950,Unf,2,566,TA,436,21,0,0,0,0,Shed,500,4,2006,170000
1078,,15870.07757,15870,Corner,1Fam,1Story,5,5,1969,1969,VinylSd,Plywood,None,0,TA,TA,CBlock,TA,TA,Mn,BLQ,75,791,230,1096,Y,SBrkr,1096,0,0,1096,1,0,1,0,3,1,TA,6,Typ,0,NA,1969,Fin,1,299,TA,240,32,0,0,0,0,NA,0,3,2006,138800
1079,37,4435.962707,4435,Inside,TwnhsE,1Story,6,5,2004,2004,VinylSd,VinylSd,BrkFace,169,Gd,TA,PConc,Gd,TA,Mn,GLQ,662,0,186,848,Y,SBrkr,848,0,0,848,1,0,1,0,1,1,Gd,3,Typ,1,Gd,2004,RFn,2,420,TA,140,0,0,0,0,0,NA,0,5,2006,155900
1080,65,8775.548178,8775,Inside,1Fam,1Story,5,5,1994,1994,VinylSd,VinylSd,None,0,TA,TA,PConc,Gd,TA,No,GLQ,495,0,495,990,Y,SBrkr,990,0,0,990,0,0,1,0,3,1,TA,5,Typ,0,NA,1996,Unf,1,299,TA,0,64,0,0,0,0,NA,0,4,2007,126000
1081,80,11040.10777,11040,Inside,1Fam,1Story,6,7,1971,2004,VinylSd,VinylSd,BrkFace,144,Gd,Gd,CBlock,TA,TA,No,ALQ,656,0,602,1258,Y,SBrkr,1258,0,0,1258,0,1,2,0,3,1,Gd,5,Typ,0,NA,1971,RFn,2,528,TA,55,0,0,216,0,0,NA,0,10,2008,145000
1082,75,7500.113724,7500,Corner,1Fam,1Story,5,5,1963,1963,HdBoard,HdBoard,None,0,TA,TA,CBlock,TA,TA,No,ALQ,824,0,216,1040,Y,SBrkr,1040,0,0,1040,1,0,1,1,3,1,TA,5,Typ,0,NA,1963,Fin,1,308,TA,0,0,220,0,0,0,NA,0,6,2010,133000
1083,70,8749.96665,8749,Inside,1Fam,1Story,7,5,2002,2002,VinylSd,VinylSd,BrkFace,100,Gd,TA,PConc,Gd,TA,No,Unf,0,0,1459,1459,Y,SBrkr,1459,0,0,1459,0,0,2,0,3,1,Gd,6,Typ,1,Gd,2002,RFn,2,527,TA,192,39,0,0,0,0,NA,0,9,2007,192000
1084,80,8800.478319,8800,Inside,1Fam,1Story,6,6,1964,1964,HdBoard,HdBoard,BrkFace,425,TA,TA,CBlock,TA,TA,No,BLQ,553,0,698,1251,Y,SBrkr,1251,0,0,1251,1,0,1,0,3,1,TA,6,Typ,2,Gd,1964,RFn,1,461,TA,0,116,0,0,0,0,Shed,700,3,2006,160000
1085,,13031.83047,13031,Corner,1Fam,2Story,6,5,1995,1996,HdBoard,HdBoard,None,0,TA,TA,PConc,Gd,TA,No,ALQ,592,0,99,691,Y,SBrkr,691,807,0,1498,0,0,2,1,3,1,TA,6,Typ,1,TA,1995,Fin,2,409,TA,315,44,0,0,0,0,NA,0,7,2006,187500
1086,73,9069.853866,9069,Inside,1Fam,SFoyer,6,6,1992,1992,HdBoard,HdBoard,None,0,TA,TA,PConc,Gd,TA,Av,GLQ,747,0,189,936,Y,SBrkr,996,0,0,996,1,0,1,0,2,1,Gd,5,Typ,0,NA,1992,Unf,2,564,TA,120,0,0,0,0,0,NA,0,4,2010,147000
1087,,1974.20821,1974,Inside,TwnhsE,2Story,4,5,1973,1973,CemntBd,CmentBd,None,0,TA,TA,CBlock,TA,TA,No,BLQ,334,0,212,546,Y,SBrkr,546,546,0,1092,0,0,1,1,3,1,TA,6,Typ,0,NA,1973,RFn,1,286,TA,120,96,0,0,0,0,NA,0,5,2010,83500
1088,85,10574.98394,10574,Inside,1Fam,2Story,8,5,2005,2006,VinylSd,VinylSd,None,0,Gd,TA,PConc,Gd,TA,Mn,Unf,0,0,1082,1082,Y,SBrkr,1082,871,0,1953,0,0,2,1,3,1,Gd,9,Typ,1,Gd,2005,RFn,3,1043,TA,160,50,0,0,0,0,NA,0,5,2009,252000
1089,24,2522.291333,2522,Inside,Twnhs,2Story,7,5,2004,2004,VinylSd,VinylSd,Stone,50,Gd,TA,PConc,Gd,TA,No,Unf,0,0,970,970,Y,SBrkr,970,739,0,1709,0,0,2,0,3,1,Gd,7,Maj1,0,NA,2004,Unf,2,380,TA,0,40,0,0,0,0,NA,0,4,2006,137500
1090,37,3316.494552,3316,Inside,TwnhsE,1Story,8,5,2005,2005,MetalSd,MetalSd,None,0,Gd,TA,PConc,Gd,TA,No,GLQ,1039,0,208,1247,Y,SBrkr,1247,0,0,1247,1,0,1,1,1,1,Gd,4,Typ,1,Gd,2005,Fin,2,550,TA,0,84,0,0,0,0,NA,0,4,2006,197000
1091,60,8544.990737,8544,Corner,Duplex,1Story,3,4,1950,1950,BrkFace,BrkFace,None,0,TA,TA,Slab,NA,NA,NA,NA,0,0,0,0,N,FuseA,1040,0,0,1040,0,0,2,0,2,2,TA,6,Typ,0,NA,1987,Unf,2,400,TA,0,0,0,0,0,0,NA,0,6,2009,92900
1092,24,2160.699455,2160,Inside,Twnhs,2Story,7,5,1999,2000,MetalSd,MetalSd,BrkFace,212,Gd,TA,PConc,Gd,TA,No,BLQ,510,0,90,600,Y,SBrkr,624,628,0,1252,1,0,2,1,2,1,Gd,4,Typ,0,NA,1999,Unf,2,462,TA,0,48,0,0,0,0,NA,0,3,2008,160000
1093,60,8400.361688,8400,Inside,1Fam,1.5Fin,6,5,1925,1950,MetalSd,MetalSd,None,0,TA,TA,PConc,TA,TA,No,Rec,423,0,758,1181,Y,SBrkr,1390,304,0,1694,0,0,2,0,4,1,TA,7,Typ,1,Gd,1925,Unf,2,576,TA,342,0,128,0,0,0,NA,0,6,2008,136500
1094,71,9230.088222,9230,Corner,1Fam,1Story,5,8,1965,1998,MetalSd,MetalSd,BrkFace,166,TA,TA,CBlock,TA,TA,Mn,GLQ,661,0,203,864,Y,SBrkr,1200,0,0,1200,1,0,1,1,1,1,Gd,6,Typ,0,NA,1977,Unf,2,884,TA,0,64,0,0,0,0,NA,0,10,2006,146000
1095,74,5868.019425,5868,Inside,1Fam,1Story,5,7,1956,2000,MetalSd,MetalSd,None,0,TA,TA,CBlock,TA,TA,No,BLQ,248,240,448,936,Y,SBrkr,936,0,0,936,1,0,1,0,2,1,TA,4,Typ,0,NA,1956,Fin,1,308,TA,0,0,80,0,160,0,NA,0,5,2010,129000
1096,78,9317.178566,9317,Inside,1Fam,1Story,6,5,2006,2006,VinylSd,VinylSd,None,0,Gd,TA,PConc,Gd,TA,No,GLQ,24,0,1290,1314,Y,SBrkr,1314,0,0,1314,0,0,2,0,3,1,Gd,6,Typ,1,Gd,2006,RFn,2,440,TA,0,22,0,0,0,0,NA,0,3,2007,176432
1097,60,6882.265064,6882,Inside,1Fam,2Story,6,7,1914,2006,Wd Sdng,Wd Sdng,None,0,TA,TA,PConc,TA,TA,No,Unf,0,0,684,684,Y,SBrkr,773,582,0,1355,0,0,1,1,3,1,Gd,7,Typ,0,NA,NA,NA,0,0,NA,136,0,115,0,0,0,NA,0,3,2007,127000
1098,,3696.037976,3696,Inside,TwnhsE,1Story,8,5,1986,1986,HdBoard,HdBoard,None,0,Gd,TA,CBlock,Gd,TA,No,Unf,0,0,1074,1074,Y,SBrkr,1088,0,0,1088,0,0,1,1,2,1,Gd,5,Typ,0,NA,1987,RFn,2,461,TA,0,74,137,0,0,0,NA,0,10,2007,170000
1099,50,6000.413457,6000,Inside,1Fam,1.5Fin,4,6,1936,1950,MetalSd,MetalSd,None,0,TA,TA,BrkTil,TA,TA,No,BLQ,672,0,0,672,Y,SBrkr,757,567,0,1324,0,0,1,0,3,1,TA,6,Typ,0,NA,1936,Unf,1,240,TA,0,0,0,0,0,0,NA,0,7,2009,128000
1100,82,11880.21904,11880,Inside,1Fam,1Story,7,5,1978,1978,Plywood,Plywood,BrkFace,206,TA,TA,CBlock,Gd,TA,No,ALQ,704,0,567,1271,Y,SBrkr,1601,0,0,1601,0,0,2,0,3,1,TA,7,Typ,1,TA,1978,RFn,2,478,TA,0,0,0,0,0,0,NA,0,4,2009,157000
1101,60,8400.520077,8400,Inside,1Fam,1Story,2,5,1920,1950,Wd Sdng,Wd Sdng,None,0,TA,TA,CBlock,TA,Fa,No,Rec,290,0,0,290,N,FuseF,438,0,0,438,0,0,1,0,1,1,Fa,3,Typ,0,NA,1930,Unf,1,246,TA,0,0,0,0,0,0,NA,0,1,2009,60000
1102,61,9758.831413,9758,Inside,1Fam,1Story,5,5,1971,1971,HdBoard,MetalSd,None,0,TA,TA,CBlock,TA,TA,No,BLQ,412,287,251,950,Y,SBrkr,950,0,0,950,0,0,1,0,3,1,TA,5,Typ,0,NA,1981,Unf,1,280,TA,0,0,0,0,0,0,NA,0,7,2007,119500
1103,70,7000.824305,7000,Inside,1Fam,1Story,5,7,1960,2002,Wd Sdng,Wd Sdng,BrkFace,45,TA,TA,CBlock,TA,TA,No,Rec,588,0,422,1010,Y,SBrkr,1134,0,0,1134,0,0,1,0,2,1,TA,6,Typ,0,NA,1960,RFn,1,254,TA,0,16,0,0,0,0,NA,0,4,2007,135000
1104,79,8910.043305,8910,Corner,1Fam,1Story,6,6,1959,1959,BrkFace,BrkFace,None,0,TA,TA,CBlock,TA,TA,Mn,ALQ,655,0,0,655,Y,SBrkr,1194,0,0,1194,0,1,1,0,3,1,TA,6,Typ,1,Fa,1954,Fin,2,539,TA,0,0,192,0,0,0,NA,0,7,2006,159500
1105,24,2016.696204,2016,Inside,TwnhsE,2Story,5,5,1970,1970,HdBoard,HdBoard,BrkFace,304,TA,TA,CBlock,TA,TA,No,Unf,0,0,630,630,Y,SBrkr,630,672,0,1302,0,0,2,1,3,1,TA,6,Typ,0,NA,1970,Unf,2,440,TA,0,0,0,0,0,0,NA,0,4,2007,106000
1106,98,12256.09596,12256,Corner,1Fam,2Story,8,5,1994,1995,HdBoard,HdBoard,BrkFace,362,Gd,TA,PConc,Ex,TA,Av,GLQ,1032,0,431,1463,Y,SBrkr,1500,1122,0,2622,1,0,2,1,3,1,Gd,9,Typ,2,TA,1994,RFn,2,712,TA,186,32,0,0,0,0,NA,0,4,2010,325000
1107,114,10357.33071,10357,Corner,1Fam,1Story,7,5,1990,1991,HdBoard,HdBoard,None,0,Gd,TA,PConc,Gd,TA,Mn,GLQ,738,0,172,910,Y,SBrkr,1442,0,0,1442,1,0,2,0,3,1,Gd,6,Typ,1,TA,1990,Fin,2,719,TA,0,244,0,0,0,0,NA,0,5,2007,179900
1108,168,23257.38463,23257,CulDSac,1Fam,2Story,7,5,2006,2006,VinylSd,VinylSd,None,0,Gd,TA,PConc,Ex,Gd,No,Unf,0,0,868,868,Y,SBrkr,887,1134,0,2021,0,0,2,1,3,1,Gd,9,Typ,1,Gd,2006,RFn,2,422,TA,0,100,0,0,0,0,NA,0,9,2006,274725
1109,,8063.467924,8063,Inside,1Fam,2Story,6,5,2000,2000,VinylSd,VinylSd,None,0,TA,TA,PConc,Gd,TA,No,Unf,0,0,924,924,Y,SBrkr,948,742,0,1690,0,0,2,1,3,1,TA,7,Typ,1,TA,2000,RFn,2,463,TA,100,48,0,0,0,0,NA,0,11,2007,181000
1110,107,11362.84427,11362,Inside,1Fam,1Story,8,5,2004,2005,MetalSd,MetalSd,Stone,42,Gd,TA,PConc,Ex,TA,Mn,GLQ,1039,0,797,1836,Y,SBrkr,1836,0,0,1836,1,0,2,0,3,1,Gd,7,Typ,1,Gd,2004,Fin,3,862,TA,125,185,0,0,0,0,NA,0,3,2009,280000
1111,,8000.824889,8000,Inside,1Fam,2Story,6,5,1995,1996,HdBoard,HdBoard,None,0,TA,TA,PConc,Gd,TA,No,GLQ,219,0,554,773,Y,SBrkr,773,885,0,1658,1,0,2,1,3,1,TA,8,Typ,1,TA,1995,Fin,2,431,TA,224,84,0,0,0,0,NA,0,6,2008,188000
1112,80,10480.64278,10480,Inside,1Fam,2Story,7,6,1976,1976,Plywood,Plywood,BrkFace,660,TA,TA,CBlock,TA,TA,No,ALQ,403,0,400,803,Y,SBrkr,1098,866,0,1964,0,0,2,1,4,1,TA,8,Typ,1,Gd,1976,RFn,2,483,TA,0,69,0,0,0,0,NA,0,9,2008,205000
1113,73,7100.94983,7100,Corner,1Fam,1Story,5,7,1957,1957,WdShing,Wd Shng,None,0,TA,TA,CBlock,TA,TA,No,GLQ,708,0,108,816,Y,FuseA,816,0,0,816,1,0,1,0,2,1,TA,5,Typ,0,NA,1957,Unf,1,308,TA,0,0,0,0,0,0,NA,0,7,2006,129900
1114,66,8923.47057,8923,Inside,1Fam,1Story,5,7,1953,2006,Wd Sdng,Wd Sdng,None,0,TA,TA,CBlock,TA,TA,No,BLQ,643,0,365,1008,Y,SBrkr,1008,0,0,1008,1,0,1,0,2,1,Gd,6,Typ,0,NA,1953,Unf,1,240,TA,0,18,0,0,0,0,NA,0,5,2007,134500
1115,90,5400.804637,5400,Inside,1Fam,1Story,5,7,1954,2000,MetalSd,MetalSd,None,0,TA,Gd,CBlock,TA,TA,No,Rec,415,0,418,833,Y,SBrkr,833,0,0,833,0,0,1,0,2,1,Gd,4,Typ,0,NA,1955,Unf,1,326,TA,0,0,0,0,0,0,NA,0,8,2006,117000
1116,93,12085.79374,12085,Inside,1Fam,1Story,8,5,2007,2007,VinylSd,VinylSd,Stone,328,Gd,TA,PConc,Ex,TA,No,GLQ,1004,0,730,1734,Y,SBrkr,1734,0,0,1734,1,0,2,0,3,1,Ex,7,Typ,1,Gd,2007,RFn,3,928,TA,0,0,0,0,0,0,NA,0,11,2007,318000
1117,,7750.448586,7750,Inside,1Fam,SLvl,8,5,2002,2002,VinylSd,VinylSd,None,0,Gd,TA,PConc,Gd,TA,No,GLQ,353,0,55,408,Y,SBrkr,779,640,0,1419,1,0,2,1,3,1,Gd,7,Typ,1,TA,2002,Fin,2,527,TA,120,0,0,0,0,0,NA,0,3,2009,184100
1118,57,9764.657656,9764,FR2,1Fam,1Story,5,7,1967,2003,VinylSd,VinylSd,None,0,TA,TA,CBlock,TA,TA,No,BLQ,702,0,192,894,Y,SBrkr,894,0,0,894,1,0,1,0,3,1,Gd,5,Typ,0,NA,1967,RFn,2,450,TA,0,0,0,0,0,0,NA,0,5,2008,130000
1119,85,13825.8425,13825,Inside,1Fam,SLvl,5,6,1958,1987,MetalSd,MetalSd,None,0,TA,Gd,CBlock,TA,TA,No,Unf,0,0,533,533,Y,SBrkr,1021,580,0,1601,0,1,1,0,3,1,TA,6,Min2,0,NA,1958,RFn,1,300,TA,280,34,0,0,0,0,NA,0,12,2008,140000
1120,70,7560.664592,7560,Inside,1Fam,1Story,5,5,1959,1959,BrkFace,Wd Sdng,None,0,TA,TA,CBlock,TA,TA,No,LwQ,369,0,671,1040,Y,FuseA,1040,0,0,1040,0,0,1,0,3,1,TA,6,Typ,0,NA,1959,RFn,1,286,TA,140,0,252,0,0,0,NA,0,7,2006,133700
1121,59,8263.577201,8263,Inside,1Fam,1Story,6,5,1920,1950,BrkFace,BrkFace,None,0,TA,TA,BrkTil,TA,TA,No,Unf,0,0,1012,1012,Y,FuseA,1012,0,0,1012,0,0,1,0,2,1,TA,6,Typ,1,Gd,1920,Unf,1,308,TA,0,22,112,0,0,0,NA,0,5,2007,118400
1122,84,10084.85885,10084,Inside,1Fam,1Story,7,5,2005,2006,VinylSd,VinylSd,BrkFace,196,Gd,TA,PConc,Gd,TA,Av,GLQ,24,0,1528,1552,Y,SBrkr,1552,0,0,1552,0,0,2,0,3,1,Gd,7,Typ,0,NA,2005,RFn,3,782,TA,144,20,0,0,0,0,NA,0,7,2006,212900
1123,,8926.515861,8926,Corner,1Fam,1Story,4,3,1956,1956,AsbShng,AsbShng,None,0,TA,TA,CBlock,TA,TA,No,Unf,0,0,672,672,Y,FuseA,960,0,0,960,0,0,1,0,3,1,TA,5,Typ,0,NA,1956,Unf,1,288,TA,64,0,0,0,160,0,NA,0,10,2009,112000
1124,50,9405.517974,9405,Inside,1Fam,1Story,5,9,1947,2008,VinylSd,VinylSd,None,0,TA,Ex,CBlock,TA,TA,No,Unf,0,0,698,698,Y,SBrkr,698,0,0,698,0,1,1,0,2,1,TA,4,Typ,0,NA,NA,NA,0,0,NA,0,200,0,0,0,0,NA,0,6,2009,118000
1125,,9125.142909,9125,Inside,1Fam,SLvl,7,5,1992,1992,HdBoard,HdBoard,BrkFace,170,TA,TA,PConc,Gd,TA,No,Unf,0,0,384,384,Y,SBrkr,812,670,0,1482,0,0,2,1,3,1,Gd,7,Typ,1,TA,1992,Fin,2,392,TA,100,25,0,0,0,0,NA,0,7,2007,163900
1126,60,10434.43062,10434,Inside,1Fam,1Story,4,5,1955,1955,Plywood,Plywood,None,0,TA,TA,CBlock,TA,TA,No,Unf,0,0,1005,1005,Y,SBrkr,1005,0,0,1005,0,0,1,0,2,1,Fa,5,Typ,1,TA,1977,Unf,2,672,Fa,0,0,0,0,0,0,NA,0,11,2009,115000
1127,53,3684.250677,3684,Inside,TwnhsE,1Story,7,5,2007,2007,VinylSd,VinylSd,BrkFace,130,Gd,TA,PConc,Gd,TA,No,Unf,0,0,1373,1373,Y,SBrkr,1555,0,0,1555,0,0,2,0,2,1,Gd,7,Typ,1,TA,2007,Fin,3,660,TA,143,20,0,0,0,0,NA,0,6,2009,174000
1128,182,14572.62944,14572,Corner,1Fam,1Story,7,5,2004,2004,VinylSd,VinylSd,None,0,Gd,TA,PConc,Gd,TA,Av,GLQ,1300,0,230,1530,Y,SBrkr,1530,0,0,1530,1,0,2,0,3,1,Gd,7,Typ,1,Gd,2004,Fin,3,630,TA,144,36,0,0,0,0,NA,0,11,2007,259000
1129,59,11796.34201,11796,Inside,1Fam,2Story,7,5,2004,2005,VinylSd,VinylSd,None,0,Gd,TA,PConc,Gd,TA,Av,Unf,0,0,847,847,Y,SBrkr,847,1112,0,1959,0,0,2,1,4,1,Gd,8,Typ,1,Gd,2004,Fin,2,434,TA,100,48,0,0,0,0,NA,0,7,2007,215000
1130,60,7200.808785,7200,Inside,Duplex,SFoyer,5,5,1980,1980,MetalSd,MetalSd,BrkFace,180,TA,TA,CBlock,Gd,TA,Gd,GLQ,936,0,0,936,Y,SBrkr,936,0,0,936,1,0,1,0,2,1,TA,4,Typ,0,NA,1980,Unf,2,672,TA,49,0,0,0,0,0,NA,0,8,2007,140000
1131,65,7804.356954,7804,Inside,1Fam,1.5Fin,4,3,1928,1950,WdShing,Plywood,None,0,TA,TA,BrkTil,TA,TA,No,BLQ,622,0,500,1122,Y,SBrkr,1328,653,0,1981,1,0,2,0,4,1,Gd,7,Min2,2,TA,1981,Unf,2,576,TA,431,44,0,0,0,0,NA,0,12,2009,135000
1132,63,10712.68687,10712,Inside,1Fam,1Story,5,5,1991,1992,HdBoard,HdBoard,None,0,TA,TA,PConc,Gd,TA,Mn,BLQ,212,0,762,974,Y,SBrkr,974,0,0,974,0,0,1,0,3,1,TA,5,Typ,0,NA,NA,NA,0,0,NA,0,28,0,0,0,0,NA,0,9,2007,93500
1133,90,9900.573319,9900,Inside,1Fam,2Story,6,4,1880,1950,Wd Sdng,Wd Sdng,None,0,TA,TA,BrkTil,TA,TA,Mn,Unf,0,0,1008,1008,Y,SBrkr,1178,1032,0,2210,0,0,2,0,5,1,Fa,8,Typ,0,NA,1930,Unf,1,205,Fa,0,48,0,0,0,0,NA,0,5,2007,117500
1134,80,9828.344944,9828,Inside,1Fam,2Story,8,5,1995,1995,VinylSd,VinylSd,None,0,Gd,TA,PConc,Gd,TA,No,GLQ,584,0,544,1128,Y,SBrkr,1142,878,0,2020,0,0,2,1,3,1,Gd,8,Typ,1,TA,1995,RFn,2,466,TA,0,155,0,0,0,0,NA,0,6,2009,239500
1135,57,8773.515287,8773,Inside,1Fam,2Story,6,5,1997,1997,VinylSd,VinylSd,None,0,TA,TA,PConc,Gd,TA,Av,Unf,0,0,916,916,Y,SBrkr,916,684,0,1600,0,0,2,1,3,1,TA,7,Typ,1,TA,1997,Fin,2,460,TA,100,38,0,0,0,0,NA,0,8,2007,169000
1136,60,6180.392609,6180,Corner,1Fam,1Story,6,5,1926,1950,Wd Sdng,Wd Sdng,None,0,TA,TA,BrkTil,TA,TA,No,Unf,0,0,960,960,N,SBrkr,986,0,0,986,0,0,1,0,2,1,TA,5,Typ,1,Gd,1926,Unf,1,180,TA,0,128,0,0,0,0,NA,0,5,2007,102000
1137,80,9600.616555,9600,Inside,1Fam,1.5Fin,6,5,1950,1950,VinylSd,VinylSd,None,0,TA,TA,CBlock,TA,TA,No,BLQ,280,0,752,1032,Y,FuseA,1032,220,0,1252,0,0,1,0,3,1,TA,6,Typ,0,NA,1950,Unf,1,288,TA,0,0,96,0,0,0,NA,0,4,2008,119000
1138,54,6342.549572,6342,Inside,1Fam,1.5Fin,5,8,1875,1996,VinylSd,VinylSd,None,0,TA,Gd,CBlock,TA,TA,No,Unf,0,0,780,780,N,SBrkr,780,240,0,1020,0,0,1,0,2,1,TA,6,Typ,0,NA,NA,NA,0,0,NA,0,0,176,0,0,0,NA,0,5,2010,94000
1139,,9819.111651,9819,Inside,1Fam,1Story,6,5,1977,1977,Plywood,ImStucc,None,0,TA,TA,PConc,TA,TA,Gd,ALQ,1567,0,0,1567,Y,SBrkr,1567,0,0,1567,1,0,2,0,2,1,Gd,5,Typ,2,TA,1977,RFn,2,714,TA,264,32,0,0,0,0,NA,0,5,2009,196000
1140,98,8731.607174,8731,Inside,1Fam,1Story,5,5,1920,1950,Stucco,Stucco,None,0,TA,Fa,BrkTil,TA,TA,No,BLQ,645,0,270,915,Y,SBrkr,1167,0,0,1167,0,0,1,0,3,1,TA,6,Maj1,1,Gd,1972,Unf,2,495,TA,0,0,216,0,126,0,NA,0,5,2007,144000
1141,60,7350.012603,7350,Corner,1Fam,1Story,5,7,1951,1951,HdBoard,HdBoard,None,0,TA,TA,CBlock,TA,TA,Mn,ALQ,852,0,100,952,Y,SBrkr,952,0,0,952,1,0,1,0,2,1,TA,4,Typ,0,NA,1988,Unf,2,840,TA,0,0,0,0,0,0,NA,0,6,2008,139000
1142,,10304.52447,10304,CulDSac,1Fam,2Story,5,7,1976,1976,Plywood,Plywood,BrkFace,44,TA,Gd,CBlock,TA,TA,No,ALQ,381,0,399,780,Y,SBrkr,1088,780,0,1868,1,0,2,1,4,1,Gd,9,Typ,1,TA,1976,Unf,2,484,TA,448,96,0,0,0,0,NA,0,10,2009,197500
1143,77,9965.111486,9965,Inside,1Fam,2Story,8,5,2006,2007,VinylSd,VinylSd,Stone,340,Gd,TA,PConc,Ex,TA,Gd,GLQ,1150,0,316,1466,Y,SBrkr,1466,1362,0,2828,1,0,3,0,4,1,Gd,11,Typ,1,TA,2006,RFn,3,1052,TA,125,144,0,0,0,0,NA,0,4,2007,424870
1144,,9000.737514,9000,Inside,1Fam,1Story,5,3,1959,1959,Wd Sdng,Plywood,None,0,TA,TA,CBlock,TA,TA,No,GLQ,288,0,718,1006,Y,SBrkr,1006,0,0,1006,0,0,1,0,3,1,TA,5,Typ,0,NA,NA,NA,0,0,NA,0,24,0,0,0,0,NA,0,7,2008,80000
1145,60,12180.22992,12180,Inside,2fmCon,1.5Fin,4,4,1941,1950,MetalSd,MetalSd,None,0,TA,Fa,BrkTil,Gd,TA,No,BLQ,348,0,324,672,N,FuseA,672,252,0,924,1,0,1,0,2,1,Fa,5,Typ,0,NA,1941,Unf,1,280,TA,0,0,0,0,0,0,NA,0,7,2010,80000
1146,52,6240.309498,6240,Inside,1Fam,1.5Fin,5,6,1928,1950,MetalSd,MetalSd,None,0,TA,TA,BrkTil,TA,TA,No,Unf,0,0,1042,1042,Y,SBrkr,1042,534,0,1576,0,0,1,0,3,1,TA,8,Typ,1,Gd,1928,Unf,1,225,TA,0,0,0,0,0,0,NA,0,8,2006,149000
1147,,11200.61436,11200,Inside,1Fam,1Story,6,5,1985,1985,Wd Sdng,Wd Shng,BrkFace,85,Gd,TA,CBlock,Gd,TA,No,GLQ,1258,0,40,1298,Y,SBrkr,1298,0,0,1298,1,0,2,0,3,1,Gd,5,Typ,1,TA,1985,Unf,2,403,TA,165,26,0,0,0,0,NA,0,5,2006,180000
1148,75,12000.84339,12000,Inside,1Fam,2Story,7,7,1941,1950,MetalSd,MetalSd,None,0,TA,TA,CBlock,TA,TA,No,Rec,275,0,429,704,Y,SBrkr,860,704,0,1564,0,0,1,1,3,1,Fa,7,Typ,1,Gd,1941,Unf,1,234,TA,0,0,0,0,0,0,NA,0,7,2009,174500
1149,,5700.604437,5700,Inside,1Fam,1.5Fin,7,7,1926,1950,Wd Sdng,Wd Sdng,None,0,TA,TA,PConc,TA,TA,No,Unf,0,0,572,572,Y,SBrkr,572,539,0,1111,0,0,1,0,2,1,TA,5,Typ,1,Gd,1982,Unf,1,288,TA,0,0,176,0,0,0,NA,0,8,2008,116900
1150,50,9000.71735,9000,Inside,1Fam,2Story,7,9,1920,1988,VinylSd,VinylSd,None,0,TA,Gd,PConc,TA,TA,No,ALQ,624,0,26,650,Y,SBrkr,832,650,0,1482,0,1,1,0,3,1,TA,7,Typ,0,NA,1930,Unf,2,324,TA,0,0,0,0,0,0,NA,0,7,2009,143000
1151,57,8280.836916,8280,Inside,1Fam,1Story,6,5,1950,1950,BrkFace,BrkFace,None,0,TA,TA,CBlock,TA,TA,No,Unf,0,0,932,932,Y,FuseA,932,0,0,932,0,0,1,0,2,1,Gd,4,Typ,1,Gd,1950,Unf,1,306,TA,0,0,214,0,0,0,NA,0,11,2007,124000
1152,134,17755.11216,17755,Inside,1Fam,1Story,5,4,1959,1959,HdBoard,Plywood,BrkFace,132,TA,TA,CBlock,TA,TA,No,BLQ,176,0,1290,1466,Y,SBrkr,1466,0,0,1466,0,0,1,1,3,1,Fa,6,Typ,2,Gd,1959,Fin,2,528,TA,0,140,0,0,100,0,NA,0,11,2006,149900
1153,90,14115.10008,14115,Inside,1Fam,1Story,6,7,1956,2004,Stone,Stone,None,0,TA,TA,PConc,TA,TA,No,ALQ,296,547,230,1073,Y,SBrkr,1811,0,0,1811,0,0,1,0,2,1,Ex,6,Typ,1,Gd,1956,Fin,2,470,TA,0,0,280,0,0,0,NA,0,7,2006,230000
1154,,5890.984718,5890,Corner,1Fam,1Story,6,8,1930,2007,Wd Sdng,Wd Sdng,None,0,Gd,Gd,BrkTil,TA,TA,Av,ALQ,538,0,278,816,Y,SBrkr,816,0,0,816,0,0,1,0,2,1,TA,5,Typ,0,NA,2002,Unf,1,432,TA,0,0,96,0,0,0,NA,0,6,2008,120500
1155,,13700.03449,13700,Inside,1Fam,2Story,7,6,1965,1988,VinylSd,VinylSd,Stone,288,TA,TA,CBlock,TA,TA,Gd,ALQ,454,0,410,864,Y,SBrkr,902,918,0,1820,0,0,1,2,4,1,Gd,8,Typ,2,Gd,1965,Unf,2,492,TA,60,84,0,0,273,0,NA,0,5,2008,201800
1156,90,10768.93531,10768,Corner,1Fam,1Story,5,8,1976,2004,Plywood,Plywood,None,0,Gd,Gd,CBlock,Gd,TA,Gd,ALQ,1157,0,280,1437,Y,SBrkr,1437,0,0,1437,1,0,2,0,3,1,Gd,6,Typ,1,Fa,1976,RFn,2,528,TA,0,21,0,0,180,0,NA,0,7,2007,218000
1157,85,9350.652656,9350,Inside,1Fam,SLvl,5,8,1965,1999,BrkFace,BrkFace,None,0,TA,Gd,PConc,TA,TA,Gd,ALQ,633,0,586,1219,Y,SBrkr,1265,0,0,1265,0,1,2,0,3,1,Gd,6,Typ,1,Gd,1965,RFn,2,502,TA,0,92,0,96,0,0,NA,0,10,2008,179900
1158,34,5001.229675,5001,Inside,Twnhs,1Story,7,5,2007,2008,VinylSd,VinylSd,Stone,166,Gd,TA,PConc,Gd,TA,No,GLQ,904,0,410,1314,Y,SBrkr,1314,0,0,1314,1,0,2,0,2,1,Gd,6,Typ,1,Gd,2008,RFn,2,626,TA,172,62,0,0,0,0,NA,0,7,2009,230000
1159,92,11932.79077,11932,FR2,1Fam,1Story,8,5,2007,2008,VinylSd,VinylSd,Stone,186,Gd,TA,PConc,Gd,TA,No,Unf,0,0,1580,1580,Y,SBrkr,1580,0,0,1580,0,0,2,0,3,1,Gd,7,Typ,0,NA,2008,RFn,3,830,TA,0,24,0,0,0,0,NA,0,6,2008,235128
1160,76,9120.809249,9120,Inside,1Fam,2Story,6,6,1974,1974,HdBoard,HdBoard,BrkFace,270,Gd,TA,CBlock,TA,TA,No,ALQ,442,0,459,901,Y,SBrkr,943,933,0,1876,0,0,2,1,4,1,Gd,8,Typ,1,TA,1974,RFn,2,540,Gd,0,69,0,0,0,0,NA,0,7,2008,185000
1161,24,2280.232111,2280,Inside,Twnhs,2Story,6,5,1978,1978,Plywood,Brk Cmn,None,0,TA,TA,CBlock,Gd,TA,No,ALQ,311,0,544,855,Y,SBrkr,855,601,0,1456,0,0,2,1,3,1,TA,7,Typ,1,TA,1978,Unf,2,440,TA,26,0,0,0,0,0,NA,0,7,2010,146000
1162,,14778.2722,14778,CulDSac,1Fam,1Story,6,7,1954,2006,HdBoard,HdBoard,BrkFace,72,Gd,TA,CBlock,TA,TA,No,BLQ,728,0,568,1296,Y,SBrkr,1640,0,0,1640,1,0,1,0,3,1,Gd,7,Typ,1,Gd,1993,Unf,2,924,TA,108,0,0,216,0,0,NA,0,11,2008,224000
1163,109,8724.180088,8724,Inside,1Fam,1Story,5,5,1968,1968,VinylSd,VinylSd,None,0,TA,TA,CBlock,Gd,TA,No,BLQ,492,0,402,894,Y,SBrkr,894,0,0,894,0,0,1,0,3,1,TA,5,Typ,1,Po,1968,Fin,2,450,TA,0,0,0,0,0,0,NA,0,5,2007,129000
1164,60,12900.67843,12900,Inside,Duplex,SFoyer,4,4,1969,1969,Plywood,Plywood,None,0,TA,TA,CBlock,Gd,TA,Av,GLQ,1198,0,0,1198,Y,SBrkr,1258,0,0,1258,2,0,0,2,0,2,TA,6,Typ,0,NA,1969,Unf,2,400,Fa,120,0,0,0,0,0,NA,0,1,2008,108959
1165,,16157.78634,16157,FR2,1Fam,SLvl,5,7,1978,1978,Plywood,Plywood,None,0,TA,TA,PConc,Gd,TA,Gd,ALQ,680,391,289,1360,Y,SBrkr,1432,0,0,1432,1,0,1,1,2,1,Gd,5,Typ,1,TA,1978,Unf,2,588,TA,168,180,0,0,0,0,NA,0,6,2007,194000
1166,79,9541.848567,9541,Inside,1Fam,1Story,7,5,2009,2009,VinylSd,VinylSd,Stone,268,Gd,TA,PConc,Gd,TA,No,Unf,0,0,1502,1502,Y,SBrkr,1502,0,0,1502,0,0,2,0,3,1,Gd,7,Typ,0,NA,2009,RFn,2,644,TA,0,114,0,0,0,0,NA,0,9,2009,233170
1167,64,10475.53821,10475,Corner,1Fam,1Story,8,5,2008,2008,VinylSd,VinylSd,Stone,72,Gd,TA,PConc,Gd,TA,Av,Unf,0,0,1694,1694,Y,SBrkr,1694,0,0,1694,0,0,2,0,3,1,Gd,7,Typ,0,NA,2008,RFn,3,776,TA,160,33,0,0,0,0,NA,0,2,2010,245350
1168,58,10852.14074,10852,Inside,1Fam,2Story,6,5,2000,2000,VinylSd,VinylSd,None,0,TA,TA,PConc,Gd,TA,No,GLQ,786,0,173,959,Y,SBrkr,959,712,0,1671,1,0,2,1,3,1,TA,7,Typ,1,TA,2000,Fin,2,472,TA,0,38,0,0,0,0,NA,0,2,2006,173000
1169,120,13728.9144,13728,Corner,1Fam,2Story,6,7,1935,1986,Stucco,Stucco,None,0,TA,TA,CBlock,TA,TA,No,Rec,626,0,501,1127,Y,SBrkr,1236,872,0,2108,0,0,2,0,4,1,Gd,7,Typ,2,TA,1935,Unf,2,540,TA,0,0,0,0,90,0,NA,0,7,2008,235000
1170,118,35760.63013,35760,CulDSac,1Fam,2Story,10,5,1995,1996,HdBoard,HdBoard,BrkFace,1378,Gd,Gd,PConc,Ex,TA,Gd,GLQ,1387,0,543,1930,Y,SBrkr,1831,1796,0,3627,1,0,3,1,4,1,Gd,10,Typ,1,TA,1995,Fin,3,807,TA,361,76,0,0,0,0,NA,0,7,2006,625000
1171,76,9880.965446,9880,Inside,1Fam,SLvl,6,6,1977,1977,Plywood,Plywood,None,0,TA,TA,CBlock,TA,TA,Av,ALQ,522,0,574,1096,Y,SBrkr,1118,0,0,1118,1,0,1,0,3,1,TA,6,Typ,1,Po,1977,Fin,1,358,TA,203,0,0,0,0,576,NA,0,7,2008,171000
1172,76,9120.142824,9120,Inside,1Fam,1Story,6,6,1958,1958,MetalSd,MetalSd,None,0,TA,TA,CBlock,TA,TA,No,ALQ,662,0,599,1261,Y,SBrkr,1261,0,0,1261,1,0,1,0,3,1,TA,6,Typ,1,TA,1958,RFn,2,433,TA,0,0,0,0,288,0,Shed,1400,11,2008,163000
1173,35,4017.457703,4017,Inside,TwnhsE,2Story,7,5,2006,2007,MetalSd,MetalSd,None,0,Gd,TA,PConc,Gd,TA,No,Unf,0,0,625,625,Y,SBrkr,625,625,0,1250,0,0,2,1,2,1,Gd,5,Typ,0,NA,2006,Fin,2,625,TA,0,54,0,0,0,0,NA,0,3,2008,171900
1174,138,18030.74319,18030,Inside,1Fam,1.5Fin,5,6,1946,1994,MetalSd,MetalSd,None,0,TA,TA,CBlock,TA,TA,No,Rec,152,469,977,1598,Y,SBrkr,1636,971,479,3086,0,0,3,0,3,1,Ex,12,Maj1,1,Gd,NA,NA,0,0,NA,122,0,0,0,0,0,NA,0,3,2007,200500
1175,80,16560.22967,16560,Inside,1Fam,2Story,6,8,1932,1950,Wd Sdng,Wd Sdng,None,0,TA,TA,BrkTil,Gd,TA,No,Rec,503,0,449,952,Y,SBrkr,1170,1175,0,2345,0,0,2,1,4,1,TA,9,Typ,1,Gd,1932,Unf,2,360,TA,0,0,0,0,0,0,NA,0,7,2006,239000
1176,85,10678.40762,10678,Inside,1Fam,1.5Fin,8,5,1992,2000,HdBoard,HdBoard,BrkFace,337,Gd,TA,PConc,Gd,TA,No,GLQ,700,0,983,1683,Y,SBrkr,2129,743,0,2872,0,0,2,1,4,1,Gd,9,Typ,1,TA,1992,Fin,2,541,TA,0,33,0,0,0,0,NA,0,4,2007,285000
1177,37,6951.194969,6951,CulDSac,1Fam,1Story,5,5,1984,1985,HdBoard,Plywood,None,0,TA,TA,CBlock,TA,TA,No,ALQ,658,0,218,876,Y,SBrkr,923,0,0,923,1,0,1,0,3,1,TA,5,Typ,0,NA,1984,Unf,1,264,TA,362,0,0,0,0,0,NA,0,10,2008,119500
1178,,3950.679035,3950,Inside,1Fam,1.5Fin,6,8,1926,2004,MetalSd,MetalSd,None,0,TA,TA,CBlock,TA,TA,No,Rec,468,0,350,818,Y,SBrkr,818,406,0,1224,0,0,1,0,3,1,TA,5,Typ,0,NA,1926,Unf,1,210,TA,0,0,116,0,0,0,NA,0,12,2009,115000
1179,54,7681.437009,7681,FR2,1Fam,1.5Fin,5,6,1921,1950,Wd Sdng,Wd Sdng,None,0,TA,TA,BrkTil,TA,TA,No,Unf,0,0,731,731,Y,SBrkr,820,523,0,1343,0,0,1,1,3,1,TA,7,Typ,1,Gd,1921,Unf,1,186,Fa,192,0,102,0,0,0,NA,0,7,2009,154900
1180,77,8335.856522,8335,Corner,1Fam,1Story,5,5,1954,1954,Wd Sdng,Wd Sdng,None,0,TA,TA,Slab,NA,NA,NA,NA,0,0,0,0,Y,SBrkr,1124,0,0,1124,0,0,1,0,3,1,TA,5,Min2,1,Gd,NA,NA,0,0,NA,0,36,190,0,0,0,NA,0,4,2006,93000
1181,,11170.47985,11170,Corner,1Fam,2Story,7,5,1990,1991,MetalSd,MetalSd,None,0,TA,TA,Wood,Gd,TA,No,LwQ,1216,0,0,1216,Y,SBrkr,1298,1216,0,2514,0,0,2,1,4,1,TA,8,Typ,0,NA,1990,Fin,2,693,TA,0,0,0,0,0,0,NA,0,4,2006,250000
1182,64,5587.581836,5587,Inside,TwnhsE,1Story,8,5,2008,2008,CemntBd,CmentBd,Stone,186,Ex,TA,PConc,Ex,TA,Gd,GLQ,1480,0,120,1600,Y,SBrkr,1652,0,0,1652,1,1,2,0,2,1,Gd,5,Typ,1,Gd,2008,Fin,2,482,TA,162,53,0,153,0,0,NA,0,11,2008,392500
1183,160,15623.69461,15623,Corner,1Fam,2Story,10,5,1996,1996,Wd Sdng,ImStucc,None,0,Gd,TA,PConc,Ex,TA,Av,GLQ,2096,0,300,2396,Y,SBrkr,2411,2065,0,4476,1,0,3,1,4,1,Ex,10,Typ,2,TA,1996,Fin,3,813,TA,171,78,0,0,0,555,NA,0,7,2007,745000
1184,60,10800.71572,10800,Inside,1Fam,1Story,5,6,1920,1950,Stucco,Stucco,None,0,TA,TA,BrkTil,TA,TA,No,Rec,821,0,299,1120,Y,SBrkr,1130,0,0,1130,1,0,1,0,2,1,TA,5,Typ,1,Gd,1970,Unf,2,720,TA,229,0,0,0,0,0,NA,0,6,2006,120000
1185,50,35133.96994,35133,Inside,1Fam,1Story,5,4,1963,1963,MetalSd,MetalSd,BrkFace,226,TA,TA,CBlock,TA,TA,Gd,Rec,1159,0,413,1572,Y,SBrkr,1572,0,0,1572,1,0,1,1,3,1,TA,5,Typ,2,TA,1963,RFn,3,995,TA,0,263,0,0,263,0,NA,0,5,2007,186700
1186,60,9738.906958,9738,Inside,1Fam,1.5Fin,5,7,1924,1950,AsbShng,AsbShng,None,0,TA,Gd,BrkTil,TA,TA,No,BLQ,392,0,392,784,Y,SBrkr,949,272,0,1221,1,0,1,0,4,1,TA,7,Typ,0,NA,1965,Unf,1,392,TA,0,0,236,0,0,0,NA,0,3,2006,104900
1187,107,10615.0023,10615,Corner,2fmCon,2Story,3,5,1900,1970,HdBoard,HdBoard,None,0,TA,TA,CBlock,Fa,TA,Mn,BLQ,440,0,538,978,Y,SBrkr,1014,685,0,1699,1,0,2,0,3,2,TA,7,Typ,0,NA,1920,Unf,2,420,Fa,0,74,0,0,0,0,NA,0,8,2009,95000
1188,89,12461.82894,12461,Corner,1Fam,1Story,8,5,1994,1995,ImStucc,ImStucc,None,0,Gd,TA,PConc,Gd,TA,No,GLQ,1456,0,168,1624,Y,SBrkr,1624,0,0,1624,1,0,2,0,2,1,Gd,5,Typ,1,Fa,1994,RFn,3,757,TA,0,114,192,0,0,0,NA,0,7,2006,262000
1189,68,8935.561436,8935,Inside,1Fam,2Story,7,5,2002,2002,VinylSd,VinylSd,BrkFace,95,Gd,TA,PConc,Gd,TA,No,Unf,0,0,831,831,Y,SBrkr,831,829,0,1660,0,0,2,1,3,1,Gd,7,Typ,0,NA,2002,RFn,2,493,TA,144,68,0,0,0,0,NA,0,7,2009,195000
1190,60,7500.353469,7500,Inside,1Fam,2Story,7,5,1999,1999,VinylSd,VinylSd,None,0,TA,TA,PConc,TA,TA,No,Unf,0,0,994,994,Y,SBrkr,1028,776,0,1804,0,0,2,1,3,1,Gd,7,Typ,1,TA,1999,Fin,2,442,TA,140,60,0,0,0,0,NA,0,6,2010,189000
1191,,32463.7792,32463,Inside,2fmCon,1Story,4,4,1961,1975,MetalSd,MetalSd,Stone,149,TA,Gd,CBlock,TA,TA,Av,BLQ,1159,0,90,1249,Y,SBrkr,1622,0,0,1622,1,0,1,0,3,1,TA,7,Typ,1,TA,1975,Fin,4,1356,TA,439,0,0,0,0,0,NA,0,3,2007,168000
1192,24,2645.938294,2645,Inside,Twnhs,2Story,8,5,1999,2000,MetalSd,MetalSd,BrkFace,456,Gd,TA,PConc,Gd,TA,No,Unf,0,0,776,776,Y,SBrkr,764,677,0,1441,0,0,2,1,2,1,Gd,5,Typ,0,NA,1999,Unf,2,492,TA,206,0,0,0,0,0,NA,0,11,2007,174000
1193,60,9600.266106,9600,Inside,1Fam,1.5Fin,5,8,1925,1994,VinylSd,VinylSd,None,0,TA,TA,PConc,TA,TA,Mn,Unf,0,0,702,702,Y,SBrkr,842,630,0,1472,0,0,1,0,3,1,Gd,6,Typ,0,NA,1925,Unf,1,250,TA,0,0,84,0,0,0,NA,0,7,2007,125000
1194,,4500.791883,4500,FR2,TwnhsE,1Story,6,5,1999,1999,VinylSd,VinylSd,BrkFace,425,TA,TA,PConc,Ex,TA,No,GLQ,883,0,341,1224,Y,SBrkr,1224,0,0,1224,1,0,2,0,2,1,TA,5,Typ,0,NA,1999,Fin,2,402,TA,0,304,0,0,0,0,NA,0,6,2009,165000
1195,80,9364.756286,9364,Corner,1Fam,2Story,6,7,1969,1969,HdBoard,HdBoard,Stone,143,TA,TA,CBlock,TA,TA,No,ALQ,371,0,292,663,Y,SBrkr,663,689,0,1352,0,0,1,1,4,1,TA,7,Typ,0,NA,1969,Fin,1,299,TA,379,36,0,0,0,0,NA,0,3,2010,158000
1196,51,8029.340311,8029,Inside,1Fam,2Story,6,5,2005,2005,VinylSd,VinylSd,None,0,TA,TA,PConc,Gd,TA,No,Unf,0,0,728,728,Y,SBrkr,728,728,0,1456,0,0,2,1,3,1,Gd,8,Typ,0,NA,2005,Fin,2,400,TA,100,24,0,0,0,0,NA,0,7,2008,176000
1197,58,14054.04519,14054,Inside,1Fam,2Story,7,5,2006,2006,VinylSd,VinylSd,None,0,Gd,TA,PConc,Gd,TA,Av,Unf,0,0,879,879,Y,SBrkr,879,984,0,1863,0,0,2,1,4,1,Gd,9,Typ,1,Gd,2006,Fin,3,660,TA,100,17,0,0,0,0,NA,0,11,2006,219210
1198,65,8850.631903,8850,Corner,1Fam,2.5Unf,7,6,1916,1950,MetalSd,MetalSd,None,0,TA,TA,BrkTil,TA,TA,No,Unf,0,0,815,815,Y,SBrkr,815,875,0,1690,0,0,1,0,3,1,TA,7,Typ,1,Gd,1916,Unf,1,225,TA,0,0,330,0,0,0,NA,0,7,2006,144000
1199,70,9100.447521,9100,Inside,1Fam,1Story,7,5,2001,2001,VinylSd,VinylSd,None,0,Gd,TA,PConc,Gd,TA,No,Unf,0,0,1212,1212,Y,SBrkr,1212,0,0,1212,0,0,2,0,3,1,Gd,6,Typ,0,NA,2001,RFn,2,573,TA,356,0,0,0,0,0,NA,0,6,2009,178000
1200,75,11235.37615,11235,Inside,1Fam,1Story,4,5,1963,1979,HdBoard,HdBoard,BrkFace,51,TA,TA,CBlock,TA,TA,No,Rec,547,0,504,1051,Y,SBrkr,1382,0,0,1382,0,0,1,1,3,1,TA,6,Typ,1,Po,1974,Unf,2,459,TA,0,82,0,0,0,0,NA,0,10,2006,148000
1201,71,9353.549732,9353,Inside,1Fam,1Story,4,5,1970,1970,MetalSd,MetalSd,None,0,TA,TA,CBlock,TA,TA,No,Unf,0,0,864,864,Y,SBrkr,864,0,0,864,0,0,1,0,3,1,TA,5,Typ,0,NA,1972,Unf,1,280,TA,0,0,0,0,0,0,Shed,0,7,2006,116050
1202,80,10400.70477,10400,Corner,1Fam,2Story,7,5,1998,1998,VinylSd,VinylSd,None,0,TA,TA,PConc,Gd,TA,Av,Unf,0,0,866,866,Y,SBrkr,866,913,0,1779,0,0,2,1,3,1,Gd,6,Typ,0,NA,1998,RFn,2,546,TA,198,36,0,0,0,0,NA,0,3,2009,197900
1203,50,6000.049775,6000,Corner,1Fam,1.5Fin,5,8,1925,1997,Wd Sdng,Wd Sdng,None,0,TA,TA,BrkTil,TA,TA,No,Unf,0,0,884,884,Y,SBrkr,884,464,0,1348,1,0,1,0,3,1,TA,5,Typ,1,Fa,1960,Unf,1,216,TA,0,0,208,0,0,0,NA,0,5,2009,117000
1204,75,9750.672736,9750,Inside,1Fam,1Story,7,5,2000,2001,VinylSd,VinylSd,BrkFace,171,Gd,TA,PConc,Gd,TA,No,Unf,0,0,1630,1630,Y,SBrkr,1630,0,0,1630,0,0,2,0,3,1,Gd,6,Typ,1,TA,2000,Unf,2,451,TA,74,234,0,0,0,0,NA,0,10,2009,213000
1205,78,10140.30746,10140,Inside,1Fam,1Story,5,6,1975,1975,HdBoard,HdBoard,None,0,TA,TA,CBlock,Gd,TA,No,ALQ,788,0,268,1056,Y,SBrkr,1074,0,0,1074,1,0,1,1,3,1,TA,6,Typ,0,NA,1975,RFn,2,495,TA,0,88,0,0,0,0,NA,0,7,2006,153500
1206,90,14684.27098,14684,CulDSac,1Fam,1Story,7,7,1990,1991,HdBoard,HdBoard,BrkFace,234,Gd,TA,CBlock,Gd,TA,Mn,ALQ,485,177,1496,2158,Y,SBrkr,2196,0,0,2196,0,0,2,0,3,1,Gd,7,Typ,1,TA,1990,RFn,3,701,TA,84,70,0,0,0,0,NA,0,6,2009,271900
1207,,8900.415755,8900,Inside,1Fam,1Story,4,4,1966,1966,HdBoard,HdBoard,None,0,TA,TA,CBlock,TA,TA,No,Rec,1056,0,0,1056,Y,SBrkr,1056,0,0,1056,1,0,1,0,2,1,TA,5,Typ,0,NA,1966,Unf,1,384,TA,0,42,0,0,0,0,NA,0,11,2006,107000
1208,70,9135.916163,9135,Inside,1Fam,1Story,6,5,2003,2003,VinylSd,VinylSd,BrkFace,120,Gd,TA,PConc,Gd,TA,Av,GLQ,340,0,1342,1682,Y,SBrkr,1700,0,0,1700,1,0,2,0,3,1,Gd,7,Typ,0,NA,2003,RFn,2,544,TA,192,23,0,0,0,0,NA,0,5,2006,200000
1209,70,7763.143542,7763,Inside,1Fam,1Story,5,7,1962,1980,MetalSd,MetalSd,None,0,TA,Gd,CBlock,TA,TA,No,Rec,504,108,319,931,Y,SBrkr,1283,0,0,1283,1,0,1,0,3,1,TA,6,Typ,0,NA,1980,Unf,2,506,TA,0,0,0,0,0,0,NA,0,10,2008,140000
1210,85,10182.20646,10182,CulDSac,1Fam,1Story,8,5,2006,2006,VinylSd,VinylSd,Stone,420,Gd,TA,PConc,Ex,TA,Mn,GLQ,1220,0,440,1660,Y,SBrkr,1660,0,0,1660,1,0,2,0,3,1,Gd,8,Typ,1,Gd,2006,RFn,2,500,TA,322,50,0,0,0,0,NA,0,5,2006,290000
1211,70,11218.69431,11218,Inside,1Fam,2Story,6,5,1992,1992,Wd Sdng,Wd Sdng,None,0,Gd,TA,PConc,Gd,TA,No,Unf,0,0,1055,1055,Y,SBrkr,1055,790,0,1845,0,0,2,1,3,1,Gd,8,Typ,1,TA,1992,RFn,2,462,TA,635,104,0,0,0,0,Shed,400,5,2010,189000
1212,152,12134.20884,12134,Inside,1Fam,1.5Fin,8,7,1988,2005,Wd Sdng,Wd Sdng,None,0,Gd,TA,Wood,Gd,TA,Av,GLQ,427,0,132,559,Y,SBrkr,1080,672,0,1752,0,0,2,0,4,1,TA,8,Typ,0,NA,1988,RFn,2,492,TA,325,12,0,0,0,0,NA,0,6,2010,164000
1213,50,9340.525699,9340,Inside,1Fam,1Story,4,6,1941,1950,MetalSd,MetalSd,None,0,TA,TA,CBlock,TA,TA,No,Rec,344,0,328,672,Y,SBrkr,672,0,0,672,1,0,1,0,2,1,TA,4,Typ,0,NA,1941,Unf,1,234,TA,0,113,0,0,0,0,NA,0,8,2009,113000
1214,,10246.76901,10246,CulDSac,1Fam,SLvl,4,9,1965,2001,VinylSd,VinylSd,None,0,TA,Gd,CBlock,TA,Gd,Av,GLQ,648,0,0,648,Y,SBrkr,960,0,0,960,1,1,0,0,0,1,TA,3,Typ,0,NA,1965,Unf,1,364,TA,88,0,0,0,0,0,NA,0,5,2006,145000
1215,69,10205.33895,10205,Inside,1Fam,SFoyer,5,5,1962,1962,MetalSd,MetalSd,None,0,TA,TA,CBlock,TA,TA,Av,BLQ,784,0,141,925,Y,SBrkr,999,0,0,999,1,0,1,0,3,1,TA,6,Typ,0,NA,1962,Unf,1,300,TA,150,72,0,0,0,0,NA,0,5,2006,134500
1216,99,7094.738947,7094,Inside,1Fam,1Story,5,5,1966,1966,VinylSd,VinylSd,None,0,TA,TA,CBlock,TA,TA,No,Rec,180,374,340,894,Y,SBrkr,894,0,0,894,0,0,1,0,3,1,TA,5,Typ,0,NA,1966,RFn,1,384,TA,0,0,0,0,0,0,NA,0,5,2007,125000
1217,68,8930.083966,8930,Inside,Duplex,1.5Fin,6,5,1978,1978,VinylSd,VinylSd,None,0,TA,TA,Slab,NA,NA,NA,NA,0,0,0,0,Y,SBrkr,1318,584,0,1902,0,0,2,0,4,2,TA,8,Typ,0,NA,1978,Unf,2,539,TA,0,0,0,0,0,0,NA,0,4,2010,112000
1218,72,8640.60167,8640,Inside,1Fam,1Story,8,5,2009,2009,CemntBd,CmentBd,Stone,72,Gd,TA,PConc,Gd,TA,Mn,GLQ,936,0,364,1300,Y,SBrkr,1314,0,0,1314,1,0,2,0,3,1,Gd,6,Typ,0,NA,2009,RFn,2,552,TA,135,112,0,0,0,0,NA,0,9,2009,229456
1219,52,6240.448156,6240,Inside,1Fam,1.5Fin,4,5,1947,1950,AsbShng,AsbShng,None,0,TA,TA,Slab,NA,NA,NA,NA,0,0,0,0,N,SBrkr,672,240,0,912,0,0,1,0,2,1,TA,3,Typ,0,NA,NA,NA,0,0,NA,0,0,0,0,0,0,NA,0,7,2006,80500
1220,21,1680.573605,1680,Inside,Twnhs,2Story,6,5,1971,1971,CemntBd,CmentBd,BrkFace,236,TA,TA,CBlock,TA,TA,No,Unf,0,0,672,672,Y,SBrkr,672,546,0,1218,0,0,1,1,3,1,TA,7,Typ,0,NA,NA,NA,0,0,NA,201,0,0,0,0,0,NA,0,4,2006,91500
1221,66,7800.770944,7800,Inside,1Fam,1Story,5,5,1964,1964,Wd Sdng,Wd Sdng,None,0,TA,TA,CBlock,TA,TA,No,Rec,312,600,0,912,Y,SBrkr,912,0,0,912,0,0,1,0,2,1,TA,5,Typ,0,NA,1964,Unf,1,288,TA,0,0,0,0,0,0,NA,0,11,2006,115000
1222,55,8250.790701,8250,Inside,1Fam,1Story,5,5,1968,1968,HdBoard,HdBoard,None,0,TA,TA,CBlock,TA,TA,No,BLQ,250,492,210,952,Y,SBrkr,1211,0,0,1211,0,0,1,0,3,1,TA,5,Typ,1,TA,1968,Unf,1,322,TA,0,63,0,0,0,0,NA,0,8,2008,134000
1223,78,10496.81986,10496,Inside,1Fam,1.5Fin,6,6,1949,1950,Wd Sdng,Wd Sdng,BrkFace,320,TA,TA,CBlock,TA,TA,Mn,Rec,196,0,844,1040,Y,SBrkr,1168,678,0,1846,0,0,2,0,3,1,TA,7,Typ,1,Gd,1949,Unf,1,315,TA,0,0,0,0,0,0,NA,0,1,2007,143000
1224,89,10680.87636,10680,Inside,1Fam,1Story,5,3,1951,1951,Wd Sdng,Wd Sdng,BrkFace,44,TA,TA,CBlock,TA,Fa,No,LwQ,756,0,1380,2136,N,FuseA,2136,0,0,2136,0,0,2,0,4,1,TA,7,Mod,0,NA,1951,Unf,2,528,TA,0,30,0,0,0,0,NA,0,10,2006,137900
1225,60,15384.00066,15384,Inside,1Fam,2Story,7,5,2004,2005,VinylSd,VinylSd,None,0,Gd,TA,PConc,Gd,TA,Av,GLQ,724,0,64,788,Y,SBrkr,788,702,0,1490,1,0,2,1,3,1,Gd,8,Typ,1,Gd,2004,Fin,2,388,TA,100,75,0,0,0,0,NA,0,2,2008,184000
1226,65,10482.86347,10482,Inside,1Fam,SLvl,6,8,1958,1958,VinylSd,VinylSd,BrkFace,63,TA,Gd,CBlock,TA,TA,Av,GLQ,507,0,81,588,Y,SBrkr,1138,0,0,1138,0,1,1,0,3,1,TA,6,Typ,0,NA,1958,RFn,1,264,TA,224,0,0,0,0,0,NA,0,6,2007,145000
1227,86,14598.67789,14598,CulDSac,1Fam,2Story,6,5,2007,2007,VinylSd,VinylSd,Stone,74,Gd,TA,PConc,Gd,TA,Mn,Unf,0,0,894,894,Y,SBrkr,894,1039,0,1933,0,0,2,1,4,1,Gd,9,Typ,1,Gd,2007,Fin,3,668,TA,100,18,0,0,0,0,NA,0,1,2008,214000
1228,72,8872.745331,8872,Corner,1Fam,1Story,5,8,1965,2008,VinylSd,VinylSd,BrkFace,300,TA,TA,CBlock,TA,TA,No,ALQ,595,0,317,912,Y,SBrkr,912,0,0,912,1,0,1,0,2,1,Gd,5,Typ,0,NA,1992,Unf,2,576,TA,0,240,0,0,0,0,NA,0,12,2008,147000
1229,65,8769.632392,8769,Corner,TwnhsE,1Story,9,5,2008,2008,MetalSd,MetalSd,BrkFace,766,Ex,TA,PConc,Ex,TA,No,GLQ,1540,0,162,1702,Y,SBrkr,1702,0,0,1702,1,0,1,1,1,1,Ex,7,Typ,1,Gd,2008,Fin,3,1052,TA,0,72,0,0,224,0,NA,0,10,2008,367294
1230,70,7910.584931,7910,Inside,1Fam,SLvl,5,5,1960,1960,BrkFace,HdBoard,None,0,TA,TA,CBlock,TA,TA,No,ALQ,666,0,409,1075,Y,SBrkr,1507,0,0,1507,0,0,2,0,4,1,TA,7,Maj1,0,NA,1960,Unf,1,404,TA,0,0,0,0,0,0,NA,0,8,2008,127000
1231,,18890.7594,18890,Inside,Duplex,1.5Fin,5,5,1977,1977,Plywood,Plywood,None,1,TA,TA,CBlock,Gd,TA,No,GLQ,498,211,652,1361,Y,SBrkr,1361,1259,0,2620,0,0,2,2,4,2,TA,12,Typ,1,TA,1977,RFn,2,600,TA,155,24,145,0,0,0,Gar2,8300,8,2007,190000
1232,70,7728.169796,7728,Inside,Duplex,SLvl,5,6,1962,1962,Wd Sdng,Wd Sdng,BrkFace,120,TA,TA,CBlock,TA,TA,Av,ALQ,803,0,303,1106,Y,SBrkr,1190,0,0,1190,1,0,1,0,3,1,TA,6,Typ,0,NA,1962,Unf,2,540,TA,0,18,0,0,0,0,NA,0,5,2006,132500
1233,70,9842.850344,9842,FR2,Duplex,1Story,4,5,1962,1962,HdBoard,HdBoard,None,0,TA,TA,Slab,NA,NA,NA,NA,0,0,0,0,Y,SBrkr,1224,0,0,1224,0,0,2,0,2,2,TA,6,Typ,0,NA,1962,Unf,2,462,TA,0,0,0,0,0,0,NA,0,3,2007,101800
1234,,12160.29143,12160,Inside,1Fam,1Story,5,5,1959,1959,Plywood,Plywood,BrkFace,180,TA,TA,CBlock,TA,TA,No,Rec,1000,0,188,1188,Y,SBrkr,1188,0,0,1188,1,0,1,0,3,1,TA,6,Typ,0,NA,1959,RFn,2,531,TA,0,0,0,0,0,0,NA,0,5,2010,142000
1235,55,8525.340113,8525,Inside,1Fam,2Story,5,6,1911,1950,MetalSd,MetalSd,None,0,TA,TA,PConc,TA,TA,Av,Unf,0,0,940,940,N,FuseA,1024,940,0,1964,0,0,1,1,4,1,TA,7,Typ,0,NA,NA,NA,0,0,NA,0,192,0,0,0,0,NA,0,11,2008,130000
1236,96,13132.31137,13132,Inside,1Fam,2Story,5,5,1914,1950,Wd Sdng,Wd Sdng,None,0,TA,TA,BrkTil,Gd,TA,Mn,Unf,0,0,747,747,Y,FuseF,892,892,0,1784,0,0,1,1,4,1,TA,9,Typ,0,NA,1914,Unf,1,180,Fa,203,40,0,0,0,0,NA,0,7,2006,138887
1237,36,2628.831007,2628,Inside,Twnhs,2Story,7,5,2003,2003,VinylSd,Wd Shng,Stone,106,Gd,TA,PConc,Gd,TA,No,Unf,0,0,764,764,Y,SBrkr,764,862,0,1626,0,0,2,1,2,1,Gd,6,Typ,0,NA,2003,RFn,2,474,TA,0,27,0,0,0,0,NA,0,6,2010,175500
1238,41,12393.28663,12393,FR2,1Fam,2Story,7,5,2004,2005,VinylSd,VinylSd,None,0,Gd,TA,PConc,Gd,TA,No,Unf,0,0,847,847,Y,SBrkr,847,1101,0,1948,0,0,2,1,4,1,Gd,8,Typ,1,Gd,2004,Fin,2,434,TA,100,48,0,0,0,0,NA,0,9,2006,195000
1239,63,13072.81823,13072,Inside,1Fam,1Story,6,5,2005,2005,VinylSd,VinylSd,None,0,Gd,TA,PConc,Gd,TA,No,Unf,0,0,1141,1141,Y,SBrkr,1141,0,0,1141,0,0,1,1,3,1,TA,6,Typ,0,NA,2005,Unf,2,484,TA,0,0,0,0,0,0,NA,0,3,2006,142500
1240,64,9037.429864,9037,Inside,1Fam,1Story,8,5,2006,2006,VinylSd,VinylSd,BrkFace,32,Gd,TA,PConc,Gd,TA,Av,GLQ,428,0,1048,1476,Y,SBrkr,1484,0,0,1484,0,0,2,0,2,1,Ex,6,Typ,1,Gd,2006,RFn,2,472,TA,120,33,0,0,0,0,NA,0,12,2007,265900
1241,65,8158.586953,8158,Inside,1Fam,2Story,7,5,2003,2003,VinylSd,VinylSd,BrkFace,252,Gd,TA,PConc,Gd,TA,No,GLQ,550,0,334,884,Y,SBrkr,884,884,0,1768,1,0,2,1,3,1,Gd,8,Typ,0,NA,2003,RFn,2,543,TA,0,63,0,0,0,0,NA,0,7,2008,224900
1242,83,9849.516757,9849,Inside,1Fam,1Story,7,6,2007,2007,VinylSd,VinylSd,Stone,0,Gd,TA,PConc,Gd,TA,Av,Unf,0,0,1689,1689,Y,SBrkr,1689,0,0,1689,0,0,2,0,3,1,Gd,7,Typ,0,NA,2007,RFn,3,954,TA,0,56,0,0,0,0,NA,0,6,2007,248328
1243,85,10625.67779,10625,Inside,1Fam,SFoyer,7,6,1974,1974,Plywood,Plywood,BrkFace,81,TA,TA,CBlock,Gd,TA,Gd,GLQ,885,168,0,1053,Y,SBrkr,1173,0,0,1173,1,0,2,0,3,1,Gd,6,Typ,2,TA,1974,RFn,2,528,TA,0,120,0,0,0,0,NA,0,1,2010,170000
1244,107,13891.29454,13891,Inside,1Fam,1Story,10,5,2006,2006,VinylSd,VinylSd,NA,NA,Ex,TA,PConc,Ex,Gd,Gd,GLQ,1386,0,690,2076,Y,SBrkr,2076,0,0,2076,1,0,2,1,2,1,Ex,7,Typ,1,Gd,2006,Fin,3,850,TA,216,229,0,0,0,0,NA,0,9,2006,465000
1245,,11435.52925,11435,Corner,1Fam,2Story,8,7,1929,1950,BrkFace,Stucco,None,0,TA,TA,PConc,Gd,TA,No,Unf,0,0,792,792,Y,SBrkr,792,725,0,1517,0,0,1,0,3,1,Gd,7,Typ,2,Gd,1931,Unf,2,400,TA,0,0,0,0,0,0,NA,0,6,2006,230000
1246,78,12090.34099,12090,Inside,1Fam,SLvl,6,7,1984,2003,VinylSd,VinylSd,BrkFace,74,TA,TA,CBlock,Gd,TA,No,Unf,0,0,585,585,Y,SBrkr,1140,728,0,1868,0,0,3,1,3,1,TA,7,Typ,1,TA,1984,Fin,2,477,TA,268,112,0,0,147,0,NA,0,1,2007,178000
1247,65,8125.009049,8125,Inside,1Fam,2Story,7,5,2005,2006,VinylSd,VinylSd,None,0,Gd,TA,PConc,Gd,TA,No,Unf,0,0,756,756,Y,SBrkr,756,797,0,1553,0,0,2,1,3,1,Gd,6,Typ,0,NA,2005,RFn,2,615,TA,0,45,0,0,0,0,NA,0,3,2006,186500
1248,,12328.84842,12328,Inside,1Fam,SLvl,6,5,1976,1976,HdBoard,HdBoard,BrkFace,335,TA,TA,CBlock,TA,TA,Av,GLQ,539,0,473,1012,Y,SBrkr,1034,0,0,1034,1,0,1,0,3,1,TA,6,Typ,0,NA,1976,Unf,3,888,TA,0,0,0,0,0,0,NA,0,5,2010,169900
1249,60,9600.100204,9600,Inside,1Fam,2.5Unf,6,5,1917,1950,AsbShng,AsbShng,None,0,TA,TA,BrkTil,Gd,TA,No,Rec,319,0,416,735,N,SBrkr,1134,924,0,2058,0,0,1,1,3,1,TA,8,Typ,1,Gd,1950,Unf,2,396,Fa,0,0,259,0,0,0,NA,0,4,2008,129500
1250,60,7200.717705,7200,Inside,1Fam,1Story,5,7,1950,1950,MetalSd,MetalSd,None,0,TA,TA,CBlock,TA,TA,No,BLQ,534,96,246,876,Y,SBrkr,988,0,0,988,0,0,1,0,3,1,TA,6,Typ,0,NA,1950,Unf,1,276,TA,0,80,0,0,0,0,NA,0,5,2007,119000
1251,93,11160.27585,11160,Corner,1Fam,1Story,7,5,1968,1968,BrkFace,BrkFace,None,0,Gd,TA,CBlock,TA,TA,No,ALQ,1065,0,1045,2110,Y,SBrkr,2110,0,0,2110,1,0,2,1,3,1,Ex,8,Typ,2,TA,1968,Fin,2,522,TA,0,0,0,0,0,0,NA,0,4,2010,244000
1252,,3136.225877,3136,Corner,TwnhsE,1Story,7,5,2003,2003,VinylSd,Wd Shng,Stone,163,Gd,TA,PConc,Gd,TA,No,Unf,0,0,1405,1405,Y,SBrkr,1405,0,0,1405,0,0,2,0,2,1,Gd,6,Typ,1,Gd,2003,RFn,2,478,TA,148,36,0,0,0,0,NA,0,3,2006,171750
1253,62,9858.293949,9858,Inside,1Fam,1Story,5,6,1968,1968,HdBoard,HdBoard,None,0,TA,TA,CBlock,TA,TA,No,BLQ,510,0,354,864,Y,SBrkr,874,0,0,874,1,0,1,0,3,1,TA,5,Typ,0,NA,1968,RFn,1,288,TA,33,0,0,0,0,0,Shed,600,11,2009,130000
1254,,17542.53839,17542,Inside,1Fam,2Story,7,7,1974,2003,Wd Sdng,Wd Sdng,None,0,Gd,TA,CBlock,TA,TA,Gd,LwQ,125,1031,36,1192,Y,SBrkr,1516,651,0,2167,1,0,2,1,3,1,Gd,9,Typ,2,Gd,1974,RFn,2,518,TA,220,47,0,0,0,0,NA,0,7,2007,294000
1255,60,6931.689072,6931,Inside,1Fam,2Story,7,5,2003,2004,VinylSd,VinylSd,Stone,92,Gd,TA,PConc,Gd,TA,No,Unf,0,0,746,746,Y,SBrkr,760,896,0,1656,0,0,2,1,3,1,Gd,7,Typ,1,Gd,2003,Fin,2,397,TA,178,128,0,0,0,0,NA,0,7,2008,165400
1256,52,6240.963555,6240,Inside,1Fam,1.5Fin,6,6,1931,1950,Wd Sdng,Wd Sdng,None,0,TA,TA,BrkTil,TA,Fa,No,LwQ,425,0,459,884,Y,FuseA,959,408,0,1367,0,0,1,0,3,1,TA,6,Typ,1,Gd,1978,Unf,1,560,TA,0,0,0,0,120,0,NA,0,11,2007,127500
1257,91,14303.00452,14303,Corner,1Fam,1Story,8,5,1994,1994,HdBoard,HdBoard,BrkFace,554,Gd,TA,PConc,Gd,TA,Gd,GLQ,1314,0,672,1986,Y,SBrkr,1987,0,0,1987,1,0,2,0,2,1,Gd,7,Typ,1,TA,1994,Fin,2,691,TA,262,36,0,0,0,0,NA,0,8,2008,301500
1258,56,4060.158522,4060,Corner,1Fam,1Story,5,8,1922,1950,Wd Sdng,Wd Sdng,None,0,TA,TA,PConc,Fa,TA,No,Unf,0,0,864,864,Y,SBrkr,864,0,0,864,0,0,1,0,2,1,TA,4,Typ,0,NA,NA,NA,0,0,NA,0,96,0,0,0,0,NA,0,7,2009,99900
1259,59,9587.370439,9587,Inside,1Fam,SLvl,7,5,2005,2005,VinylSd,VinylSd,Stone,182,Gd,TA,PConc,Gd,TA,Gd,GLQ,655,0,201,856,Y,SBrkr,1166,0,0,1166,1,0,2,0,2,1,Gd,5,Typ,0,NA,2005,Fin,2,400,TA,212,0,0,0,0,0,NA,0,7,2008,190000
1260,65,9750.389608,9750,FR2,1Fam,1Story,6,8,1969,1969,HdBoard,HdBoard,None,0,TA,TA,CBlock,Gd,TA,No,ALQ,602,438,14,1054,Y,SBrkr,1054,0,0,1054,1,0,1,1,3,1,TA,6,Typ,0,NA,1969,Unf,2,460,TA,180,0,0,0,80,0,NA,0,7,2008,151000
1261,,24682.91932,24682,CulDSac,1Fam,2Story,6,5,1999,1999,VinylSd,VinylSd,None,0,TA,TA,PConc,Gd,TA,No,Unf,0,0,841,841,Y,SBrkr,892,783,0,1675,0,0,2,1,3,1,TA,7,Typ,1,TA,1999,Fin,2,502,TA,0,103,0,0,0,0,NA,0,6,2009,181000
1262,80,9600.398189,9600,Inside,1Fam,1Story,5,6,1956,1956,MetalSd,MetalSd,None,0,TA,TA,CBlock,TA,TA,No,Rec,504,0,546,1050,Y,SBrkr,1050,0,0,1050,0,0,1,0,2,1,TA,5,Typ,0,NA,1956,Unf,1,338,TA,0,0,0,0,0,0,NA,0,6,2009,128900
1263,,11250.47224,11250,Inside,1Fam,1.5Fin,4,5,1957,1989,Wd Sdng,Wd Sdng,None,0,TA,TA,CBlock,TA,TA,Av,Unf,0,0,1104,1104,Y,FuseA,1104,684,0,1788,1,0,1,0,5,1,TA,8,Min2,2,TA,1957,Unf,1,304,TA,120,0,0,0,0,0,NA,0,11,2009,161500
1264,60,13515.72847,13515,Inside,1Fam,2Story,6,6,1919,1950,Wd Sdng,Wd Sdng,None,0,TA,TA,PConc,TA,TA,No,Unf,0,0,764,764,Y,FuseA,1060,764,0,1824,0,0,1,0,3,1,TA,8,Typ,1,Gd,1940,Unf,2,520,TA,0,0,126,0,0,0,NA,0,7,2007,180500
1265,34,4060.110438,4060,Inside,TwnhsE,1Story,6,5,1998,1999,MetalSd,MetalSd,None,0,Gd,TA,PConc,Gd,TA,No,GLQ,266,0,1139,1405,Y,SBrkr,1337,0,0,1337,1,0,2,0,2,1,Gd,5,Typ,0,NA,1998,Fin,2,511,TA,144,68,0,0,0,0,NA,0,8,2008,181000
1266,35,3735.415237,3735,FR3,TwnhsE,2Story,7,5,1999,1999,MetalSd,MetalSd,BrkFace,218,Gd,TA,PConc,Gd,TA,No,GLQ,450,0,241,691,Y,SBrkr,713,739,0,1452,1,0,2,1,3,1,Gd,6,Typ,0,NA,1999,Unf,2,506,TA,0,34,0,0,0,0,NA,0,3,2006,183900
1267,60,10120.55649,10120,Inside,2fmCon,2.5Unf,7,4,1910,1950,Wd Sdng,Wd Sdng,None,0,Fa,TA,CBlock,TA,TA,No,Unf,0,0,925,925,N,FuseF,964,925,0,1889,0,0,1,1,4,2,TA,9,Typ,1,Gd,1960,Unf,1,308,TA,0,0,264,0,0,0,NA,0,1,2007,122000
1268,89,13214.41608,13214,Inside,1Fam,1Story,9,5,2008,2009,Stucco,CmentBd,None,0,Ex,TA,PConc,Ex,TA,Gd,Unf,0,0,2002,2002,Y,SBrkr,2018,0,0,2018,0,0,2,0,3,1,Ex,10,Typ,1,Gd,2009,Fin,3,746,TA,144,76,0,0,0,0,NA,0,5,2010,378500
1269,,14100.56722,14100,Inside,1Fam,1.5Fin,8,9,1935,1997,Stucco,Stucco,BrkFace,632,TA,Gd,CBlock,TA,TA,Mn,Rec,192,0,536,728,Y,SBrkr,1968,1479,0,3447,0,0,3,1,4,1,Gd,11,Typ,2,Gd,1982,Unf,3,1014,TA,314,12,0,0,0,0,NA,0,5,2008,381000
1270,78,11344.88981,11344,Inside,1Fam,1.5Fin,5,5,1958,1958,MetalSd,MetalSd,BrkFace,180,TA,TA,CBlock,TA,TA,No,BLQ,460,0,414,874,Y,FuseA,874,650,0,1524,0,0,1,1,3,1,TA,7,Typ,0,NA,1958,Unf,1,315,TA,0,0,0,0,0,0,NA,0,7,2007,144000
1271,,23595.83073,23595,Inside,1Fam,1Story,7,6,1979,1979,Plywood,Plywood,None,0,Gd,TA,PConc,Gd,TA,Gd,GLQ,1258,0,74,1332,Y,SBrkr,1332,192,0,1524,2,0,0,1,0,1,Gd,4,Typ,1,TA,1979,Fin,2,586,TA,268,0,0,0,0,0,NA,0,4,2010,260000
1272,,9156.484898,9156,Inside,1Fam,1Story,6,7,1968,1968,BrkFace,BrkFace,None,0,TA,TA,CBlock,TA,TA,No,Unf,0,0,1489,1489,Y,SBrkr,1489,0,0,1489,0,0,2,0,3,1,Gd,7,Typ,1,Gd,1968,RFn,2,462,TA,0,0,0,0,0,0,NA,0,8,2009,185750
1273,,13526.66041,13526,CulDSac,1Fam,1Story,5,6,1965,1965,HdBoard,Plywood,BrkFace,114,TA,TA,CBlock,TA,TA,No,BLQ,560,375,0,935,Y,SBrkr,935,0,0,935,1,0,1,0,3,1,TA,5,Typ,0,NA,1965,Unf,1,288,TA,180,0,0,0,0,0,NA,0,11,2006,137000
1274,124,11512.90155,11512,Corner,1Fam,SLvl,6,7,1959,2006,Plywood,Plywood,BrkFace,84,TA,TA,CBlock,TA,TA,Av,ALQ,719,0,300,1019,Y,SBrkr,1357,0,0,1357,1,0,1,0,2,1,Ex,5,Typ,1,Gd,1959,RFn,1,312,TA,0,0,0,0,163,0,NA,0,5,2008,177000
1275,53,5362.28804,5362,Corner,1Fam,1.5Fin,5,6,1910,2003,Wd Sdng,Wd Shng,None,0,TA,TA,PConc,TA,TA,No,Unf,0,0,661,661,Y,SBrkr,661,589,0,1250,0,0,2,0,3,1,TA,8,Typ,1,Gd,1985,Unf,2,552,TA,242,0,81,0,0,0,NA,0,11,2007,139000
1276,95,11345.64843,11345,Corner,Duplex,2Story,5,5,1948,1950,AsbShng,AsbShng,Stone,567,TA,TA,CBlock,TA,TA,No,Rec,220,0,708,928,Y,FuseA,928,992,0,1920,0,0,2,0,4,2,TA,10,Typ,0,NA,1948,Unf,2,400,TA,0,0,0,0,0,0,NA,0,7,2007,137000
1277,,12936.93158,12936,CulDSac,1Fam,2Story,6,6,1972,1972,HdBoard,Plywood,None,0,TA,TA,CBlock,TA,Gd,No,BLQ,593,0,130,723,Y,SBrkr,735,660,0,1395,0,1,1,1,3,1,TA,6,Typ,1,TA,1972,Unf,2,497,TA,294,116,0,0,0,0,NA,0,12,2009,162000
1278,,17871.72929,17871,CulDSac,1Fam,SLvl,6,5,1967,1976,HdBoard,HdBoard,BrkFace,359,TA,TA,CBlock,Gd,TA,Av,ALQ,528,0,1152,1680,Y,SBrkr,1724,0,0,1724,1,0,1,1,3,1,TA,7,Typ,1,Gd,1967,RFn,2,480,TA,0,0,0,0,0,0,NA,0,6,2009,197900
1279,75,9473.405228,9473,Inside,1Fam,2Story,8,5,2002,2002,VinylSd,VinylSd,NA,NA,Gd,TA,PConc,Gd,TA,No,GLQ,804,0,324,1128,Y,SBrkr,1128,903,0,2031,1,0,2,1,3,1,Gd,7,Typ,1,Gd,2002,RFn,2,577,TA,0,211,0,0,0,0,NA,0,3,2008,237000
1280,60,7500.891945,7500,Inside,1Fam,1.5Fin,4,4,1920,1950,MetalSd,MetalSd,None,0,TA,Gd,CBlock,TA,TA,No,Unf,0,0,698,698,Y,FuseA,698,430,0,1128,0,0,1,0,2,1,TA,6,Typ,0,NA,1980,RFn,2,528,TA,30,0,164,0,0,0,NA,0,4,2010,68400
1281,67,9808.661178,9808,Inside,1Fam,1Story,7,5,2002,2002,VinylSd,VinylSd,BrkFace,110,Gd,TA,PConc,Gd,TA,No,GLQ,788,0,785,1573,Y,SBrkr,1573,0,0,1573,1,0,2,0,3,1,Gd,6,Typ,0,NA,2002,RFn,2,544,TA,0,72,0,0,0,0,NA,0,3,2009,227000
1282,50,8049.558105,8049,CulDSac,1Fam,1Story,7,5,1990,1990,HdBoard,HdBoard,BrkFace,54,TA,TA,CBlock,Gd,TA,No,ALQ,1053,0,256,1309,Y,SBrkr,1339,0,0,1339,1,0,2,0,2,1,TA,6,Typ,1,TA,1990,Fin,2,484,Gd,0,58,0,0,90,0,NA,0,7,2006,180000
1283,61,8800.815838,8800,Inside,1Fam,1Story,5,7,1977,2008,HdBoard,HdBoard,None,0,TA,TA,CBlock,Gd,TA,Mn,LwQ,532,144,364,1040,Y,SBrkr,1040,0,0,1040,0,0,2,0,3,1,Gd,5,Typ,0,NA,1977,Unf,2,484,TA,0,0,0,0,288,0,NA,0,9,2009,150500
1284,94,9400.958759,9400,Corner,Duplex,2Story,6,5,1971,1971,MetalSd,Wd Shng,None,0,TA,TA,CBlock,TA,TA,Av,Unf,0,0,912,912,Y,SBrkr,912,912,0,1824,0,0,2,2,4,2,TA,8,Typ,0,NA,NA,NA,0,0,NA,128,0,0,0,0,0,NA,0,4,2010,139000
1285,50,9638.384175,9638,Inside,1Fam,1.5Fin,6,7,1919,1990,Wd Sdng,Wd Shng,None,0,TA,TA,PConc,TA,TA,No,Unf,0,0,804,804,Y,SBrkr,1699,748,0,2447,0,0,2,0,4,1,Gd,10,Min2,1,Gd,1969,Unf,1,336,TA,272,0,42,0,116,0,NA,0,3,2010,169000
1286,50,6000.73957,6000,Inside,1Fam,1.5Fin,6,6,1939,1950,MetalSd,MetalSd,None,0,TA,Fa,CBlock,TA,TA,No,Unf,0,0,780,780,Y,FuseF,825,587,0,1412,0,0,1,0,4,1,TA,6,Typ,1,Gd,1939,Unf,1,280,TA,45,0,0,0,0,0,NA,0,5,2009,132500
1287,,9790.29356,9790,Inside,1Fam,1Story,6,5,1963,1963,HdBoard,HdBoard,BrkFace,451,TA,TA,CBlock,TA,TA,No,ALQ,569,81,678,1328,Y,SBrkr,1328,0,0,1328,1,0,1,1,3,1,TA,6,Typ,2,Gd,1963,Unf,2,528,TA,0,26,0,0,0,0,NA,0,6,2010,143000
1288,,36500.11108,36500,Inside,1Fam,1Story,5,5,1964,1964,Wd Sdng,Wd Sdng,BrkCmn,621,TA,Gd,CBlock,TA,TA,Av,Rec,812,0,812,1624,Y,SBrkr,1582,0,0,1582,0,1,2,0,4,1,TA,7,Typ,0,NA,1964,Unf,2,390,TA,168,198,0,0,0,0,NA,0,6,2006,190000
1289,40,5664.894642,5664,Inside,TwnhsE,1Story,8,5,2000,2000,CemntBd,CmentBd,None,0,Gd,TA,PConc,Gd,TA,No,GLQ,1158,0,343,1501,Y,SBrkr,1659,0,0,1659,1,0,2,0,2,1,Ex,5,Typ,1,Ex,2000,Fin,2,499,TA,212,59,0,0,0,0,NA,0,10,2009,278000
1290,86,11065.81847,11065,Inside,1Fam,2Story,8,5,2006,2006,VinylSd,VinylSd,Stone,788,Gd,TA,PConc,Gd,TA,Mn,Unf,0,0,1085,1085,Y,SBrkr,1120,850,0,1970,0,0,2,1,3,1,Ex,8,Typ,1,Gd,2006,Fin,3,753,TA,177,74,0,0,0,0,NA,0,10,2006,281000
1291,,14112.45688,14112,Corner,1Fam,SLvl,5,7,1964,1964,Wd Sdng,HdBoard,BrkFace,86,TA,TA,PConc,TA,TA,Av,GLQ,1014,0,138,1152,Y,SBrkr,1152,0,0,1152,1,0,1,0,3,1,TA,6,Typ,1,Gd,1964,RFn,2,484,TA,227,0,0,0,0,0,NA,0,4,2010,180500
1292,21,1680.939628,1680,Inside,Twnhs,2Story,5,7,1972,1972,CemntBd,CmentBd,BrkFace,268,TA,TA,CBlock,TA,TA,No,ALQ,231,0,399,630,Y,SBrkr,630,672,0,1302,0,0,2,1,3,1,TA,6,Typ,0,NA,1972,Unf,1,264,TA,185,0,0,0,0,0,NA,0,2,2009,119500
1293,60,6600.308597,6600,Corner,1Fam,2Story,5,4,1892,1965,Wd Sdng,Wd Sdng,None,0,TA,TA,Stone,TA,TA,No,Unf,0,0,994,994,N,SBrkr,1378,994,0,2372,0,0,2,0,4,2,TA,11,Min2,0,NA,1985,RFn,1,432,TA,0,287,0,0,0,0,NA,0,12,2009,107500
1294,78,10140.01296,10140,Inside,1Fam,2Story,7,5,1976,1976,HdBoard,HdBoard,None,0,TA,TA,PConc,Gd,TA,No,GLQ,194,0,638,832,Y,SBrkr,832,832,0,1664,0,0,2,1,4,1,TA,8,Typ,1,TA,1976,RFn,2,528,TA,0,28,0,0,259,0,NA,0,3,2006,162900
1295,60,8172.837189,8172,Inside,1Fam,1Story,5,7,1955,1990,WdShing,Plywood,None,0,TA,TA,CBlock,TA,TA,No,Rec,167,0,697,864,Y,SBrkr,864,0,0,864,1,0,1,0,2,1,TA,5,Typ,0,NA,1957,Unf,2,572,TA,0,0,0,0,0,0,NA,0,4,2006,115000
1296,70,8400.798095,8400,Inside,1Fam,1Story,5,5,1968,1968,HdBoard,HdBoard,BrkFace,168,TA,TA,CBlock,TA,TA,Av,BLQ,1016,0,36,1052,Y,SBrkr,1052,0,0,1052,1,0,1,1,3,1,TA,5,Typ,0,NA,1968,RFn,1,288,TA,356,0,0,0,0,0,NA,0,11,2006,138500
1297,80,8700.439271,8700,Inside,1Fam,1Story,5,6,1963,1963,MetalSd,MetalSd,BrkFace,148,TA,Gd,CBlock,TA,TA,Mn,ALQ,776,0,344,1120,Y,SBrkr,1128,0,0,1128,1,0,2,0,3,1,TA,6,Typ,0,NA,1963,RFn,2,525,TA,192,20,123,0,0,0,NA,0,12,2008,155000
1298,35,3675.215003,3675,Inside,TwnhsE,SFoyer,6,5,2005,2006,VinylSd,VinylSd,BrkFace,82,TA,TA,PConc,Gd,TA,Gd,GLQ,547,0,0,547,Y,SBrkr,1072,0,0,1072,1,0,2,0,2,1,TA,5,Typ,0,NA,2005,Fin,2,525,TA,0,44,0,0,0,0,NA,0,6,2006,140000
1299,313,63887.34027,63887,Corner,1Fam,2Story,10,5,2008,2008,Stucco,Stucco,Stone,796,Ex,TA,PConc,Ex,TA,Gd,GLQ,5644,0,466,6110,Y,SBrkr,4692,950,0,5642,2,0,2,1,3,1,Ex,12,Typ,3,Gd,2008,Fin,2,1418,TA,214,292,0,0,0,480,NA,0,1,2008,160000
1300,75,7500.646655,7500,Inside,1Fam,1Story,5,7,1959,1994,BrkFace,BrkFace,None,0,TA,TA,CBlock,TA,TA,No,LwQ,340,906,0,1246,Y,SBrkr,1246,0,0,1246,1,0,1,1,3,1,Gd,6,Typ,0,NA,1959,RFn,1,305,TA,218,0,0,0,0,0,NA,0,5,2010,154000
1301,,10762.07963,10762,CulDSac,1Fam,2Story,7,5,1999,1999,VinylSd,VinylSd,None,344,Gd,TA,PConc,Gd,TA,No,GLQ,694,0,284,978,Y,SBrkr,1005,978,0,1983,0,0,2,1,3,1,Gd,9,Typ,1,TA,1999,Fin,2,490,TA,0,0,0,0,0,0,NA,0,5,2009,225000
1302,,7500.863837,7500,Inside,1Fam,2Story,6,7,1942,1950,Wd Sdng,Wd Sdng,None,0,TA,TA,CBlock,TA,TA,No,BLQ,547,0,224,771,Y,SBrkr,753,741,0,1494,0,0,1,0,3,1,Gd,7,Typ,2,Gd,1942,Unf,1,213,TA,0,0,0,0,224,0,NA,0,11,2009,177500
1303,92,10120.67509,10120,Inside,1Fam,2Story,8,5,1994,1994,VinylSd,VinylSd,BrkFace,391,Gd,TA,PConc,Gd,TA,No,GLQ,740,0,425,1165,Y,SBrkr,1203,1323,0,2526,1,0,2,1,4,1,Gd,8,Typ,1,TA,1994,RFn,3,844,TA,309,78,0,0,0,0,NA,0,12,2006,290000
1304,73,8688.702731,8688,Inside,1Fam,1Story,7,5,2005,2005,VinylSd,VinylSd,BrkFace,228,Gd,TA,PConc,Gd,TA,Av,Unf,0,0,1616,1616,Y,SBrkr,1616,0,0,1616,0,0,2,0,3,1,Gd,7,Typ,0,NA,2005,RFn,3,834,TA,208,59,0,0,0,0,NA,0,4,2006,232000
1305,32,3363.784134,3363,Inside,TwnhsE,2Story,7,5,2004,2004,VinylSd,VinylSd,Stone,117,Gd,TA,PConc,Gd,TA,No,Unf,0,0,976,976,Y,SBrkr,976,732,0,1708,0,0,2,0,3,1,Gd,7,Maj1,0,NA,2004,Unf,2,380,TA,0,40,0,0,0,0,NA,0,4,2006,130000
1306,108,13173.23805,13173,Corner,1Fam,1Story,9,5,2006,2007,VinylSd,VinylSd,Stone,300,Gd,TA,PConc,Ex,TA,No,GLQ,1572,0,80,1652,Y,SBrkr,1652,0,0,1652,1,0,2,0,2,1,Ex,6,Typ,2,Ex,2006,Fin,2,840,TA,404,102,0,0,0,0,NA,0,11,2009,325000
1307,48,6955.023963,6955,Inside,TwnhsE,1Story,7,5,2005,2006,VinylSd,VinylSd,Stone,94,Gd,TA,PConc,Gd,TA,No,Unf,0,0,1368,1368,Y,SBrkr,1368,0,0,1368,0,0,2,0,2,1,Gd,6,Typ,1,Gd,2005,RFn,2,474,TA,132,35,0,0,0,0,NA,0,9,2006,202500
1308,60,8072.317953,8072,Inside,1Fam,1Story,5,5,1994,1995,VinylSd,VinylSd,None,0,TA,Gd,PConc,Gd,Gd,No,ALQ,746,0,244,990,Y,SBrkr,990,0,0,990,1,0,1,0,3,1,TA,5,Typ,0,NA,2000,Unf,2,480,TA,0,64,0,0,0,0,NA,0,5,2009,138000
1309,100,12000.39495,12000,Inside,1Fam,1Story,5,7,1948,2005,MetalSd,MetalSd,None,0,TA,TA,CBlock,TA,TA,No,GLQ,144,608,172,924,Y,SBrkr,1122,0,0,1122,1,0,1,0,2,1,Gd,6,Typ,0,NA,1948,Unf,2,528,TA,0,36,0,0,0,0,NA,0,5,2008,147000
1310,,7153.810003,7153,Inside,1Fam,1Story,6,5,1991,1991,HdBoard,HdBoard,BrkFace,88,TA,TA,CBlock,Gd,TA,No,GLQ,1200,0,78,1278,Y,SBrkr,1294,0,0,1294,1,0,2,0,3,1,Gd,6,Typ,0,NA,1991,RFn,2,496,TA,112,51,0,0,0,0,NA,0,6,2008,179200
1311,100,17500.08456,17500,Inside,1Fam,1Story,7,8,1959,2002,BrkFace,HdBoard,None,0,Gd,Gd,PConc,Gd,TA,Av,GLQ,1406,0,496,1902,Y,SBrkr,1902,0,0,1902,1,0,2,0,3,1,Ex,7,Typ,2,TA,1959,Fin,2,567,TA,0,207,162,0,0,0,NA,0,5,2010,335000
1312,68,8814.926898,8814,Inside,1Fam,1Story,7,5,2005,2007,VinylSd,VinylSd,BrkFace,80,Gd,TA,PConc,Gd,TA,No,GLQ,925,0,349,1274,Y,SBrkr,1274,0,0,1274,1,0,2,0,3,1,Gd,6,Typ,0,NA,2005,RFn,2,508,TA,264,98,0,0,0,0,NA,0,1,2007,203000
1313,,9572.867534,9572,Inside,1Fam,2Story,8,5,1990,1990,Wd Sdng,Wd Sdng,BrkFace,336,Gd,TA,PConc,Ex,TA,No,GLQ,482,0,971,1453,Y,SBrkr,1453,1357,0,2810,0,0,2,1,4,1,Gd,9,Typ,1,Ex,1990,RFn,2,750,Gd,500,0,0,0,0,0,NA,0,6,2007,302000
1314,108,14774.31155,14774,Corner,1Fam,2Story,9,5,1999,1999,VinylSd,VinylSd,BrkFace,165,Gd,TA,PConc,Gd,TA,No,Unf,0,0,1393,1393,Y,SBrkr,1422,1177,0,2599,0,0,2,1,4,1,Gd,10,Typ,1,TA,1999,Fin,3,779,TA,668,30,0,0,0,0,NA,0,5,2010,333168
1315,60,8190.627045,8190,Inside,1Fam,1Story,4,6,1954,1954,Wd Sdng,Wd Sdng,None,0,TA,TA,CBlock,TA,TA,No,Rec,732,0,216,948,Y,SBrkr,948,0,0,948,1,0,1,0,3,1,TA,5,Typ,1,TA,1956,Unf,1,280,TA,0,36,0,0,0,0,NA,0,10,2007,119000
1316,85,11075.74623,11075,Inside,1Fam,2Story,6,5,1969,1969,HdBoard,HdBoard,None,0,TA,TA,CBlock,Fa,TA,Mn,ALQ,500,276,176,952,Y,SBrkr,1092,1020,0,2112,0,0,2,1,4,1,TA,9,Typ,2,Gd,1969,Unf,2,576,TA,280,0,0,0,0,0,NA,0,6,2008,206900
1317,61,10226.91618,10226,Inside,1Fam,1Story,8,5,2008,2008,VinylSd,VinylSd,Stone,270,Gd,TA,PConc,Ex,TA,Gd,Unf,0,0,1622,1622,Y,SBrkr,1630,0,0,1630,1,0,2,0,3,1,Ex,8,Typ,1,Gd,2008,RFn,3,860,TA,172,42,0,0,0,0,NA,0,1,2009,295493
1318,47,4230.070988,4230,Corner,TwnhsE,1Story,7,5,2006,2007,VinylSd,VinylSd,None,0,Gd,TA,PConc,Ex,Gd,No,Unf,0,0,1352,1352,Y,SBrkr,1352,0,0,1352,0,0,2,0,2,1,Gd,5,Typ,1,Gd,2006,RFn,2,466,TA,0,241,0,0,0,0,NA,0,4,2007,208900
1319,,14781.87849,14781,CulDSac,1Fam,1Story,8,5,2001,2002,VinylSd,VinylSd,BrkFace,178,Gd,TA,PConc,Gd,TA,Gd,Unf,0,0,1753,1753,Y,SBrkr,1787,0,0,1787,0,0,2,0,3,1,Gd,7,Typ,1,TA,2001,RFn,3,748,TA,198,150,0,0,0,0,NA,0,8,2006,275000
1320,75,10215.14212,10215,Inside,1Fam,1Story,4,5,1954,1954,Wd Sdng,Wd Sdng,BrkFace,132,TA,TA,PConc,TA,TA,No,ALQ,492,0,372,864,Y,SBrkr,948,0,0,948,0,0,1,0,3,1,TA,5,Typ,0,NA,1954,Unf,1,248,TA,0,0,0,0,0,0,NA,0,2,2007,111000
1321,70,8400.622305,8400,Inside,1Fam,1Story,6,3,1957,1957,BrkFace,BrkFace,None,0,TA,TA,CBlock,TA,TA,No,ALQ,189,661,628,1478,Y,SBrkr,1478,0,0,1478,1,0,1,1,3,1,TA,6,Typ,2,Gd,1957,RFn,2,442,TA,114,0,0,0,216,0,NA,0,6,2009,156500
1322,,6627.998542,6627,Corner,1Fam,1Story,3,6,1949,1950,VinylSd,VinylSd,None,0,TA,TA,CBlock,NA,NA,NA,NA,0,0,0,0,N,SBrkr,720,0,0,720,0,0,1,0,2,1,TA,4,Typ,0,NA,1955,Unf,1,287,TA,0,0,0,0,0,0,NA,0,7,2008,72500
1323,107,10186.37188,10186,Inside,1Fam,2Story,7,5,1992,1992,HdBoard,HdBoard,None,0,Gd,TA,PConc,Gd,TA,No,GLQ,674,0,76,750,Y,SBrkr,1061,862,0,1923,1,0,2,1,3,1,Gd,8,Typ,1,TA,1992,RFn,2,564,TA,240,39,0,0,0,0,NA,0,6,2010,190000
1324,50,5330.229314,5330,Inside,1Fam,1Story,4,7,1940,1950,VinylSd,VinylSd,None,0,Fa,TA,CBlock,TA,TA,No,LwQ,280,0,140,420,Y,SBrkr,708,0,0,708,0,0,1,0,2,1,Fa,5,Typ,0,NA,NA,NA,0,0,NA,164,0,0,0,0,0,NA,0,12,2009,82500
1325,75,9986.426456,9986,Inside,1Fam,1Story,8,5,2006,2007,VinylSd,VinylSd,BrkFace,428,Gd,TA,PConc,Ex,TA,Av,Unf,0,0,1795,1795,Y,SBrkr,1795,0,0,1795,0,0,2,0,2,1,Gd,7,Typ,1,Gd,2007,RFn,3,895,TA,0,49,0,0,0,0,NA,0,2,2007,147000
1326,40,3636.32149,3636,Inside,1Fam,1Story,4,4,1922,1950,AsbShng,AsbShng,None,0,TA,TA,BrkTil,TA,Fa,No,Unf,0,0,796,796,N,SBrkr,796,0,0,796,0,0,1,0,2,1,TA,5,Typ,0,NA,NA,NA,0,0,NA,0,0,100,0,0,0,NA,0,1,2008,55000
1327,70,4270.378616,4270,Inside,1Fam,1Story,3,6,1931,2006,MetalSd,MetalSd,None,0,TA,TA,BrkTil,TA,TA,No,Rec,544,0,0,544,Y,SBrkr,774,0,0,774,0,0,1,0,3,1,Gd,6,Typ,0,NA,NA,NA,0,0,NA,0,0,286,0,0,0,NA,0,5,2007,79000
1328,60,6600.317056,6600,Inside,1Fam,1Story,5,9,1982,2008,VinylSd,VinylSd,None,0,Gd,Gd,CBlock,TA,TA,No,ALQ,641,0,175,816,Y,SBrkr,816,0,0,816,0,1,1,0,3,1,Gd,5,Typ,1,Ex,1982,Unf,1,264,TA,0,0,0,0,0,0,NA,0,10,2008,130500
1329,60,10440.85979,10440,Corner,1Fam,1.5Fin,6,7,1920,1950,BrkFace,Wd Sdng,None,0,Gd,Gd,BrkTil,Gd,TA,No,LwQ,493,0,1017,1510,Y,SBrkr,1584,1208,0,2792,0,0,2,0,5,1,TA,8,Mod,2,TA,1920,Unf,2,520,Fa,0,547,0,0,480,0,Shed,1150,6,2008,256000
1330,63,9084.799648,9084,Inside,1Fam,2Story,7,5,1998,1998,VinylSd,VinylSd,None,0,TA,TA,PConc,Gd,TA,No,Unf,0,0,935,935,Y,SBrkr,955,677,0,1632,0,0,2,1,3,1,TA,8,Typ,1,TA,1998,Fin,2,462,TA,0,28,0,0,0,0,NA,0,6,2006,176500
1331,85,10000.68085,10000,Inside,1Fam,1Story,8,5,2006,2006,VinylSd,VinylSd,Stone,410,Gd,TA,PConc,Gd,Gd,Av,Unf,0,0,1588,1588,Y,SBrkr,1588,0,0,1588,0,0,2,0,3,1,Gd,7,Typ,1,Gd,2006,RFn,3,825,TA,144,45,0,0,0,0,NA,0,12,2007,227000
1332,55,10780.2749,10780,Inside,1Fam,SLvl,5,5,1976,1976,MetalSd,MetalSd,None,0,TA,TA,CBlock,TA,TA,Av,ALQ,483,0,428,911,Y,SBrkr,954,0,0,954,0,0,1,0,3,1,TA,6,Typ,0,NA,1976,Unf,2,576,TA,0,0,0,0,0,0,NA,0,7,2006,132500
1333,67,8877.96131,8877,Inside,1Fam,1Story,4,6,1938,1958,MetalSd,MetalSd,None,0,TA,TA,CBlock,TA,TA,Mn,ALQ,690,0,126,816,Y,SBrkr,816,0,0,816,1,0,1,0,2,1,TA,3,Typ,1,Gd,1958,Unf,1,288,Fa,0,0,0,0,0,0,NA,0,5,2009,100000
1334,60,7200.688315,7200,Corner,1Fam,1.5Fin,5,6,1938,1995,Wd Sdng,Wd Sdng,None,0,TA,TA,CBlock,TA,TA,No,Unf,0,0,803,803,Y,SBrkr,803,557,0,1360,0,0,1,1,2,1,Gd,6,Typ,0,NA,1951,Unf,1,297,TA,0,65,190,0,0,0,NA,0,7,2006,125500
1335,24,2368.234301,2368,Inside,TwnhsE,2Story,5,6,1970,1970,HdBoard,HdBoard,None,312,TA,TA,CBlock,TA,TA,No,LwQ,765,0,0,765,Y,SBrkr,765,600,0,1365,0,0,1,1,3,1,TA,7,Min1,0,NA,1970,Unf,2,440,TA,0,36,0,0,0,0,NA,0,5,2009,125000
1336,80,9650.755932,9650,Inside,1Fam,1Story,6,5,1977,1977,Plywood,Plywood,BrkFace,360,TA,TA,CBlock,Gd,TA,No,ALQ,686,0,664,1350,Y,SBrkr,1334,0,0,1334,0,1,2,0,2,1,TA,6,Typ,1,TA,1977,RFn,2,630,TA,0,16,0,0,0,0,NA,0,4,2009,167900
1337,87,9246.574516,9246,Inside,Duplex,1Story,5,5,1973,1973,Plywood,Plywood,BrkFace,564,TA,TA,CBlock,TA,TA,No,Unf,0,0,1656,1656,Y,SBrkr,1656,0,0,1656,0,0,2,0,4,2,TA,8,Typ,0,NA,1973,Unf,2,506,TA,0,211,0,0,0,0,NA,0,11,2008,135000
1338,153,4118.158013,4118,Corner,1Fam,1Story,4,4,1941,1950,Wd Sdng,Wd Sdng,None,0,TA,TA,CBlock,TA,TA,No,Unf,0,0,693,693,N,FuseA,693,0,0,693,0,0,1,0,2,1,Fa,4,Typ,0,NA,NA,NA,0,0,NA,0,20,0,0,0,0,NA,0,3,2006,52500
1339,95,13450.22204,13450,Corner,1Fam,2Story,7,5,2002,2002,VinylSd,VinylSd,None,0,Gd,TA,PConc,Gd,TA,No,GLQ,700,0,216,916,Y,SBrkr,920,941,0,1861,1,0,2,1,3,1,Gd,8,Typ,0,NA,2002,RFn,2,492,TA,146,91,0,0,0,0,NA,0,6,2006,200000
1340,120,9560.485272,9560,Corner,1Fam,1Story,5,7,1972,1972,MetalSd,MetalSd,None,0,TA,Gd,CBlock,TA,TA,Mn,Rec,360,0,504,864,Y,SBrkr,864,0,0,864,0,0,1,0,3,1,TA,5,Typ,0,NA,1972,RFn,1,288,TA,0,0,0,0,0,0,NA,0,6,2006,128500
1341,70,8294.620166,8294,Inside,1Fam,1Story,4,5,1971,1971,MetalSd,MetalSd,None,0,TA,TA,CBlock,TA,TA,No,Unf,0,0,858,858,Y,SBrkr,872,0,0,872,0,0,1,0,3,1,TA,5,Typ,0,NA,1974,Unf,4,480,TA,0,0,0,0,0,0,NA,0,6,2007,123000
1342,66,13695.22905,13695,Inside,1Fam,1Story,6,5,2003,2004,VinylSd,VinylSd,None,0,TA,TA,PConc,Gd,TA,No,GLQ,814,0,300,1114,Y,SBrkr,1114,0,0,1114,1,0,1,0,3,1,Gd,6,Typ,0,NA,2004,Unf,2,576,TA,0,78,0,0,0,0,NA,0,7,2008,155000
1343,,9375.106357,9375,Inside,1Fam,2Story,8,5,2002,2002,VinylSd,VinylSd,BrkFace,149,Gd,TA,PConc,Gd,TA,No,Unf,0,0,1284,1284,Y,SBrkr,1284,885,0,2169,0,0,2,1,3,1,Gd,7,Typ,1,Gd,2002,RFn,2,647,TA,192,87,0,0,0,0,NA,0,8,2007,228500
1344,57,7558.498516,7558,Inside,1Fam,1.5Fin,6,6,1928,1950,BrkFace,Stone,None,0,TA,TA,BrkTil,TA,TA,No,Unf,0,0,896,896,Y,SBrkr,1172,741,0,1913,0,0,1,1,3,1,TA,9,Typ,1,TA,1929,Unf,2,342,Fa,0,0,0,0,0,0,NA,0,3,2009,177000
1345,85,11103.00167,11103,Corner,1Fam,2Story,7,5,2006,2006,VinylSd,VinylSd,None,0,Gd,TA,PConc,Gd,TA,No,Unf,0,0,728,728,Y,SBrkr,728,728,0,1456,0,0,2,1,3,1,Gd,8,Typ,1,TA,2006,Fin,2,440,TA,0,0,0,0,0,0,NA,0,7,2007,155835
1346,50,6000.533819,6000,Inside,1Fam,1Story,4,4,1920,1950,MetalSd,MetalSd,None,0,TA,TA,PConc,TA,TA,No,ALQ,250,0,710,960,Y,FuseA,960,0,0,960,0,0,1,0,2,1,Fa,5,Typ,0,NA,1997,Unf,1,308,TA,0,0,168,0,0,0,NA,0,7,2007,108500
1347,,20781.54858,20781,CulDSac,1Fam,1Story,7,7,1968,2003,BrkFace,HdBoard,None,0,TA,TA,CBlock,TA,TA,No,BLQ,297,68,1203,1568,Y,SBrkr,2156,0,0,2156,0,0,2,0,3,1,TA,9,Typ,1,Gd,1968,RFn,2,508,Gd,0,80,0,290,0,0,NA,0,6,2006,262500
1348,93,15306.29782,15306,Corner,1Fam,1Story,8,5,2006,2007,VinylSd,VinylSd,Stone,100,Gd,TA,PConc,Ex,TA,Gd,GLQ,80,0,1652,1732,Y,SBrkr,1776,0,0,1776,1,0,2,0,3,1,Gd,7,Typ,1,Gd,2006,Fin,3,712,TA,0,0,0,0,0,0,NA,0,5,2007,283463
1349,,16196.01526,16196,Inside,1Fam,1Story,7,5,1998,1998,VinylSd,VinylSd,None,0,Gd,TA,PConc,Gd,TA,Gd,GLQ,1443,0,39,1482,Y,SBrkr,1494,0,0,1494,1,0,2,0,3,1,Gd,5,Typ,1,Fa,1998,RFn,2,514,TA,402,25,0,0,0,0,NA,0,8,2007,215000
1350,50,5250.380794,5250,Inside,1Fam,2Story,8,5,1872,1987,MetalSd,MetalSd,None,0,TA,Gd,BrkTil,TA,Fa,No,LwQ,259,0,425,684,N,SBrkr,938,1215,205,2358,0,0,2,0,4,1,TA,8,Typ,0,NA,NA,NA,0,0,NA,0,54,20,0,0,0,NA,0,12,2008,122000
1351,91,11643.48546,11643,Inside,Duplex,2Story,5,5,1969,1969,MetalSd,MetalSd,BrkFace,368,TA,TA,CBlock,TA,TA,No,LwQ,500,0,748,1248,Y,SBrkr,1338,1296,0,2634,1,1,2,2,6,2,TA,12,Typ,0,NA,1969,Unf,4,968,TA,0,0,0,0,0,0,NA,0,8,2009,200000
1352,70,9247.38258,9247,Inside,1Fam,2Story,6,6,1962,1962,HdBoard,HdBoard,BrkFace,318,TA,TA,CBlock,TA,TA,No,Rec,319,0,539,858,Y,SBrkr,858,858,0,1716,0,0,1,1,4,1,TA,8,Typ,1,Gd,1962,Fin,2,490,TA,0,84,0,0,120,0,NA,0,3,2008,171000
1353,50,6000.009275,6000,Inside,1Fam,1.5Fin,6,9,1937,2000,MetalSd,MetalSd,None,0,Gd,TA,BrkTil,TA,TA,No,Unf,0,0,698,698,Y,SBrkr,786,390,0,1176,0,0,1,0,2,1,TA,4,Typ,0,NA,1999,Unf,2,624,TA,210,0,0,0,0,0,NA,0,7,2009,134900
1354,56,14720.66175,14720,CulDSac,1Fam,1.5Fin,8,5,1995,1996,VinylSd,VinylSd,BrkFace,579,Gd,TA,PConc,Gd,TA,Av,GLQ,816,0,1217,2033,Y,SBrkr,2053,1185,0,3238,1,0,2,1,4,1,Gd,9,Typ,1,Ex,1996,Fin,3,666,TA,283,86,0,0,0,0,NA,0,3,2010,410000
1355,,10316.22606,10316,Inside,1Fam,2Story,7,5,2000,2000,VinylSd,VinylSd,None,0,Gd,TA,PConc,Gd,TA,No,GLQ,735,0,257,992,Y,SBrkr,992,873,0,1865,1,0,2,1,3,1,Gd,7,Typ,1,TA,2000,RFn,3,839,TA,0,184,0,0,0,0,NA,0,6,2008,235000
1356,102,10192.5071,10192,Inside,1Fam,SLvl,7,6,1968,1992,MetalSd,MetalSd,BrkFace,143,TA,TA,CBlock,TA,TA,No,Unf,0,0,570,570,Y,SBrkr,1222,698,0,1920,0,0,3,0,4,1,Gd,8,Typ,1,TA,1968,RFn,2,487,TA,0,98,0,0,0,0,NA,0,9,2006,170000
1357,,9477.565139,9477,Corner,1Fam,1Story,5,5,1966,1966,HdBoard,HdBoard,BrkFace,65,TA,TA,CBlock,TA,TA,No,Rec,340,0,524,864,Y,SBrkr,892,0,0,892,0,0,1,0,3,1,TA,5,Typ,0,NA,1966,RFn,1,264,TA,0,0,0,0,0,0,NA,0,10,2008,110000
1358,,12537.11714,12537,CulDSac,1Fam,1Story,5,6,1971,2008,VinylSd,VinylSd,None,0,TA,TA,CBlock,TA,TA,No,GLQ,734,0,344,1078,Y,SBrkr,1078,0,0,1078,1,0,1,1,3,1,TA,6,Typ,1,Fa,1971,Fin,2,500,TA,0,0,0,0,0,0,NA,0,4,2010,149900
1359,,2117.164654,2117,Inside,Twnhs,2Story,6,5,2000,2000,MetalSd,MetalSd,BrkFace,216,Gd,TA,PConc,Gd,TA,No,GLQ,378,0,378,756,Y,SBrkr,769,804,0,1573,0,0,2,1,3,1,Gd,5,Typ,0,NA,2000,Unf,2,440,TA,0,32,0,0,0,0,NA,0,6,2010,177500
1360,129,16737.31953,16737,FR3,1Fam,1Story,9,5,2004,2005,VinylSd,VinylSd,BrkFace,66,Gd,TA,PConc,Ex,TA,Av,GLQ,1447,0,533,1980,Y,SBrkr,1980,0,0,1980,1,0,2,0,3,1,Ex,8,Typ,1,Gd,2004,Fin,3,770,TA,194,45,0,0,0,0,NA,0,9,2006,315000
1361,51,9842.657243,9842,Inside,1Fam,2Story,5,6,1921,1998,MetalSd,Wd Sdng,None,0,TA,TA,BrkTil,TA,Fa,No,Unf,0,0,612,612,Y,SBrkr,990,1611,0,2601,0,0,3,1,4,1,TA,8,Typ,0,NA,1998,RFn,2,621,TA,183,0,301,0,0,0,NA,0,5,2008,189000
1362,124,16158.35465,16158,Inside,1Fam,1Story,7,5,2005,2005,VinylSd,VinylSd,Stone,16,Gd,TA,PConc,Ex,TA,Av,ALQ,1274,0,256,1530,Y,SBrkr,1530,0,0,1530,1,0,2,0,3,1,Gd,7,Typ,1,Gd,2005,Fin,2,430,TA,168,36,0,0,0,0,NA,0,6,2009,260000
1363,,12513.59249,12513,FR2,1Fam,1.5Fin,4,4,1920,2007,VinylSd,VinylSd,None,0,TA,Gd,BrkTil,TA,Fa,No,Unf,0,0,715,715,Y,SBrkr,1281,457,0,1738,0,0,2,0,4,1,TA,7,Typ,1,Gd,1920,Unf,1,368,TA,55,0,0,0,0,0,NA,0,6,2009,104900
1364,73,8499.744214,8499,Inside,1Fam,2Story,6,5,2006,2007,VinylSd,VinylSd,None,0,TA,TA,PConc,Gd,TA,No,Unf,0,0,616,616,Y,SBrkr,616,796,0,1412,0,0,2,1,3,1,Gd,6,Typ,1,Gd,2007,Fin,2,432,TA,0,36,0,0,0,0,NA,0,3,2007,156932
1365,30,3180.089726,3180,Inside,TwnhsE,2Story,7,5,2005,2005,MetalSd,MetalSd,None,0,Gd,TA,PConc,Gd,TA,No,Unf,0,0,600,600,Y,SBrkr,520,600,80,1200,0,0,2,1,2,1,Gd,4,Typ,0,NA,2005,RFn,2,480,TA,0,166,0,0,0,0,NA,0,4,2006,144152
1366,,7500.801861,7500,Inside,1Fam,2Story,7,5,2000,2000,VinylSd,VinylSd,None,0,Gd,TA,PConc,Gd,TA,No,GLQ,533,0,281,814,Y,SBrkr,814,860,0,1674,1,0,2,1,3,1,Gd,7,Typ,0,NA,2000,RFn,2,663,TA,0,96,0,0,0,0,NA,0,1,2010,216000
1367,68,9179.135563,9179,Inside,1Fam,2Story,7,5,1999,1999,VinylSd,VinylSd,BrkFace,158,Gd,TA,PConc,Gd,TA,No,GLQ,633,0,240,873,Y,SBrkr,882,908,0,1790,1,0,2,1,3,1,Gd,7,Typ,0,NA,1999,RFn,2,588,TA,0,88,0,0,0,0,NA,0,6,2008,193000
1368,41,2665.583995,2665,Inside,TwnhsE,2Story,5,6,1977,1977,CemntBd,CmentBd,None,0,TA,TA,PConc,TA,TA,No,ALQ,548,173,36,757,Y,SBrkr,925,550,0,1475,0,0,2,0,4,1,TA,6,Typ,1,TA,1977,RFn,1,336,TA,104,26,0,0,0,0,NA,0,7,2006,127000
1369,,4435.005226,4435,Inside,TwnhsE,1Story,6,5,2003,2004,VinylSd,VinylSd,BrkFace,170,Gd,TA,PConc,Gd,TA,Av,GLQ,685,0,163,848,Y,SBrkr,848,0,0,848,1,0,1,0,1,1,Gd,4,Typ,0,NA,2003,Fin,2,420,TA,140,0,0,0,0,0,NA,0,6,2009,144000
1370,48,10635.46667,10635,FR2,1Fam,1Story,8,5,2003,2003,VinylSd,VinylSd,BrkFace,171,Gd,TA,PConc,Gd,TA,Av,BLQ,370,972,315,1657,Y,SBrkr,1668,0,0,1668,1,0,2,0,3,1,Gd,8,Typ,1,TA,2003,Fin,2,502,TA,0,262,0,0,0,0,NA,0,5,2010,232000
1371,90,5400.545571,5400,Corner,1Fam,1.5Fin,4,6,1920,1950,CBlock,CBlock,None,0,Fa,TA,PConc,TA,TA,No,ALQ,315,105,420,840,Y,SBrkr,840,534,0,1374,0,0,1,0,2,1,TA,6,Typ,0,NA,1967,Fin,1,338,TA,0,0,198,0,0,0,NA,0,10,2009,105000
1372,80,9600.339354,9600,Inside,1Fam,SLvl,6,6,1955,1996,AsbShng,AsbShng,None,0,TA,TA,CBlock,TA,TA,Av,BLQ,831,0,161,992,Y,SBrkr,1661,0,0,1661,1,0,1,0,3,1,Gd,8,Typ,1,TA,1955,RFn,1,377,TA,0,28,0,0,178,0,NA,0,10,2008,165500
1373,75,9750.413997,9750,Corner,1Fam,2Story,7,6,1998,1998,VinylSd,VinylSd,None,0,TA,TA,PConc,Gd,TA,Av,GLQ,975,0,133,1108,Y,SBrkr,1108,989,0,2097,1,0,2,1,3,1,Gd,8,Typ,1,TA,1998,RFn,2,583,TA,253,170,0,0,0,0,NA,0,6,2006,274300
1374,,11400.97733,11400,Inside,1Fam,1Story,10,5,2001,2002,VinylSd,VinylSd,BrkFace,705,Ex,TA,PConc,Ex,TA,Gd,GLQ,1282,0,1351,2633,Y,SBrkr,2633,0,0,2633,1,0,2,1,2,1,Ex,8,Typ,2,Gd,2001,RFn,3,804,TA,314,140,0,0,0,0,NA,0,3,2007,466500
1375,85,10625.92769,10625,Inside,1Fam,2Story,7,5,2005,2005,CemntBd,CmentBd,None,0,Gd,TA,PConc,Gd,TA,No,Unf,0,0,1026,1026,Y,SBrkr,1026,932,0,1958,0,0,2,1,3,1,Gd,9,Typ,1,Gd,2005,Fin,3,936,TA,154,210,0,0,0,0,NA,0,7,2008,250000
1376,89,10991.16823,10991,Inside,1Fam,1Story,8,5,2007,2007,VinylSd,VinylSd,BrkFace,80,Gd,TA,PConc,Gd,TA,Gd,Unf,0,0,1571,1571,Y,SBrkr,1571,0,0,1571,0,0,2,0,3,1,Gd,7,Typ,1,Gd,2007,Fin,3,722,TA,100,36,0,0,0,0,NA,0,12,2007,239000
1377,52,6292.501364,6292,Inside,1Fam,1Story,6,5,1930,1950,Wd Sdng,Wd Sdng,None,0,TA,TA,BrkTil,Gd,TA,Mn,Rec,384,0,384,768,N,SBrkr,790,0,0,790,0,0,1,0,2,1,TA,4,Typ,0,NA,1925,Unf,1,160,Fa,0,141,0,0,0,0,NA,0,4,2008,91000
1378,60,10998.8792,10998,Inside,1Fam,1.5Fin,5,5,1941,1960,Wd Sdng,Wd Sdng,None,0,TA,TA,CBlock,TA,TA,No,LwQ,408,420,156,984,Y,SBrkr,984,620,0,1604,0,0,2,0,3,1,TA,6,Min2,0,NA,1977,Unf,2,660,TA,0,68,0,0,0,0,NA,0,7,2009,117000
1379,21,1953.001526,1953,Inside,Twnhs,2Story,6,5,1973,1973,HdBoard,HdBoard,BrkFace,408,TA,TA,CBlock,TA,Fa,No,BLQ,309,0,174,483,Y,SBrkr,483,504,0,987,0,0,1,1,2,1,TA,5,Typ,0,NA,1973,Unf,1,264,TA,72,0,0,0,0,0,NA,0,6,2006,83000
1380,73,9735.243194,9735,Inside,1Fam,SLvl,5,5,2006,2007,VinylSd,VinylSd,None,0,TA,TA,PConc,Gd,TA,No,Unf,0,0,384,384,Y,NA,754,640,0,1394,0,0,2,1,3,1,Gd,7,Typ,0,NA,2007,Fin,2,400,TA,100,0,0,0,0,0,NA,0,5,2008,167500
1381,45,8212.937289,8212,Inside,1Fam,1Story,3,3,1914,1950,Stucco,Stucco,None,0,TA,Fa,BrkTil,TA,Fa,No,Rec,203,0,661,864,N,FuseF,864,0,0,864,1,0,1,0,2,1,TA,5,Typ,0,NA,1938,Unf,1,200,TA,0,0,96,0,0,0,NA,0,6,2010,58500
1382,,12925.57624,12925,Corner,1Fam,1Story,6,7,1970,1970,BrkFace,Plywood,None,0,TA,TA,CBlock,TA,TA,Mn,BLQ,865,0,340,1205,Y,SBrkr,2117,0,0,2117,0,0,2,1,4,1,TA,7,Typ,2,Gd,1970,Fin,2,550,TA,0,42,0,0,0,0,NA,0,5,2008,237500
1383,60,7200.6605,7200,Corner,1Fam,2Story,7,7,1920,1950,Wd Sdng,Wd Sdng,None,0,TA,TA,BrkTil,Fa,TA,No,Unf,0,0,596,596,Y,SBrkr,998,764,0,1762,1,0,1,1,4,1,Gd,8,Typ,0,NA,1989,Unf,2,576,TA,36,0,221,0,0,0,NA,0,10,2006,157000
1384,,25339.50199,25339,Inside,1Fam,1Story,5,7,1918,2007,Wd Sdng,Wd Sdng,None,0,TA,Gd,BrkTil,TA,TA,No,Unf,0,0,816,816,Y,SBrkr,1416,0,0,1416,0,0,2,0,3,1,Gd,7,Typ,0,NA,2007,Unf,2,576,TA,0,0,112,0,0,0,NA,0,8,2007,112000
1385,60,9060.533918,9060,Inside,1Fam,1.5Fin,6,5,1939,1950,WdShing,Wd Shng,None,0,TA,TA,BrkTil,TA,TA,Mn,Rec,204,0,356,560,Y,SBrkr,698,560,0,1258,0,0,1,0,2,1,TA,6,Typ,0,NA,1939,Unf,1,280,TA,0,0,0,0,0,0,NA,0,10,2009,105000
1386,40,5436.622791,5436,Inside,1Fam,1.5Fin,4,8,1922,2007,VinylSd,VinylSd,None,0,TA,Gd,BrkTil,TA,TA,No,BLQ,735,0,61,796,Y,SBrkr,796,358,0,1154,1,0,1,0,3,1,Gd,7,Typ,0,NA,1922,Unf,1,240,TA,0,96,0,0,0,0,NA,0,5,2010,125500
1387,80,16692.92022,16692,Inside,1Fam,2Story,7,5,1978,1978,Plywood,Plywood,BrkFace,184,TA,TA,CBlock,Gd,TA,No,BLQ,790,469,133,1392,Y,SBrkr,1392,1392,0,2784,1,0,3,1,5,1,Gd,12,Typ,2,TA,1978,RFn,2,564,TA,0,112,0,0,440,519,TenC,2000,7,2006,250000
1388,60,8520.932996,8520,Inside,1Fam,1.5Fin,6,7,1916,1950,Stucco,Stucco,None,0,TA,Gd,BrkTil,TA,TA,No,Rec,168,546,0,714,N,SBrkr,1664,862,0,2526,0,0,2,0,5,1,Gd,10,Typ,1,Gd,1916,Unf,1,216,TA,88,15,0,0,0,0,NA,0,8,2007,136000
1389,42,14892.37528,14892,CulDSac,1Fam,1Story,9,5,2006,2007,VinylSd,VinylSd,Stone,160,Ex,TA,PConc,Ex,TA,Gd,GLQ,1320,0,426,1746,Y,SBrkr,1746,0,0,1746,1,0,2,0,3,1,Ex,7,Typ,2,Gd,2006,Fin,3,758,TA,201,39,0,0,0,0,NA,0,10,2009,377500
1390,60,6000.294643,6000,Inside,1Fam,1.5Fin,6,6,1941,1950,Wd Sdng,Wd Sdng,None,0,TA,Gd,BrkTil,TA,Gd,No,ALQ,375,0,360,735,Y,SBrkr,869,349,0,1218,0,1,1,0,3,1,TA,6,Typ,1,Gd,2003,Unf,2,440,TA,0,0,0,0,0,0,NA,0,3,2007,131000
1391,70,9100.32769,9100,Inside,1Fam,1Story,7,5,2000,2000,VinylSd,VinylSd,BrkFace,244,Gd,TA,PConc,Gd,TA,Av,GLQ,1400,0,125,1525,Y,SBrkr,1525,0,0,1525,1,0,2,0,3,1,Gd,6,Typ,0,NA,2000,RFn,2,541,TA,219,36,0,0,0,0,NA,0,9,2006,235000
1392,65,8944.088781,8944,Inside,Duplex,1Story,5,5,1967,1967,Plywood,Plywood,None,0,TA,TA,CBlock,TA,TA,No,Unf,0,0,1584,1584,Y,SBrkr,1584,0,0,1584,0,0,2,0,4,2,TA,8,Mod,0,NA,1967,Unf,3,792,TA,0,152,0,0,0,0,NA,0,4,2009,124000
1393,68,7838.97785,7838,Inside,1Fam,SFoyer,5,5,1967,1967,HdBoard,HdBoard,None,0,TA,TA,CBlock,TA,TA,Av,ALQ,769,0,95,864,Y,SBrkr,900,0,0,900,1,0,1,0,3,1,TA,6,Typ,1,Po,1967,RFn,1,288,TA,175,144,0,0,0,0,NA,0,12,2006,123000
1394,60,10800.49848,10800,Inside,2fmCon,1.5Fin,6,7,1905,2000,Wd Sdng,Wd Sdng,None,0,TA,TA,BrkTil,Fa,TA,No,Unf,0,0,482,482,N,SBrkr,1221,691,0,1912,0,0,2,0,3,2,TA,7,Typ,1,TA,2003,Unf,2,672,Gd,0,25,212,0,0,0,NA,0,4,2008,163000
1395,53,4045.041028,4045,Inside,TwnhsE,1Story,7,5,2006,2006,VinylSd,VinylSd,BrkFace,45,Gd,TA,PConc,Gd,TA,Av,GLQ,1070,0,286,1356,Y,SBrkr,1500,0,0,1500,1,0,2,0,2,1,Gd,6,Typ,1,Gd,2006,Fin,3,648,TA,161,20,0,0,0,0,NA,0,10,2006,246578
1396,88,12665.47916,12665,Inside,1Fam,2Story,8,5,2005,2006,VinylSd,VinylSd,BrkFace,245,Gd,TA,PConc,Gd,Gd,Gd,Unf,0,0,1094,1094,Y,SBrkr,1133,1349,0,2482,0,0,2,1,4,1,Gd,9,Typ,1,Gd,2005,Fin,3,642,TA,144,39,0,0,0,0,NA,0,2,2007,281213
1397,,57200.13165,57200,Inside,1Fam,1Story,5,5,1948,1950,Wd Sdng,Wd Sdng,None,0,TA,TA,CBlock,TA,TA,Av,BLQ,353,334,60,747,Y,SBrkr,1687,0,0,1687,1,0,1,0,3,1,TA,7,Min1,2,TA,1966,Unf,2,572,TA,0,0,50,0,0,0,NA,0,6,2010,160000
1398,51,6120.114788,6120,Inside,1Fam,2Story,5,8,1920,2004,MetalSd,MetalSd,None,0,TA,TA,BrkTil,TA,TA,Mn,Unf,0,0,939,939,Y,SBrkr,939,574,0,1513,0,0,1,1,4,1,TA,8,Typ,0,NA,1933,Unf,1,180,Fa,24,0,150,0,0,0,NA,0,5,2007,137500
1399,60,7200.083265,7200,Inside,1Fam,1.5Fin,5,4,1950,1982,VinylSd,Wd Sdng,None,0,TA,TA,CBlock,TA,TA,No,Rec,180,352,676,1208,Y,FuseA,1136,768,0,1904,1,0,1,1,3,1,TA,7,Min1,0,NA,1950,Unf,1,240,TA,0,0,168,0,0,0,NA,0,5,2009,138000
1400,51,6171.859163,6171,Inside,1Fam,1.5Fin,6,6,1925,1990,WdShing,Wd Shng,None,0,TA,TA,BrkTil,TA,TA,No,BLQ,264,0,712,976,Y,SBrkr,1160,448,0,1608,0,0,2,1,3,1,Gd,7,Typ,1,Gd,1925,Unf,1,216,Fa,147,16,0,0,0,0,NA,0,10,2009,137450
1401,50,6000.818357,6000,Corner,1Fam,1.5Fin,6,7,1929,1950,WdShing,Wd Shng,None,0,TA,TA,BrkTil,TA,TA,No,Unf,0,0,862,862,Y,SBrkr,950,208,0,1158,0,0,1,0,3,1,TA,5,Typ,1,Gd,1929,RFn,1,208,TA,0,0,112,0,0,0,NA,0,7,2008,120000
1402,62,7415.811684,7415,Inside,1Fam,2Story,6,5,2004,2004,VinylSd,VinylSd,None,0,TA,TA,PConc,TA,TA,No,GLQ,759,0,80,839,Y,SBrkr,864,729,0,1593,1,0,2,1,3,1,TA,8,Typ,1,TA,2004,Fin,2,398,TA,100,75,0,0,0,0,NA,0,4,2008,193000
1403,64,6762.723965,6762,Inside,1Fam,1Story,7,5,2006,2006,VinylSd,VinylSd,None,0,Gd,TA,PConc,Gd,Gd,Av,Unf,0,0,1286,1286,Y,SBrkr,1294,0,0,1294,0,0,2,0,2,1,Gd,6,Typ,1,Gd,2006,RFn,2,662,TA,168,55,0,0,0,0,NA,0,7,2006,193879
1404,49,15256.19803,15256,CulDSac,1Fam,1Story,8,5,2007,2007,VinylSd,VinylSd,Stone,84,Gd,TA,PConc,Gd,TA,Gd,GLQ,929,0,556,1485,Y,SBrkr,1464,0,0,1464,1,0,2,0,3,1,Gd,6,Typ,0,NA,2007,Unf,3,754,TA,168,160,0,0,0,0,NA,0,8,2007,282922
1405,60,10410.00653,10410,Corner,1Fam,1.5Fin,3,4,1915,1950,Wd Sdng,Wd Sdng,None,0,TA,TA,PConc,TA,TA,No,Unf,0,0,672,672,Y,SBrkr,694,520,0,1214,0,0,1,0,3,1,TA,6,Typ,0,NA,1998,Unf,3,936,TA,216,0,160,0,0,0,NA,0,1,2006,105000
1406,44,3842.215921,3842,Inside,TwnhsE,1Story,8,5,2004,2005,CemntBd,CmentBd,Stone,174,Gd,TA,PConc,Ex,TA,Gd,GLQ,1373,0,221,1594,Y,SBrkr,1646,0,0,1646,1,1,2,0,2,1,Gd,5,Typ,1,Gd,2004,Fin,2,482,TA,128,53,0,0,155,0,NA,0,1,2008,275000
1407,70,8445.548897,8445,Corner,1Fam,SFoyer,5,7,1972,2007,HdBoard,Wd Shng,None,0,TA,TA,CBlock,Gd,TA,Av,GLQ,656,0,112,768,Y,SBrkr,768,0,0,768,1,0,1,0,2,1,TA,5,Typ,0,NA,1988,Unf,2,396,TA,58,0,0,0,0,0,NA,0,3,2009,133000
1408,,8780.291991,8780,Corner,1Fam,1Story,5,5,1985,1985,HdBoard,Plywood,None,0,TA,TA,CBlock,TA,TA,No,ALQ,625,0,208,833,Y,SBrkr,833,0,0,833,1,0,1,0,3,1,TA,5,Typ,0,NA,NA,NA,0,0,NA,0,0,0,0,0,0,NA,0,3,2009,112000
1409,60,7740.183416,7740,Inside,1Fam,2Story,4,7,1910,1950,VinylSd,VinylSd,None,0,TA,TA,CBlock,Fa,TA,No,Unf,0,0,622,622,Y,SBrkr,741,622,0,1363,0,0,1,0,3,1,TA,6,Typ,0,NA,1966,Unf,2,528,TA,0,0,0,0,168,0,NA,0,6,2010,125500
1410,46,20544.08196,20544,CulDSac,1Fam,2Story,7,6,1986,1991,Plywood,Plywood,BrkFace,123,TA,Gd,CBlock,Gd,TA,No,Unf,0,0,791,791,Y,SBrkr,1236,857,0,2093,0,0,2,1,3,1,TA,7,Typ,1,TA,1986,Fin,2,542,TA,364,63,0,0,0,0,NA,0,11,2008,215000
1411,79,12420.54066,12420,Inside,1Fam,2Story,7,5,2001,2001,VinylSd,VinylSd,None,0,Gd,TA,PConc,Gd,TA,No,GLQ,666,0,278,944,Y,SBrkr,944,896,0,1840,1,0,2,1,3,1,Gd,6,Typ,0,NA,2001,RFn,2,622,TA,0,45,0,0,0,0,NA,0,6,2009,230000
1412,80,9600.566698,9600,Inside,1Fam,1.5Fin,6,8,1950,2005,VinylSd,VinylSd,None,0,TA,Gd,CBlock,TA,TA,No,BLQ,120,0,736,856,Y,SBrkr,1112,556,0,1668,0,0,1,1,3,1,TA,6,Min2,0,NA,1950,Unf,1,271,TA,0,0,0,0,0,0,NA,0,9,2009,140000
1413,60,7200.198644,7200,Inside,Duplex,1Story,4,5,1949,1950,BrkFace,Stone,None,0,TA,TA,Slab,NA,NA,NA,NA,0,0,0,0,N,FuseF,1040,0,0,1040,0,0,2,0,2,2,TA,6,Typ,0,NA,1956,Unf,2,420,TA,0,0,0,0,0,0,NA,0,6,2009,90000
1414,88,10994.76138,10994,Corner,1Fam,1Story,8,5,2005,2006,VinylSd,VinylSd,Stone,366,Gd,TA,PConc,Gd,Gd,No,GLQ,976,0,868,1844,Y,SBrkr,1844,0,0,1844,1,0,2,0,2,1,Gd,7,Typ,1,Gd,2005,Fin,2,620,TA,165,44,0,0,0,0,NA,0,9,2009,257000
1415,64,13053.41212,13053,Inside,1Fam,1.5Fin,6,7,1923,2000,Wd Sdng,Wd Sdng,None,0,TA,TA,BrkTil,TA,TA,No,Unf,0,0,833,833,Y,SBrkr,1053,795,0,1848,0,0,1,1,4,1,Gd,8,Typ,1,Gd,1922,Unf,2,370,TA,0,0,0,0,220,0,NA,0,6,2008,207000
1416,51,3635.604277,3635,Inside,TwnhsE,1Story,7,5,2007,2007,VinylSd,VinylSd,BrkFace,130,Gd,TA,PConc,Gd,TA,No,ALQ,988,0,398,1386,Y,SBrkr,1569,0,0,1569,0,1,2,0,1,1,Gd,7,Typ,1,TA,2007,RFn,3,660,TA,143,20,0,0,0,0,NA,0,5,2009,175900
1417,60,11340.36734,11340,Inside,2fmCon,2Story,4,6,1885,1950,VinylSd,AsbShng,None,0,TA,TA,PConc,TA,TA,No,Unf,0,0,777,777,Y,SBrkr,1246,1044,0,2290,0,0,2,0,4,2,TA,11,Typ,0,NA,1971,Unf,2,560,TA,0,0,114,0,0,0,NA,0,4,2010,122500
1418,,16545.84202,16545,Inside,1Fam,2Story,8,5,1998,1998,VinylSd,VinylSd,BrkFace,731,Gd,TA,PConc,Gd,TA,Mn,GLQ,781,0,503,1284,Y,SBrkr,1310,1140,0,2450,1,0,2,1,3,1,Gd,7,Typ,1,TA,1998,Fin,3,1069,TA,0,126,0,0,0,0,NA,0,5,2009,340000
1419,71,9204.509668,9204,Inside,1Fam,1Story,5,5,1963,1963,HdBoard,HdBoard,None,0,TA,TA,CBlock,TA,TA,No,BLQ,25,872,247,1144,Y,SBrkr,1144,0,0,1144,1,0,1,1,3,1,TA,6,Typ,0,NA,1962,Unf,1,336,TA,0,88,0,0,0,0,NA,0,8,2008,124000
1420,,16381.32567,16381,Inside,1Fam,1Story,6,5,1969,1969,Plywood,Plywood,BrkFace,312,Gd,Gd,CBlock,TA,TA,Av,Rec,1110,0,734,1844,Y,SBrkr,1844,0,0,1844,1,0,2,0,3,1,Gd,7,Typ,1,TA,1969,RFn,2,540,TA,0,73,216,0,0,0,NA,0,12,2006,223000
1421,90,11700.80826,11700,Corner,1Fam,2Story,6,6,1968,1968,HdBoard,HdBoard,BrkFace,420,TA,TA,CBlock,TA,TA,No,ALQ,404,0,304,708,Y,SBrkr,708,708,0,1416,0,0,2,1,3,1,TA,7,Typ,1,TA,1968,RFn,2,776,TA,0,169,0,0,119,0,NA,0,5,2006,179900
1422,53,4043.300231,4043,Inside,TwnhsE,1Story,6,5,1977,1977,Plywood,Plywood,None,0,TA,TA,CBlock,Gd,TA,No,ALQ,360,0,709,1069,Y,SBrkr,1069,0,0,1069,0,0,2,0,2,1,TA,4,Typ,1,Fa,1977,RFn,2,440,TA,0,55,0,0,165,0,NA,0,7,2010,127500
1423,37,4435.834879,4435,Inside,TwnhsE,1Story,6,5,2003,2003,VinylSd,VinylSd,BrkFace,170,Gd,TA,PConc,Gd,TA,Av,GLQ,686,0,162,848,Y,SBrkr,848,0,0,848,1,0,1,0,1,1,Gd,3,Typ,0,NA,2003,Fin,2,420,TA,140,0,0,0,0,0,NA,0,3,2008,136500
1424,,19690.56052,19690,CulDSac,1Fam,SLvl,6,7,1966,1966,Plywood,Plywood,None,0,Gd,Gd,CBlock,Gd,TA,Av,Unf,0,0,697,697,Y,SBrkr,1575,626,0,2201,0,0,2,0,4,1,Gd,8,Typ,1,Gd,1966,Unf,2,432,Gd,586,236,0,0,0,738,NA,0,8,2006,274970
1425,,9503.677401,9503,Inside,1Fam,1Story,5,5,1958,1983,HdBoard,HdBoard,None,0,TA,TA,CBlock,TA,TA,No,ALQ,457,374,193,1024,Y,SBrkr,1344,0,0,1344,1,0,1,0,2,1,TA,6,Min1,1,TA,1970,Unf,1,484,TA,316,28,0,0,0,0,NA,0,6,2007,144000
1426,80,10721.88908,10721,Inside,1Fam,1Story,6,6,1959,1959,HdBoard,HdBoard,Stone,243,Gd,TA,CBlock,TA,TA,No,Unf,0,0,1252,1252,Y,SBrkr,1252,0,0,1252,0,0,1,0,3,1,Gd,7,Typ,0,NA,1960,Unf,2,528,TA,0,39,0,0,0,0,NA,0,10,2008,142000
1427,81,10944.12065,10944,Inside,1Fam,2Story,7,5,1994,1994,VinylSd,VinylSd,BrkFace,448,Gd,TA,PConc,Gd,TA,No,GLQ,1000,0,223,1223,Y,SBrkr,1223,904,0,2127,1,0,2,1,3,1,Gd,5,Typ,2,TA,1994,RFn,2,525,TA,171,132,0,0,0,0,NA,0,8,2008,271000
1428,60,10930.94502,10930,Inside,1Fam,1.5Fin,5,6,1945,1950,MetalSd,MetalSd,None,0,TA,TA,CBlock,TA,TA,No,BLQ,580,0,333,913,Y,FuseA,1048,510,0,1558,1,0,1,1,3,1,TA,6,Typ,1,TA,1962,Unf,1,288,TA,0,0,0,0,0,0,NA,0,4,2008,140000
1429,60,7200.29803,7200,Corner,1Fam,1Story,5,7,1940,1992,MetalSd,MetalSd,Stone,294,TA,Gd,CBlock,TA,TA,No,BLQ,510,0,278,788,Y,SBrkr,804,0,0,804,1,0,1,0,2,1,Gd,4,Typ,2,Gd,1940,Unf,1,240,TA,0,0,154,0,0,0,NA,0,2,2010,119000
1430,,12546.7718,12546,Corner,1Fam,1Story,6,7,1981,1981,MetalSd,MetalSd,BrkFace,310,Gd,Gd,CBlock,Gd,TA,No,BLQ,678,0,762,1440,Y,SBrkr,1440,0,0,1440,0,0,2,0,3,1,Gd,7,Typ,1,TA,1981,Fin,2,467,TA,0,0,99,0,0,0,NA,0,4,2007,182900
1431,60,21930.44201,21930,Inside,1Fam,2Story,5,5,2005,2005,VinylSd,VinylSd,None,0,Gd,TA,PConc,Gd,Gd,Av,Unf,0,0,732,732,Y,SBrkr,734,1104,0,1838,0,0,2,1,4,1,TA,7,Typ,1,Gd,2005,Fin,2,372,TA,100,40,0,0,0,0,NA,0,7,2006,192140
1432,,4928.702242,4928,Inside,TwnhsE,1Story,6,6,1976,1976,Plywood,Plywood,None,0,TA,TA,CBlock,Gd,TA,No,LwQ,958,0,0,958,Y,SBrkr,958,0,0,958,0,0,2,0,2,1,TA,5,Typ,0,NA,1976,RFn,2,440,TA,0,60,0,0,0,0,NA,0,10,2009,143750
1433,60,10800.18556,10800,Inside,1Fam,1Story,4,6,1927,2007,Wd Sdng,Wd Sdng,None,0,TA,TA,BrkTil,TA,TA,No,Unf,0,0,656,656,Y,SBrkr,968,0,0,968,0,0,2,0,4,1,TA,5,Typ,0,NA,1928,Unf,1,216,Fa,0,0,0,0,0,0,NA,0,8,2007,64500
1434,93,10261.60208,10261,Inside,1Fam,2Story,6,5,2000,2000,VinylSd,VinylSd,BrkFace,318,TA,TA,PConc,Gd,TA,No,Unf,0,0,936,936,Y,SBrkr,962,830,0,1792,1,0,2,1,3,1,TA,8,Typ,1,TA,2000,Fin,2,451,TA,0,0,0,0,0,0,NA,0,5,2008,186500
1435,80,17400.54197,17400,Inside,1Fam,1Story,5,5,1977,1977,BrkFace,BrkFace,None,0,TA,TA,CBlock,TA,TA,No,ALQ,936,0,190,1126,Y,SBrkr,1126,0,0,1126,1,0,2,0,3,1,TA,5,Typ,1,Gd,1977,RFn,2,484,TA,295,41,0,0,0,0,NA,0,5,2006,160000
1436,80,8400.880052,8400,Inside,1Fam,1Story,6,9,1962,2005,Wd Sdng,Wd Sdng,BrkFace,237,Gd,Gd,CBlock,TA,TA,No,Unf,0,0,1319,1319,Y,SBrkr,1537,0,0,1537,1,0,1,1,3,1,Gd,7,Typ,1,Gd,1962,RFn,2,462,TA,0,36,0,0,0,0,NA,0,7,2008,174000
1437,60,9000.618576,9000,FR2,1Fam,1Story,4,6,1971,1971,HdBoard,HdBoard,None,0,TA,TA,PConc,TA,TA,No,ALQ,616,0,248,864,Y,SBrkr,864,0,0,864,0,0,1,0,3,1,TA,5,Typ,0,NA,1974,Unf,2,528,TA,0,0,0,0,0,0,NA,0,5,2007,120500
1438,96,12444.35128,12444,FR2,1Fam,1Story,8,5,2008,2008,VinylSd,VinylSd,Stone,426,Ex,TA,PConc,Ex,TA,Av,GLQ,1336,0,596,1932,Y,SBrkr,1932,0,0,1932,1,0,2,0,2,1,Ex,7,Typ,1,Gd,2008,Fin,3,774,TA,0,66,0,304,0,0,NA,0,11,2008,394617
1439,90,7407.909076,7407,Inside,1Fam,1Story,6,7,1957,1996,MetalSd,MetalSd,None,0,TA,TA,CBlock,TA,TA,No,GLQ,600,0,312,912,Y,FuseA,1236,0,0,1236,1,0,1,0,2,1,TA,6,Typ,0,NA,1957,Unf,2,923,TA,0,158,158,0,0,0,NA,0,4,2010,149700
1440,80,11584.04858,11584,Inside,1Fam,SLvl,7,6,1979,1979,HdBoard,HdBoard,BrkFace,96,TA,TA,CBlock,TA,TA,No,GLQ,315,110,114,539,Y,SBrkr,1040,685,0,1725,0,0,2,1,3,1,TA,6,Typ,1,TA,1979,RFn,2,550,TA,0,88,216,0,0,0,NA,0,11,2007,197000
1441,79,11526.71727,11526,Inside,1Fam,2.5Fin,6,7,1922,1994,MetalSd,MetalSd,None,0,TA,TA,BrkTil,Ex,TA,No,Unf,0,0,588,588,Y,SBrkr,1423,748,384,2555,0,0,2,0,3,1,TA,11,Min1,1,Gd,1993,Fin,2,672,TA,431,0,0,0,0,0,NA,0,9,2008,191000
1442,,4426.187808,4426,Inside,TwnhsE,1Story,6,5,2004,2004,VinylSd,VinylSd,BrkFace,147,Gd,TA,PConc,Gd,TA,Av,GLQ,697,0,151,848,Y,SBrkr,848,0,0,848,1,0,1,0,1,1,Gd,3,Typ,1,TA,2004,RFn,2,420,TA,149,0,0,0,0,0,NA,0,5,2008,149300
1443,85,11003.65626,11003,Inside,1Fam,2Story,10,5,2008,2008,VinylSd,VinylSd,Stone,160,Ex,TA,PConc,Ex,TA,Av,GLQ,765,0,252,1017,Y,SBrkr,1026,981,0,2007,1,0,2,1,3,1,Ex,10,Typ,1,Ex,2008,Fin,3,812,TA,168,52,0,0,0,0,NA,0,4,2009,310000
1444,,8854.29195,8854,Inside,1Fam,1.5Unf,6,6,1916,1950,Wd Sdng,Wd Sdng,None,0,TA,TA,BrkTil,TA,TA,No,Unf,0,0,952,952,N,FuseF,952,0,0,952,0,0,1,0,2,1,Fa,4,Typ,1,Gd,1916,Unf,1,192,Fa,0,98,0,0,40,0,NA,0,5,2009,121000
1445,63,8500.956068,8500,FR2,1Fam,1Story,7,5,2004,2004,VinylSd,VinylSd,BrkFace,106,Gd,TA,PConc,Gd,TA,Av,Unf,0,0,1422,1422,Y,SBrkr,1422,0,0,1422,0,0,2,0,3,1,Gd,7,Typ,0,NA,2004,RFn,2,626,TA,192,60,0,0,0,0,NA,0,11,2007,179600
1446,70,8400.624742,8400,Inside,1Fam,SFoyer,6,5,1966,1966,VinylSd,VinylSd,None,0,TA,TA,CBlock,TA,TA,Gd,LwQ,187,627,0,814,Y,SBrkr,913,0,0,913,1,0,1,0,3,1,TA,6,Typ,0,NA,1990,Unf,1,240,TA,0,0,252,0,0,0,NA,0,5,2007,129000
1447,,26142.41926,26142,CulDSac,1Fam,1Story,5,7,1962,1962,HdBoard,HdBoard,BrkFace,189,TA,TA,CBlock,TA,TA,No,Rec,593,0,595,1188,Y,SBrkr,1188,0,0,1188,0,0,1,0,3,1,TA,6,Typ,0,NA,1962,Unf,1,312,TA,261,39,0,0,0,0,NA,0,4,2010,157900
1448,80,10000.56858,10000,Inside,1Fam,2Story,8,5,1995,1996,VinylSd,VinylSd,BrkFace,438,Gd,TA,PConc,Gd,TA,No,GLQ,1079,0,141,1220,Y,SBrkr,1220,870,0,2090,1,0,2,1,3,1,Gd,8,Typ,1,TA,1995,RFn,2,556,TA,0,65,0,0,0,0,NA,0,12,2007,240000
1449,70,11767.65951,11767,Inside,1Fam,2Story,4,7,1910,2000,MetalSd,HdBoard,None,0,TA,TA,CBlock,Fa,TA,No,Unf,0,0,560,560,N,SBrkr,796,550,0,1346,0,0,1,1,2,1,TA,6,Min2,0,NA,1950,Unf,1,384,Fa,168,24,0,0,0,0,NA,0,5,2007,112000
1450,21,1533.969374,1533,Inside,Twnhs,SFoyer,5,7,1970,1970,CemntBd,CmentBd,None,0,TA,TA,CBlock,Gd,TA,Av,GLQ,553,0,77,630,Y,SBrkr,630,0,0,630,1,0,1,0,1,1,Ex,3,Typ,0,NA,NA,NA,0,0,NA,0,0,0,0,0,0,NA,0,8,2006,92000
1451,60,9000.818415,9000,FR2,Duplex,2Story,5,5,1974,1974,VinylSd,VinylSd,None,0,TA,TA,CBlock,Gd,TA,No,Unf,0,0,896,896,Y,SBrkr,896,896,0,1792,0,0,2,2,4,2,TA,8,Typ,0,NA,NA,NA,0,0,NA,32,45,0,0,0,0,NA,0,9,2009,136000
1452,78,9262.159488,9262,Inside,1Fam,1Story,8,5,2008,2009,CemntBd,CmentBd,Stone,194,Gd,TA,PConc,Gd,TA,No,Unf,0,0,1573,1573,Y,SBrkr,1578,0,0,1578,0,0,2,0,3,1,Ex,7,Typ,1,Gd,2008,Fin,3,840,TA,0,36,0,0,0,0,NA,0,5,2009,287090
1453,35,3675.308657,3675,Inside,TwnhsE,SLvl,5,5,2005,2005,VinylSd,VinylSd,BrkFace,80,TA,TA,PConc,Gd,TA,Gd,GLQ,547,0,0,547,Y,SBrkr,1072,0,0,1072,1,0,1,0,2,1,TA,5,Typ,0,NA,2005,Fin,2,525,TA,0,28,0,0,0,0,NA,0,5,2006,145000
1454,90,17217.83188,17217,Inside,1Fam,1Story,5,5,2006,2006,VinylSd,VinylSd,None,0,TA,TA,PConc,Gd,TA,No,Unf,0,0,1140,1140,Y,SBrkr,1140,0,0,1140,0,0,1,0,3,1,TA,6,Typ,0,NA,NA,NA,0,0,NA,36,56,0,0,0,0,NA,0,7,2006,84500
1455,62,7500.508651,7500,Inside,1Fam,1Story,7,5,2004,2005,VinylSd,VinylSd,None,0,Gd,TA,PConc,Gd,TA,No,GLQ,410,0,811,1221,Y,SBrkr,1221,0,0,1221,1,0,2,0,2,1,Gd,6,Typ,0,NA,2004,RFn,2,400,TA,0,113,0,0,0,0,NA,0,10,2009,185000
1456,62,7917.976179,7917,Inside,1Fam,2Story,6,5,1999,2000,VinylSd,VinylSd,None,0,TA,TA,PConc,Gd,TA,No,Unf,0,0,953,953,Y,SBrkr,953,694,0,1647,0,0,2,1,3,1,TA,7,Typ,1,TA,1999,RFn,2,460,TA,0,40,0,0,0,0,NA,0,8,2007,175000
1457,85,13175.41991,13175,Inside,1Fam,1Story,6,6,1978,1988,Plywood,Plywood,Stone,119,TA,TA,CBlock,Gd,TA,No,ALQ,790,163,589,1542,Y,SBrkr,2073,0,0,2073,1,0,2,0,3,1,TA,7,Min1,2,TA,1978,Unf,2,500,TA,349,0,0,0,0,0,NA,0,2,2010,210000
1458,66,9042.080257,9042,Inside,1Fam,2Story,7,9,1941,2006,CemntBd,CmentBd,None,0,Ex,Gd,Stone,TA,Gd,No,GLQ,275,0,877,1152,Y,SBrkr,1188,1152,0,2340,0,0,2,0,4,1,Gd,9,Typ,2,Gd,1941,RFn,1,252,TA,0,60,0,0,0,0,Shed,2500,5,2010,266500
1459,68,9717.480627,9717,Inside,1Fam,1Story,5,6,1950,1996,MetalSd,MetalSd,None,0,TA,TA,CBlock,TA,TA,Mn,GLQ,49,1029,0,1078,Y,FuseA,1078,0,0,1078,1,0,1,0,2,1,Gd,5,Typ,0,NA,1950,Unf,1,240,TA,366,0,112,0,0,0,NA,0,4,2010,142125
1460,75,9937.957392,9937,Inside,1Fam,1Story,5,6,1965,1965,HdBoard,HdBoard,None,0,Gd,TA,CBlock,TA,TA,No,BLQ,830,290,136,1256,Y,SBrkr,1256,0,0,1256,1,0,1,1,3,1,TA,6,Typ,0,NA,1965,Fin,1,276,TA,736,68,0,0,0,0,NA,0,6,2008,147500